Using a 9-train / 3-test FIXED subset of Task 7's original scenes: ['scene_0000', 'scene_0001', 'scene_0002', 'scene_0003', 'scene_0004', 'scene_0006', 'scene_0008', 'scene_0009', 'scene_0010', 'scene_0005', 'scene_0007', 'scene_0014']
Warning: You are sending unauthenticated requests to the HF Hub. Please set a HF_TOKEN to enable higher rate limits and faster downloads.
Loading weights:   0%|          | 0/587 [00:00<?, ?it/s]Loading weights:  25%|██▍       | 144/587 [00:00<00:00, 1432.16it/s]Loading weights:  51%|█████     | 298/587 [00:00<00:00, 1493.78it/s]Loading weights: 100%|██████████| 587/587 [00:00<00:00, 2113.17it/s]
num_frames=  4  r2=-0.8555  cosine=0.9086  persistence_r2=-0.0299  (this frame count took 45s, total_elapsed=45s)
00:00.805  render           | Saved: '/tmp/tmpmmcjxyph/frame_0000_depth.png'
00:00.805  render           | Saved: '/tmp/tmpmmcjxyph/frame_0000_seg.png'
00:00.906  render           | Saved: '/tmp/tmpmmcjxyph/frame_0000_rgb.png'
00:01.338  render           | Saved: '/tmp/tmpmmcjxyph/frame_0001_seg.png'
00:01.339  render           | Saved: '/tmp/tmpmmcjxyph/frame_0001_depth.png'
00:01.342  render           | Saved: '/tmp/tmpmmcjxyph/frame_0001_rgb.png'
00:01.763  render           | Saved: '/tmp/tmpmmcjxyph/frame_0002_seg.png'
00:01.764  render           | Saved: '/tmp/tmpmmcjxyph/frame_0002_depth.png'
00:01.767  render           | Saved: '/tmp/tmpmmcjxyph/frame_0002_rgb.png'
00:02.187  render           | Saved: '/tmp/tmpmmcjxyph/frame_0003_depth.png'
00:02.188  render           | Saved: '/tmp/tmpmmcjxyph/frame_0003_seg.png'
00:02.191  render           | Saved: '/tmp/tmpmmcjxyph/frame_0003_rgb.png'
00:02.608  render           | Saved: '/tmp/tmpmmcjxyph/frame_0004_depth.png'
00:02.609  render           | Saved: '/tmp/tmpmmcjxyph/frame_0004_seg.png'
00:02.611  render           | Saved: '/tmp/tmpmmcjxyph/frame_0004_rgb.png'
00:03.040  render           | Saved: '/tmp/tmpmmcjxyph/frame_0005_depth.png'
00:03.040  render           | Saved: '/tmp/tmpmmcjxyph/frame_0005_seg.png'
00:03.043  render           | Saved: '/tmp/tmpmmcjxyph/frame_0005_rgb.png'
00:03.465  render           | Saved: '/tmp/tmpmmcjxyph/frame_0006_depth.png'
00:03.466  render           | Saved: '/tmp/tmpmmcjxyph/frame_0006_seg.png'
00:03.469  render           | Saved: '/tmp/tmpmmcjxyph/frame_0006_rgb.png'
00:03.890  render           | Saved: '/tmp/tmpmmcjxyph/frame_0007_depth.png'
00:03.891  render           | Saved: '/tmp/tmpmmcjxyph/frame_0007_seg.png'
00:03.894  render           | Saved: '/tmp/tmpmmcjxyph/frame_0007_rgb.png'
00:04.311  render           | Saved: '/tmp/tmpmmcjxyph/frame_0008_depth.png'
00:04.312  render           | Saved: '/tmp/tmpmmcjxyph/frame_0008_seg.png'
00:04.315  render           | Saved: '/tmp/tmpmmcjxyph/frame_0008_rgb.png'
00:04.777  render           | Saved: '/tmp/tmpmmcjxyph/frame_0009_seg.png'
00:04.777  render           | Saved: '/tmp/tmpmmcjxyph/frame_0009_depth.png'
00:04.780  render           | Saved: '/tmp/tmpmmcjxyph/frame_0009_rgb.png'
00:05.210  render           | Saved: '/tmp/tmpmmcjxyph/frame_0010_seg.png'
00:05.211  render           | Saved: '/tmp/tmpmmcjxyph/frame_0010_depth.png'
00:05.214  render           | Saved: '/tmp/tmpmmcjxyph/frame_0010_rgb.png'
00:05.630  render           | Saved: '/tmp/tmpmmcjxyph/frame_0011_seg.png'
00:05.631  render           | Saved: '/tmp/tmpmmcjxyph/frame_0011_depth.png'
00:05.634  render           | Saved: '/tmp/tmpmmcjxyph/frame_0011_rgb.png'
00:06.102  render           | Saved: '/tmp/tmpmmcjxyph/frame_0012_depth.png'
00:06.103  render           | Saved: '/tmp/tmpmmcjxyph/frame_0012_seg.png'
00:06.106  render           | Saved: '/tmp/tmpmmcjxyph/frame_0012_rgb.png'
00:06.523  render           | Saved: '/tmp/tmpmmcjxyph/frame_0013_depth.png'
00:06.523  render           | Saved: '/tmp/tmpmmcjxyph/frame_0013_seg.png'
00:06.526  render           | Saved: '/tmp/tmpmmcjxyph/frame_0013_rgb.png'
00:06.954  render           | Saved: '/tmp/tmpmmcjxyph/frame_0014_depth.png'
00:06.955  render           | Saved: '/tmp/tmpmmcjxyph/frame_0014_seg.png'
00:06.958  render           | Saved: '/tmp/tmpmmcjxyph/frame_0014_rgb.png'
00:07.374  render           | Saved: '/tmp/tmpmmcjxyph/frame_0015_depth.png'
00:07.375  render           | Saved: '/tmp/tmpmmcjxyph/frame_0015_seg.png'
00:07.378  render           | Saved: '/tmp/tmpmmcjxyph/frame_0015_rgb.png'
00:07.884  render           | Saved: '/tmp/tmplamsbivr/frame_0000_depth.png'
00:07.885  render           | Saved: '/tmp/tmplamsbivr/frame_0000_seg.png'
00:07.888  render           | Saved: '/tmp/tmplamsbivr/frame_0000_rgb.png'
00:08.317  render           | Saved: '/tmp/tmplamsbivr/frame_0001_seg.png'
00:08.318  render           | Saved: '/tmp/tmplamsbivr/frame_0001_depth.png'
00:08.322  render           | Saved: '/tmp/tmplamsbivr/frame_0001_rgb.png'
00:08.757  render           | Saved: '/tmp/tmplamsbivr/frame_0002_seg.png'
00:08.758  render           | Saved: '/tmp/tmplamsbivr/frame_0002_depth.png'
00:08.761  render           | Saved: '/tmp/tmplamsbivr/frame_0002_rgb.png'
00:09.188  render           | Saved: '/tmp/tmplamsbivr/frame_0003_depth.png'
00:09.189  render           | Saved: '/tmp/tmplamsbivr/frame_0003_seg.png'
00:09.192  render           | Saved: '/tmp/tmplamsbivr/frame_0003_rgb.png'
00:09.619  render           | Saved: '/tmp/tmplamsbivr/frame_0004_depth.png'
00:09.620  render           | Saved: '/tmp/tmplamsbivr/frame_0004_seg.png'
00:09.624  render           | Saved: '/tmp/tmplamsbivr/frame_0004_rgb.png'
00:10.080  render           | Saved: '/tmp/tmplamsbivr/frame_0005_depth.png'
00:10.081  render           | Saved: '/tmp/tmplamsbivr/frame_0005_seg.png'
00:10.084  render           | Saved: '/tmp/tmplamsbivr/frame_0005_rgb.png'
00:10.518  render           | Saved: '/tmp/tmplamsbivr/frame_0006_depth.png'
00:10.518  render           | Saved: '/tmp/tmplamsbivr/frame_0006_seg.png'
00:10.521  render           | Saved: '/tmp/tmplamsbivr/frame_0006_rgb.png'
00:10.942  render           | Saved: '/tmp/tmplamsbivr/frame_0007_depth.png'
00:10.943  render           | Saved: '/tmp/tmplamsbivr/frame_0007_seg.png'
00:10.946  render           | Saved: '/tmp/tmplamsbivr/frame_0007_rgb.png'
00:11.381  render           | Saved: '/tmp/tmplamsbivr/frame_0008_depth.png'
00:11.382  render           | Saved: '/tmp/tmplamsbivr/frame_0008_seg.png'
00:11.385  render           | Saved: '/tmp/tmplamsbivr/frame_0008_rgb.png'
00:11.814  render           | Saved: '/tmp/tmplamsbivr/frame_0009_seg.png'
00:11.814  render           | Saved: '/tmp/tmplamsbivr/frame_0009_depth.png'
00:11.817  render           | Saved: '/tmp/tmplamsbivr/frame_0009_rgb.png'
00:12.237  render           | Saved: '/tmp/tmplamsbivr/frame_0010_seg.png'
00:12.238  render           | Saved: '/tmp/tmplamsbivr/frame_0010_depth.png'
00:12.241  render           | Saved: '/tmp/tmplamsbivr/frame_0010_rgb.png'
00:12.664  render           | Saved: '/tmp/tmplamsbivr/frame_0011_seg.png'
00:12.665  render           | Saved: '/tmp/tmplamsbivr/frame_0011_depth.png'
00:12.668  render           | Saved: '/tmp/tmplamsbivr/frame_0011_rgb.png'
00:13.104  render           | Saved: '/tmp/tmplamsbivr/frame_0012_depth.png'
00:13.105  render           | Saved: '/tmp/tmplamsbivr/frame_0012_seg.png'
00:13.108  render           | Saved: '/tmp/tmplamsbivr/frame_0012_rgb.png'
00:13.548  render           | Saved: '/tmp/tmplamsbivr/frame_0013_depth.png'
00:13.549  render           | Saved: '/tmp/tmplamsbivr/frame_0013_seg.png'
00:13.552  render           | Saved: '/tmp/tmplamsbivr/frame_0013_rgb.png'
00:14.003  render           | Saved: '/tmp/tmplamsbivr/frame_0014_depth.png'
00:14.004  render           | Saved: '/tmp/tmplamsbivr/frame_0014_seg.png'
00:14.006  render           | Saved: '/tmp/tmplamsbivr/frame_0014_rgb.png'
00:14.428  render           | Saved: '/tmp/tmplamsbivr/frame_0015_depth.png'
00:14.429  render           | Saved: '/tmp/tmplamsbivr/frame_0015_seg.png'
00:14.432  render           | Saved: '/tmp/tmplamsbivr/frame_0015_rgb.png'
00:27.769  render           | Saved: '/tmp/tmp1vjbta52/frame_0000_depth.png'
00:27.769  render           | Saved: '/tmp/tmp1vjbta52/frame_0000_seg.png'
00:27.772  render           | Saved: '/tmp/tmp1vjbta52/frame_0000_rgb.png'
00:28.165  render           | Saved: '/tmp/tmp1vjbta52/frame_0001_depth.png'
00:28.166  render           | Saved: '/tmp/tmp1vjbta52/frame_0001_seg.png'
00:28.170  render           | Saved: '/tmp/tmp1vjbta52/frame_0001_rgb.png'
00:28.566  render           | Saved: '/tmp/tmp1vjbta52/frame_0002_seg.png'
00:28.567  render           | Saved: '/tmp/tmp1vjbta52/frame_0002_depth.png'
00:28.571  render           | Saved: '/tmp/tmp1vjbta52/frame_0002_rgb.png'
00:28.969  render           | Saved: '/tmp/tmp1vjbta52/frame_0003_seg.png'
00:28.969  render           | Saved: '/tmp/tmp1vjbta52/frame_0003_depth.png'
00:28.972  render           | Saved: '/tmp/tmp1vjbta52/frame_0003_rgb.png'
00:29.374  render           | Saved: '/tmp/tmp1vjbta52/frame_0004_depth.png'
00:29.374  render           | Saved: '/tmp/tmp1vjbta52/frame_0004_seg.png'
00:29.377  render           | Saved: '/tmp/tmp1vjbta52/frame_0004_rgb.png'
00:29.778  render           | Saved: '/tmp/tmp1vjbta52/frame_0005_depth.png'
00:29.779  render           | Saved: '/tmp/tmp1vjbta52/frame_0005_seg.png'
00:29.782  render           | Saved: '/tmp/tmp1vjbta52/frame_0005_rgb.png'
00:30.175  render           | Saved: '/tmp/tmp1vjbta52/frame_0006_depth.png'
00:30.175  render           | Saved: '/tmp/tmp1vjbta52/frame_0006_seg.png'
00:30.178  render           | Saved: '/tmp/tmp1vjbta52/frame_0006_rgb.png'
00:30.573  render           | Saved: '/tmp/tmp1vjbta52/frame_0007_depth.png'
00:30.575  render           | Saved: '/tmp/tmp1vjbta52/frame_0007_seg.png'
00:30.578  render           | Saved: '/tmp/tmp1vjbta52/frame_0007_rgb.png'
00:30.983  render           | Saved: '/tmp/tmp1vjbta52/frame_0008_depth.png'
00:30.984  render           | Saved: '/tmp/tmp1vjbta52/frame_0008_seg.png'
00:30.987  render           | Saved: '/tmp/tmp1vjbta52/frame_0008_rgb.png'
00:31.386  render           | Saved: '/tmp/tmp1vjbta52/frame_0009_depth.png'
00:31.386  render           | Saved: '/tmp/tmp1vjbta52/frame_0009_seg.png'
00:31.389  render           | Saved: '/tmp/tmp1vjbta52/frame_0009_rgb.png'
00:31.790  render           | Saved: '/tmp/tmp1vjbta52/frame_0010_depth.png'
00:31.790  render           | Saved: '/tmp/tmp1vjbta52/frame_0010_seg.png'
00:31.794  render           | Saved: '/tmp/tmp1vjbta52/frame_0010_rgb.png'
00:32.195  render           | Saved: '/tmp/tmp1vjbta52/frame_0011_seg.png'
00:32.196  render           | Saved: '/tmp/tmp1vjbta52/frame_0011_depth.png'
00:32.199  render           | Saved: '/tmp/tmp1vjbta52/frame_0011_rgb.png'
00:32.595  render           | Saved: '/tmp/tmp1vjbta52/frame_0012_seg.png'
00:32.596  render           | Saved: '/tmp/tmp1vjbta52/frame_0012_depth.png'
00:32.599  render           | Saved: '/tmp/tmp1vjbta52/frame_0012_rgb.png'
00:33.012  render           | Saved: '/tmp/tmp1vjbta52/frame_0013_depth.png'
00:33.013  render           | Saved: '/tmp/tmp1vjbta52/frame_0013_seg.png'
00:33.016  render           | Saved: '/tmp/tmp1vjbta52/frame_0013_rgb.png'
00:33.427  render           | Saved: '/tmp/tmp1vjbta52/frame_0014_depth.png'
00:33.428  render           | Saved: '/tmp/tmp1vjbta52/frame_0014_seg.png'
00:33.431  render           | Saved: '/tmp/tmp1vjbta52/frame_0014_rgb.png'
00:33.842  render           | Saved: '/tmp/tmp1vjbta52/frame_0015_depth.png'
00:33.842  render           | Saved: '/tmp/tmp1vjbta52/frame_0015_seg.png'
00:33.845  render           | Saved: '/tmp/tmp1vjbta52/frame_0015_rgb.png'
00:34.302  render           | Saved: '/tmp/tmp25e78g8a/frame_0000_depth.png'
00:34.303  render           | Saved: '/tmp/tmp25e78g8a/frame_0000_seg.png'
00:34.306  render           | Saved: '/tmp/tmp25e78g8a/frame_0000_rgb.png'
00:34.697  render           | Saved: '/tmp/tmp25e78g8a/frame_0001_depth.png'
00:34.698  render           | Saved: '/tmp/tmp25e78g8a/frame_0001_seg.png'
00:34.701  render           | Saved: '/tmp/tmp25e78g8a/frame_0001_rgb.png'
00:35.093  render           | Saved: '/tmp/tmp25e78g8a/frame_0002_depth.png'
00:35.094  render           | Saved: '/tmp/tmp25e78g8a/frame_0002_seg.png'
00:35.097  render           | Saved: '/tmp/tmp25e78g8a/frame_0002_rgb.png'
00:35.544  render           | Saved: '/tmp/tmp25e78g8a/frame_0003_depth.png'
00:35.545  render           | Saved: '/tmp/tmp25e78g8a/frame_0003_seg.png'
00:35.548  render           | Saved: '/tmp/tmp25e78g8a/frame_0003_rgb.png'
00:35.944  render           | Saved: '/tmp/tmp25e78g8a/frame_0004_depth.png'
00:35.945  render           | Saved: '/tmp/tmp25e78g8a/frame_0004_seg.png'
00:35.948  render           | Saved: '/tmp/tmp25e78g8a/frame_0004_rgb.png'
00:36.340  render           | Saved: '/tmp/tmp25e78g8a/frame_0005_depth.png'
00:36.341  render           | Saved: '/tmp/tmp25e78g8a/frame_0005_seg.png'
00:36.344  render           | Saved: '/tmp/tmp25e78g8a/frame_0005_rgb.png'
00:36.740  render           | Saved: '/tmp/tmp25e78g8a/frame_0006_seg.png'
00:36.741  render           | Saved: '/tmp/tmp25e78g8a/frame_0006_depth.png'
00:36.744  render           | Saved: '/tmp/tmp25e78g8a/frame_0006_rgb.png'
00:37.136  render           | Saved: '/tmp/tmp25e78g8a/frame_0007_seg.png'
00:37.137  render           | Saved: '/tmp/tmp25e78g8a/frame_0007_depth.png'
00:37.140  render           | Saved: '/tmp/tmp25e78g8a/frame_0007_rgb.png'
00:37.551  render           | Saved: '/tmp/tmp25e78g8a/frame_0008_depth.png'
00:37.552  render           | Saved: '/tmp/tmp25e78g8a/frame_0008_seg.png'
00:37.555  render           | Saved: '/tmp/tmp25e78g8a/frame_0008_rgb.png'
00:37.959  render           | Saved: '/tmp/tmp25e78g8a/frame_0009_depth.png'
00:37.960  render           | Saved: '/tmp/tmp25e78g8a/frame_0009_seg.png'
00:37.963  render           | Saved: '/tmp/tmp25e78g8a/frame_0009_rgb.png'
00:38.356  render           | Saved: '/tmp/tmp25e78g8a/frame_0010_depth.png'
00:38.357  render           | Saved: '/tmp/tmp25e78g8a/frame_0010_seg.png'
00:38.360  render           | Saved: '/tmp/tmp25e78g8a/frame_0010_rgb.png'
00:38.768  render           | Saved: '/tmp/tmp25e78g8a/frame_0011_depth.png'
00:38.769  render           | Saved: '/tmp/tmp25e78g8a/frame_0011_seg.png'
00:38.772  render           | Saved: '/tmp/tmp25e78g8a/frame_0011_rgb.png'
00:39.172  render           | Saved: '/tmp/tmp25e78g8a/frame_0012_depth.png'
00:39.173  render           | Saved: '/tmp/tmp25e78g8a/frame_0012_seg.png'
00:39.176  render           | Saved: '/tmp/tmp25e78g8a/frame_0012_rgb.png'
00:39.578  render           | Saved: '/tmp/tmp25e78g8a/frame_0013_depth.png'
00:39.579  render           | Saved: '/tmp/tmp25e78g8a/frame_0013_seg.png'
00:39.582  render           | Saved: '/tmp/tmp25e78g8a/frame_0013_rgb.png'
00:39.983  render           | Saved: '/tmp/tmp25e78g8a/frame_0014_depth.png'
00:39.984  render           | Saved: '/tmp/tmp25e78g8a/frame_0014_seg.png'
00:39.987  render           | Saved: '/tmp/tmp25e78g8a/frame_0014_rgb.png'
00:40.392  render           | Saved: '/tmp/tmp25e78g8a/frame_0015_seg.png'
00:40.393  render           | Saved: '/tmp/tmp25e78g8a/frame_0015_depth.png'
00:40.396  render           | Saved: '/tmp/tmp25e78g8a/frame_0015_rgb.png'
00:53.021  render           | Saved: '/tmp/tmpm2vdh1r8/frame_0000_depth.png'
00:53.022  render           | Saved: '/tmp/tmpm2vdh1r8/frame_0000_seg.png'
00:53.025  render           | Saved: '/tmp/tmpm2vdh1r8/frame_0000_rgb.png'
00:53.464  render           | Saved: '/tmp/tmpm2vdh1r8/frame_0001_depth.png'
00:53.464  render           | Saved: '/tmp/tmpm2vdh1r8/frame_0001_seg.png'
00:53.467  render           | Saved: '/tmp/tmpm2vdh1r8/frame_0001_rgb.png'
00:53.923  render           | Saved: '/tmp/tmpm2vdh1r8/frame_0002_depth.png'
00:53.923  render           | Saved: '/tmp/tmpm2vdh1r8/frame_0002_seg.png'
00:53.927  render           | Saved: '/tmp/tmpm2vdh1r8/frame_0002_rgb.png'
00:54.359  render           | Saved: '/tmp/tmpm2vdh1r8/frame_0003_depth.png'
00:54.360  render           | Saved: '/tmp/tmpm2vdh1r8/frame_0003_seg.png'
00:54.363  render           | Saved: '/tmp/tmpm2vdh1r8/frame_0003_rgb.png'
00:54.810  render           | Saved: '/tmp/tmpm2vdh1r8/frame_0004_depth.png'
00:54.811  render           | Saved: '/tmp/tmpm2vdh1r8/frame_0004_seg.png'
00:54.814  render           | Saved: '/tmp/tmpm2vdh1r8/frame_0004_rgb.png'
00:55.261  render           | Saved: '/tmp/tmpm2vdh1r8/frame_0005_seg.png'
00:55.262  render           | Saved: '/tmp/tmpm2vdh1r8/frame_0005_depth.png'
00:55.265  render           | Saved: '/tmp/tmpm2vdh1r8/frame_0005_rgb.png'
00:55.699  render           | Saved: '/tmp/tmpm2vdh1r8/frame_0006_seg.png'
00:55.700  render           | Saved: '/tmp/tmpm2vdh1r8/frame_0006_depth.png'
00:55.703  render           | Saved: '/tmp/tmpm2vdh1r8/frame_0006_rgb.png'
00:56.131  render           | Saved: '/tmp/tmpm2vdh1r8/frame_0007_depth.png'
00:56.132  render           | Saved: '/tmp/tmpm2vdh1r8/frame_0007_seg.png'
00:56.135  render           | Saved: '/tmp/tmpm2vdh1r8/frame_0007_rgb.png'
00:56.560  render           | Saved: '/tmp/tmpm2vdh1r8/frame_0008_depth.png'
00:56.560  render           | Saved: '/tmp/tmpm2vdh1r8/frame_0008_seg.png'
00:56.564  render           | Saved: '/tmp/tmpm2vdh1r8/frame_0008_rgb.png'
00:56.996  render           | Saved: '/tmp/tmpm2vdh1r8/frame_0009_depth.png'
00:56.997  render           | Saved: '/tmp/tmpm2vdh1r8/frame_0009_seg.png'
00:57.000  render           | Saved: '/tmp/tmpm2vdh1r8/frame_0009_rgb.png'
00:57.426  render           | Saved: '/tmp/tmpm2vdh1r8/frame_0010_depth.png'
00:57.427  render           | Saved: '/tmp/tmpm2vdh1r8/frame_0010_seg.png'
00:57.430  render           | Saved: '/tmp/tmpm2vdh1r8/frame_0010_rgb.png'
00:57.858  render           | Saved: '/tmp/tmpm2vdh1r8/frame_0011_depth.png'
00:57.859  render           | Saved: '/tmp/tmpm2vdh1r8/frame_0011_seg.png'
00:57.862  render           | Saved: '/tmp/tmpm2vdh1r8/frame_0011_rgb.png'
00:58.293  render           | Saved: '/tmp/tmpm2vdh1r8/frame_0012_depth.png'
00:58.293  render           | Saved: '/tmp/tmpm2vdh1r8/frame_0012_seg.png'
00:58.297  render           | Saved: '/tmp/tmpm2vdh1r8/frame_0012_rgb.png'
00:58.724  render           | Saved: '/tmp/tmpm2vdh1r8/frame_0013_depth.png'
00:58.725  render           | Saved: '/tmp/tmpm2vdh1r8/frame_0013_seg.png'
00:58.728  render           | Saved: '/tmp/tmpm2vdh1r8/frame_0013_rgb.png'
00:59.164  render           | Saved: '/tmp/tmpm2vdh1r8/frame_0014_seg.png'
00:59.165  render           | Saved: '/tmp/tmpm2vdh1r8/frame_0014_depth.png'
00:59.169  render           | Saved: '/tmp/tmpm2vdh1r8/frame_0014_rgb.png'
00:59.599  render           | Saved: '/tmp/tmpm2vdh1r8/frame_0015_seg.png'
00:59.600  render           | Saved: '/tmp/tmpm2vdh1r8/frame_0015_depth.png'
00:59.603  render           | Saved: '/tmp/tmpm2vdh1r8/frame_0015_rgb.png'
01:00.098  render           | Saved: '/tmp/tmpy5659p4s/frame_0000_seg.png'
01:00.099  render           | Saved: '/tmp/tmpy5659p4s/frame_0000_depth.png'
01:00.102  render           | Saved: '/tmp/tmpy5659p4s/frame_0000_rgb.png'
01:00.545  render           | Saved: '/tmp/tmpy5659p4s/frame_0001_seg.png'
01:00.546  render           | Saved: '/tmp/tmpy5659p4s/frame_0001_depth.png'
01:00.549  render           | Saved: '/tmp/tmpy5659p4s/frame_0001_rgb.png'
01:00.976  render           | Saved: '/tmp/tmpy5659p4s/frame_0002_depth.png'
01:00.977  render           | Saved: '/tmp/tmpy5659p4s/frame_0002_seg.png'
01:00.980  render           | Saved: '/tmp/tmpy5659p4s/frame_0002_rgb.png'
01:01.410  render           | Saved: '/tmp/tmpy5659p4s/frame_0003_depth.png'
01:01.411  render           | Saved: '/tmp/tmpy5659p4s/frame_0003_seg.png'
01:01.416  render           | Saved: '/tmp/tmpy5659p4s/frame_0003_rgb.png'
01:01.852  render           | Saved: '/tmp/tmpy5659p4s/frame_0004_depth.png'
01:01.853  render           | Saved: '/tmp/tmpy5659p4s/frame_0004_seg.png'
01:01.858  render           | Saved: '/tmp/tmpy5659p4s/frame_0004_rgb.png'
01:02.298  render           | Saved: '/tmp/tmpy5659p4s/frame_0005_depth.png'
01:02.299  render           | Saved: '/tmp/tmpy5659p4s/frame_0005_seg.png'
01:02.302  render           | Saved: '/tmp/tmpy5659p4s/frame_0005_rgb.png'
01:02.750  render           | Saved: '/tmp/tmpy5659p4s/frame_0006_depth.png'
01:02.751  render           | Saved: '/tmp/tmpy5659p4s/frame_0006_seg.png'
01:02.754  render           | Saved: '/tmp/tmpy5659p4s/frame_0006_rgb.png'
01:03.178  render           | Saved: '/tmp/tmpy5659p4s/frame_0007_depth.png'
01:03.179  render           | Saved: '/tmp/tmpy5659p4s/frame_0007_seg.png'
01:03.182  render           | Saved: '/tmp/tmpy5659p4s/frame_0007_rgb.png'
01:03.624  render           | Saved: '/tmp/tmpy5659p4s/frame_0008_seg.png'
01:03.625  render           | Saved: '/tmp/tmpy5659p4s/frame_0008_depth.png'
01:03.628  render           | Saved: '/tmp/tmpy5659p4s/frame_0008_rgb.png'
01:04.069  render           | Saved: '/tmp/tmpy5659p4s/frame_0009_seg.png'
01:04.070  render           | Saved: '/tmp/tmpy5659p4s/frame_0009_depth.png'
01:04.073  render           | Saved: '/tmp/tmpy5659p4s/frame_0009_rgb.png'
01:04.505  render           | Saved: '/tmp/tmpy5659p4s/frame_0010_seg.png'
01:04.506  render           | Saved: '/tmp/tmpy5659p4s/frame_0010_depth.png'
01:04.510  render           | Saved: '/tmp/tmpy5659p4s/frame_0010_rgb.png'
01:04.944  render           | Saved: '/tmp/tmpy5659p4s/frame_0011_depth.png'
01:04.945  render           | Saved: '/tmp/tmpy5659p4s/frame_0011_seg.png'
01:04.948  render           | Saved: '/tmp/tmpy5659p4s/frame_0011_rgb.png'
01:05.385  render           | Saved: '/tmp/tmpy5659p4s/frame_0012_depth.png'
01:05.386  render           | Saved: '/tmp/tmpy5659p4s/frame_0012_seg.png'
01:05.389  render           | Saved: '/tmp/tmpy5659p4s/frame_0012_rgb.png'
01:05.833  render           | Saved: '/tmp/tmpy5659p4s/frame_0013_depth.png'
01:05.834  render           | Saved: '/tmp/tmpy5659p4s/frame_0013_seg.png'
01:05.837  render           | Saved: '/tmp/tmpy5659p4s/frame_0013_rgb.png'
01:06.280  render           | Saved: '/tmp/tmpy5659p4s/frame_0014_depth.png'
01:06.281  render           | Saved: '/tmp/tmpy5659p4s/frame_0014_seg.png'
01:06.285  render           | Saved: '/tmp/tmpy5659p4s/frame_0014_rgb.png'
01:06.722  render           | Saved: '/tmp/tmpy5659p4s/frame_0015_depth.png'
01:06.723  render           | Saved: '/tmp/tmpy5659p4s/frame_0015_seg.png'
01:06.727  render           | Saved: '/tmp/tmpy5659p4s/frame_0015_rgb.png'
01:19.440  render           | Saved: '/tmp/tmp1ne131ja/frame_0000_depth.png'
01:19.441  render           | Saved: '/tmp/tmp1ne131ja/frame_0000_seg.png'
01:19.444  render           | Saved: '/tmp/tmp1ne131ja/frame_0000_rgb.png'
01:19.883  render           | Saved: '/tmp/tmp1ne131ja/frame_0001_depth.png'
01:19.884  render           | Saved: '/tmp/tmp1ne131ja/frame_0001_seg.png'
01:19.887  render           | Saved: '/tmp/tmp1ne131ja/frame_0001_rgb.png'
01:20.310  render           | Saved: '/tmp/tmp1ne131ja/frame_0002_depth.png'
01:20.310  render           | Saved: '/tmp/tmp1ne131ja/frame_0002_seg.png'
01:20.314  render           | Saved: '/tmp/tmp1ne131ja/frame_0002_rgb.png'
01:20.737  render           | Saved: '/tmp/tmp1ne131ja/frame_0003_depth.png'
01:20.738  render           | Saved: '/tmp/tmp1ne131ja/frame_0003_seg.png'
01:20.742  render           | Saved: '/tmp/tmp1ne131ja/frame_0003_rgb.png'
01:21.183  render           | Saved: '/tmp/tmp1ne131ja/frame_0004_depth.png'
01:21.184  render           | Saved: '/tmp/tmp1ne131ja/frame_0004_seg.png'
01:21.188  render           | Saved: '/tmp/tmp1ne131ja/frame_0004_rgb.png'
01:21.622  render           | Saved: '/tmp/tmp1ne131ja/frame_0005_seg.png'
01:21.623  render           | Saved: '/tmp/tmp1ne131ja/frame_0005_depth.png'
01:21.626  render           | Saved: '/tmp/tmp1ne131ja/frame_0005_rgb.png'
01:22.086  render           | Saved: '/tmp/tmp1ne131ja/frame_0006_seg.png'
01:22.087  render           | Saved: '/tmp/tmp1ne131ja/frame_0006_depth.png'
01:22.090  render           | Saved: '/tmp/tmp1ne131ja/frame_0006_rgb.png'
01:22.512  render           | Saved: '/tmp/tmp1ne131ja/frame_0007_depth.png'
01:22.513  render           | Saved: '/tmp/tmp1ne131ja/frame_0007_seg.png'
01:22.516  render           | Saved: '/tmp/tmp1ne131ja/frame_0007_rgb.png'
01:22.937  render           | Saved: '/tmp/tmp1ne131ja/frame_0008_depth.png'
01:22.938  render           | Saved: '/tmp/tmp1ne131ja/frame_0008_seg.png'
01:22.942  render           | Saved: '/tmp/tmp1ne131ja/frame_0008_rgb.png'
01:23.362  render           | Saved: '/tmp/tmp1ne131ja/frame_0009_depth.png'
01:23.363  render           | Saved: '/tmp/tmp1ne131ja/frame_0009_seg.png'
01:23.366  render           | Saved: '/tmp/tmp1ne131ja/frame_0009_rgb.png'
01:23.796  render           | Saved: '/tmp/tmp1ne131ja/frame_0010_depth.png'
01:23.797  render           | Saved: '/tmp/tmp1ne131ja/frame_0010_seg.png'
01:23.800  render           | Saved: '/tmp/tmp1ne131ja/frame_0010_rgb.png'
01:24.219  render           | Saved: '/tmp/tmp1ne131ja/frame_0011_depth.png'
01:24.220  render           | Saved: '/tmp/tmp1ne131ja/frame_0011_seg.png'
01:24.223  render           | Saved: '/tmp/tmp1ne131ja/frame_0011_rgb.png'
01:24.638  render           | Saved: '/tmp/tmp1ne131ja/frame_0012_depth.png'
01:24.639  render           | Saved: '/tmp/tmp1ne131ja/frame_0012_seg.png'
01:24.642  render           | Saved: '/tmp/tmp1ne131ja/frame_0012_rgb.png'
01:25.072  render           | Saved: '/tmp/tmp1ne131ja/frame_0013_depth.png'
01:25.072  render           | Saved: '/tmp/tmp1ne131ja/frame_0013_seg.png'
01:25.076  render           | Saved: '/tmp/tmp1ne131ja/frame_0013_rgb.png'
01:25.495  render           | Saved: '/tmp/tmp1ne131ja/frame_0014_seg.png'
01:25.496  render           | Saved: '/tmp/tmp1ne131ja/frame_0014_depth.png'
01:25.499  render           | Saved: '/tmp/tmp1ne131ja/frame_0014_rgb.png'
01:25.931  render           | Saved: '/tmp/tmp1ne131ja/frame_0015_seg.png'
01:25.932  render           | Saved: '/tmp/tmp1ne131ja/frame_0015_depth.png'
01:25.935  render           | Saved: '/tmp/tmp1ne131ja/frame_0015_rgb.png'
01:26.431  render           | Saved: '/tmp/tmptctee4ym/frame_0000_depth.png'
01:26.432  render           | Saved: '/tmp/tmptctee4ym/frame_0000_seg.png'
01:26.435  render           | Saved: '/tmp/tmptctee4ym/frame_0000_rgb.png'
01:26.847  render           | Saved: '/tmp/tmptctee4ym/frame_0001_depth.png'
01:26.848  render           | Saved: '/tmp/tmptctee4ym/frame_0001_seg.png'
01:26.851  render           | Saved: '/tmp/tmptctee4ym/frame_0001_rgb.png'
01:27.255  render           | Saved: '/tmp/tmptctee4ym/frame_0002_seg.png'
01:27.256  render           | Saved: '/tmp/tmptctee4ym/frame_0002_depth.png'
01:27.259  render           | Saved: '/tmp/tmptctee4ym/frame_0002_rgb.png'
01:27.665  render           | Saved: '/tmp/tmptctee4ym/frame_0003_seg.png'
01:27.666  render           | Saved: '/tmp/tmptctee4ym/frame_0003_depth.png'
01:27.669  render           | Saved: '/tmp/tmptctee4ym/frame_0003_rgb.png'
01:28.085  render           | Saved: '/tmp/tmptctee4ym/frame_0004_depth.png'
01:28.086  render           | Saved: '/tmp/tmptctee4ym/frame_0004_seg.png'
01:28.089  render           | Saved: '/tmp/tmptctee4ym/frame_0004_rgb.png'
01:28.497  render           | Saved: '/tmp/tmptctee4ym/frame_0005_depth.png'
01:28.498  render           | Saved: '/tmp/tmptctee4ym/frame_0005_seg.png'
01:28.501  render           | Saved: '/tmp/tmptctee4ym/frame_0005_rgb.png'
01:28.908  render           | Saved: '/tmp/tmptctee4ym/frame_0006_depth.png'
01:28.909  render           | Saved: '/tmp/tmptctee4ym/frame_0006_seg.png'
01:28.912  render           | Saved: '/tmp/tmptctee4ym/frame_0006_rgb.png'
01:29.326  render           | Saved: '/tmp/tmptctee4ym/frame_0007_depth.png'
01:29.327  render           | Saved: '/tmp/tmptctee4ym/frame_0007_seg.png'
01:29.330  render           | Saved: '/tmp/tmptctee4ym/frame_0007_rgb.png'
01:29.748  render           | Saved: '/tmp/tmptctee4ym/frame_0008_depth.png'
01:29.749  render           | Saved: '/tmp/tmptctee4ym/frame_0008_seg.png'
01:29.752  render           | Saved: '/tmp/tmptctee4ym/frame_0008_rgb.png'
01:30.158  render           | Saved: '/tmp/tmptctee4ym/frame_0009_depth.png'
01:30.158  render           | Saved: '/tmp/tmptctee4ym/frame_0009_seg.png'
01:30.161  render           | Saved: '/tmp/tmptctee4ym/frame_0009_rgb.png'
01:30.578  render           | Saved: '/tmp/tmptctee4ym/frame_0010_depth.png'
01:30.579  render           | Saved: '/tmp/tmptctee4ym/frame_0010_seg.png'
01:30.582  render           | Saved: '/tmp/tmptctee4ym/frame_0010_rgb.png'
01:30.994  render           | Saved: '/tmp/tmptctee4ym/frame_0011_seg.png'
01:30.995  render           | Saved: '/tmp/tmptctee4ym/frame_0011_depth.png'
01:30.999  render           | Saved: '/tmp/tmptctee4ym/frame_0011_rgb.png'
01:31.409  render           | Saved: '/tmp/tmptctee4ym/frame_0012_seg.png'
01:31.410  render           | Saved: '/tmp/tmptctee4ym/frame_0012_depth.png'
01:31.413  render           | Saved: '/tmp/tmptctee4ym/frame_0012_rgb.png'
01:31.819  render           | Saved: '/tmp/tmptctee4ym/frame_0013_depth.png'
01:31.820  render           | Saved: '/tmp/tmptctee4ym/frame_0013_seg.png'
01:31.823  render           | Saved: '/tmp/tmptctee4ym/frame_0013_rgb.png'
01:32.238  render           | Saved: '/tmp/tmptctee4ym/frame_0014_depth.png'
01:32.239  render           | Saved: '/tmp/tmptctee4ym/frame_0014_seg.png'
01:32.243  render           | Saved: '/tmp/tmptctee4ym/frame_0014_rgb.png'
01:32.672  render           | Saved: '/tmp/tmptctee4ym/frame_0015_depth.png'
01:32.673  render           | Saved: '/tmp/tmptctee4ym/frame_0015_seg.png'
01:32.676  render           | Saved: '/tmp/tmptctee4ym/frame_0015_rgb.png'
01:45.034  render           | Saved: '/tmp/tmpev6fe0ar/frame_0000_depth.png'
01:45.035  render           | Saved: '/tmp/tmpev6fe0ar/frame_0000_seg.png'
01:45.038  render           | Saved: '/tmp/tmpev6fe0ar/frame_0000_rgb.png'
01:45.464  render           | Saved: '/tmp/tmpev6fe0ar/frame_0001_depth.png'
01:45.465  render           | Saved: '/tmp/tmpev6fe0ar/frame_0001_seg.png'
01:45.468  render           | Saved: '/tmp/tmpev6fe0ar/frame_0001_rgb.png'
01:45.902  render           | Saved: '/tmp/tmpev6fe0ar/frame_0002_seg.png'
01:45.903  render           | Saved: '/tmp/tmpev6fe0ar/frame_0002_depth.png'
01:45.906  render           | Saved: '/tmp/tmpev6fe0ar/frame_0002_rgb.png'
01:46.344  render           | Saved: '/tmp/tmpev6fe0ar/frame_0003_seg.png'
01:46.344  render           | Saved: '/tmp/tmpev6fe0ar/frame_0003_depth.png'
01:46.348  render           | Saved: '/tmp/tmpev6fe0ar/frame_0003_rgb.png'
01:46.763  render           | Saved: '/tmp/tmpev6fe0ar/frame_0004_depth.png'
01:46.763  render           | Saved: '/tmp/tmpev6fe0ar/frame_0004_seg.png'
01:46.767  render           | Saved: '/tmp/tmpev6fe0ar/frame_0004_rgb.png'
01:47.182  render           | Saved: '/tmp/tmpev6fe0ar/frame_0005_depth.png'
01:47.183  render           | Saved: '/tmp/tmpev6fe0ar/frame_0005_seg.png'
01:47.186  render           | Saved: '/tmp/tmpev6fe0ar/frame_0005_rgb.png'
01:47.605  render           | Saved: '/tmp/tmpev6fe0ar/frame_0006_depth.png'
01:47.606  render           | Saved: '/tmp/tmpev6fe0ar/frame_0006_seg.png'
01:47.609  render           | Saved: '/tmp/tmpev6fe0ar/frame_0006_rgb.png'
01:48.035  render           | Saved: '/tmp/tmpev6fe0ar/frame_0007_depth.png'
01:48.036  render           | Saved: '/tmp/tmpev6fe0ar/frame_0007_seg.png'
01:48.039  render           | Saved: '/tmp/tmpev6fe0ar/frame_0007_rgb.png'
01:48.463  render           | Saved: '/tmp/tmpev6fe0ar/frame_0008_depth.png'
01:48.464  render           | Saved: '/tmp/tmpev6fe0ar/frame_0008_seg.png'
01:48.467  render           | Saved: '/tmp/tmpev6fe0ar/frame_0008_rgb.png'
01:48.881  render           | Saved: '/tmp/tmpev6fe0ar/frame_0009_depth.png'
01:48.881  render           | Saved: '/tmp/tmpev6fe0ar/frame_0009_seg.png'
01:48.884  render           | Saved: '/tmp/tmpev6fe0ar/frame_0009_rgb.png'
01:49.303  render           | Saved: '/tmp/tmpev6fe0ar/frame_0010_depth.png'
01:49.304  render           | Saved: '/tmp/tmpev6fe0ar/frame_0010_seg.png'
01:49.308  render           | Saved: '/tmp/tmpev6fe0ar/frame_0010_rgb.png'
01:49.726  render           | Saved: '/tmp/tmpev6fe0ar/frame_0011_seg.png'
01:49.727  render           | Saved: '/tmp/tmpev6fe0ar/frame_0011_depth.png'
01:49.730  render           | Saved: '/tmp/tmpev6fe0ar/frame_0011_rgb.png'
01:50.147  render           | Saved: '/tmp/tmpev6fe0ar/frame_0012_seg.png'
01:50.148  render           | Saved: '/tmp/tmpev6fe0ar/frame_0012_depth.png'
01:50.151  render           | Saved: '/tmp/tmpev6fe0ar/frame_0012_rgb.png'
01:50.569  render           | Saved: '/tmp/tmpev6fe0ar/frame_0013_depth.png'
01:50.570  render           | Saved: '/tmp/tmpev6fe0ar/frame_0013_seg.png'
01:50.573  render           | Saved: '/tmp/tmpev6fe0ar/frame_0013_rgb.png'
01:50.995  render           | Saved: '/tmp/tmpev6fe0ar/frame_0014_depth.png'
01:50.996  render           | Saved: '/tmp/tmpev6fe0ar/frame_0014_seg.png'
01:50.999  render           | Saved: '/tmp/tmpev6fe0ar/frame_0014_rgb.png'
01:51.413  render           | Saved: '/tmp/tmpev6fe0ar/frame_0015_depth.png'
01:51.414  render           | Saved: '/tmp/tmpev6fe0ar/frame_0015_seg.png'
01:51.417  render           | Saved: '/tmp/tmpev6fe0ar/frame_0015_rgb.png'
01:51.893  render           | Saved: '/tmp/tmpsfdr710p/frame_0000_depth.png'
01:51.894  render           | Saved: '/tmp/tmpsfdr710p/frame_0000_seg.png'
01:51.897  render           | Saved: '/tmp/tmpsfdr710p/frame_0000_rgb.png'
01:52.289  render           | Saved: '/tmp/tmpsfdr710p/frame_0001_depth.png'
01:52.290  render           | Saved: '/tmp/tmpsfdr710p/frame_0001_seg.png'
01:52.293  render           | Saved: '/tmp/tmpsfdr710p/frame_0001_rgb.png'
01:52.685  render           | Saved: '/tmp/tmpsfdr710p/frame_0002_seg.png'
01:52.686  render           | Saved: '/tmp/tmpsfdr710p/frame_0002_depth.png'
01:52.689  render           | Saved: '/tmp/tmpsfdr710p/frame_0002_rgb.png'
01:53.090  render           | Saved: '/tmp/tmpsfdr710p/frame_0003_seg.png'
01:53.091  render           | Saved: '/tmp/tmpsfdr710p/frame_0003_depth.png'
01:53.094  render           | Saved: '/tmp/tmpsfdr710p/frame_0003_rgb.png'
01:53.486  render           | Saved: '/tmp/tmpsfdr710p/frame_0004_depth.png'
01:53.487  render           | Saved: '/tmp/tmpsfdr710p/frame_0004_seg.png'
01:53.490  render           | Saved: '/tmp/tmpsfdr710p/frame_0004_rgb.png'
01:53.896  render           | Saved: '/tmp/tmpsfdr710p/frame_0005_depth.png'
01:53.897  render           | Saved: '/tmp/tmpsfdr710p/frame_0005_seg.png'
01:53.900  render           | Saved: '/tmp/tmpsfdr710p/frame_0005_rgb.png'
01:54.300  render           | Saved: '/tmp/tmpsfdr710p/frame_0006_depth.png'
01:54.301  render           | Saved: '/tmp/tmpsfdr710p/frame_0006_seg.png'
01:54.304  render           | Saved: '/tmp/tmpsfdr710p/frame_0006_rgb.png'
01:54.699  render           | Saved: '/tmp/tmpsfdr710p/frame_0007_depth.png'
01:54.700  render           | Saved: '/tmp/tmpsfdr710p/frame_0007_seg.png'
01:54.703  render           | Saved: '/tmp/tmpsfdr710p/frame_0007_rgb.png'
01:55.103  render           | Saved: '/tmp/tmpsfdr710p/frame_0008_depth.png'
01:55.104  render           | Saved: '/tmp/tmpsfdr710p/frame_0008_seg.png'
01:55.107  render           | Saved: '/tmp/tmpsfdr710p/frame_0008_rgb.png'
01:55.513  render           | Saved: '/tmp/tmpsfdr710p/frame_0009_depth.png'
01:55.514  render           | Saved: '/tmp/tmpsfdr710p/frame_0009_seg.png'
01:55.517  render           | Saved: '/tmp/tmpsfdr710p/frame_0009_rgb.png'
01:55.930  render           | Saved: '/tmp/tmpsfdr710p/frame_0010_depth.png'
01:55.931  render           | Saved: '/tmp/tmpsfdr710p/frame_0010_seg.png'
01:55.934  render           | Saved: '/tmp/tmpsfdr710p/frame_0010_rgb.png'
01:56.348  render           | Saved: '/tmp/tmpsfdr710p/frame_0011_seg.png'
01:56.349  render           | Saved: '/tmp/tmpsfdr710p/frame_0011_depth.png'
01:56.352  render           | Saved: '/tmp/tmpsfdr710p/frame_0011_rgb.png'
01:56.766  render           | Saved: '/tmp/tmpsfdr710p/frame_0012_seg.png'
01:56.767  render           | Saved: '/tmp/tmpsfdr710p/frame_0012_depth.png'
01:56.770  render           | Saved: '/tmp/tmpsfdr710p/frame_0012_rgb.png'
01:57.179  render           | Saved: '/tmp/tmpsfdr710p/frame_0013_depth.png'
01:57.180  render           | Saved: '/tmp/tmpsfdr710p/frame_0013_seg.png'
01:57.183  render           | Saved: '/tmp/tmpsfdr710p/frame_0013_rgb.png'
01:57.596  render           | Saved: '/tmp/tmpsfdr710p/frame_0014_depth.png'
01:57.597  render           | Saved: '/tmp/tmpsfdr710p/frame_0014_seg.png'
01:57.600  render           | Saved: '/tmp/tmpsfdr710p/frame_0014_rgb.png'
01:58.020  render           | Saved: '/tmp/tmpsfdr710p/frame_0015_depth.png'
01:58.021  render           | Saved: '/tmp/tmpsfdr710p/frame_0015_seg.png'
01:58.024  render           | Saved: '/tmp/tmpsfdr710p/frame_0015_rgb.png'
02:10.791  render           | Saved: '/tmp/tmpa0kf5mag/frame_0000_depth.png'
02:10.792  render           | Saved: '/tmp/tmpa0kf5mag/frame_0000_seg.png'
02:10.795  render           | Saved: '/tmp/tmpa0kf5mag/frame_0000_rgb.png'
02:11.181  render           | Saved: '/tmp/tmpa0kf5mag/frame_0001_depth.png'
02:11.182  render           | Saved: '/tmp/tmpa0kf5mag/frame_0001_seg.png'
02:11.186  render           | Saved: '/tmp/tmpa0kf5mag/frame_0001_rgb.png'
02:11.575  render           | Saved: '/tmp/tmpa0kf5mag/frame_0002_depth.png'
02:11.576  render           | Saved: '/tmp/tmpa0kf5mag/frame_0002_seg.png'
02:11.579  render           | Saved: '/tmp/tmpa0kf5mag/frame_0002_rgb.png'
02:11.975  render           | Saved: '/tmp/tmpa0kf5mag/frame_0003_depth.png'
02:11.978  render           | Saved: '/tmp/tmpa0kf5mag/frame_0003_seg.png'
02:11.981  render           | Saved: '/tmp/tmpa0kf5mag/frame_0003_rgb.png'
02:12.370  render           | Saved: '/tmp/tmpa0kf5mag/frame_0004_depth.png'
02:12.371  render           | Saved: '/tmp/tmpa0kf5mag/frame_0004_seg.png'
02:12.374  render           | Saved: '/tmp/tmpa0kf5mag/frame_0004_rgb.png'
02:12.762  render           | Saved: '/tmp/tmpa0kf5mag/frame_0005_seg.png'
02:12.763  render           | Saved: '/tmp/tmpa0kf5mag/frame_0005_depth.png'
02:12.766  render           | Saved: '/tmp/tmpa0kf5mag/frame_0005_rgb.png'
02:13.146  render           | Saved: '/tmp/tmpa0kf5mag/frame_0006_seg.png'
02:13.147  render           | Saved: '/tmp/tmpa0kf5mag/frame_0006_depth.png'
02:13.150  render           | Saved: '/tmp/tmpa0kf5mag/frame_0006_rgb.png'
02:13.533  render           | Saved: '/tmp/tmpa0kf5mag/frame_0007_depth.png'
02:13.534  render           | Saved: '/tmp/tmpa0kf5mag/frame_0007_seg.png'
02:13.537  render           | Saved: '/tmp/tmpa0kf5mag/frame_0007_rgb.png'
02:13.950  render           | Saved: '/tmp/tmpa0kf5mag/frame_0008_depth.png'
02:13.951  render           | Saved: '/tmp/tmpa0kf5mag/frame_0008_seg.png'
02:13.954  render           | Saved: '/tmp/tmpa0kf5mag/frame_0008_rgb.png'
02:14.333  render           | Saved: '/tmp/tmpa0kf5mag/frame_0009_depth.png'
02:14.334  render           | Saved: '/tmp/tmpa0kf5mag/frame_0009_seg.png'
02:14.337  render           | Saved: '/tmp/tmpa0kf5mag/frame_0009_rgb.png'
02:14.937  render           | Saved: '/tmp/tmpa0kf5mag/frame_0010_depth.png'
02:14.937  render           | Saved: '/tmp/tmpa0kf5mag/frame_0010_seg.png'
02:14.940  render           | Saved: '/tmp/tmpa0kf5mag/frame_0010_rgb.png'
02:15.549  render           | Saved: '/tmp/tmpa0kf5mag/frame_0011_depth.png'
02:15.550  render           | Saved: '/tmp/tmpa0kf5mag/frame_0011_seg.png'
02:15.553  render           | Saved: '/tmp/tmpa0kf5mag/frame_0011_rgb.png'
02:15.954  render           | Saved: '/tmp/tmpa0kf5mag/frame_0012_depth.png'
02:15.955  render           | Saved: '/tmp/tmpa0kf5mag/frame_0012_seg.png'
02:15.958  render           | Saved: '/tmp/tmpa0kf5mag/frame_0012_rgb.png'
02:16.356  render           | Saved: '/tmp/tmpa0kf5mag/frame_0013_depth.png'
02:16.357  render           | Saved: '/tmp/tmpa0kf5mag/frame_0013_seg.png'
02:16.360  render           | Saved: '/tmp/tmpa0kf5mag/frame_0013_rgb.png'
02:16.744  render           | Saved: '/tmp/tmpa0kf5mag/frame_0014_seg.png'
02:16.745  render           | Saved: '/tmp/tmpa0kf5mag/frame_0014_depth.png'
02:16.748  render           | Saved: '/tmp/tmpa0kf5mag/frame_0014_rgb.png'
02:17.150  render           | Saved: '/tmp/tmpa0kf5mag/frame_0015_seg.png'
02:17.151  render           | Saved: '/tmp/tmpa0kf5mag/frame_0015_depth.png'
02:17.154  render           | Saved: '/tmp/tmpa0kf5mag/frame_0015_rgb.png'
02:17.678  render           | Saved: '/tmp/tmp_wbcp7hd/frame_0000_depth.png'
02:17.679  render           | Saved: '/tmp/tmp_wbcp7hd/frame_0000_seg.png'
02:17.683  render           | Saved: '/tmp/tmp_wbcp7hd/frame_0000_rgb.png'
02:18.096  render           | Saved: '/tmp/tmp_wbcp7hd/frame_0001_depth.png'
02:18.097  render           | Saved: '/tmp/tmp_wbcp7hd/frame_0001_seg.png'
02:18.100  render           | Saved: '/tmp/tmp_wbcp7hd/frame_0001_rgb.png'
02:18.514  render           | Saved: '/tmp/tmp_wbcp7hd/frame_0002_depth.png'
02:18.515  render           | Saved: '/tmp/tmp_wbcp7hd/frame_0002_seg.png'
02:18.519  render           | Saved: '/tmp/tmp_wbcp7hd/frame_0002_rgb.png'
02:18.951  render           | Saved: '/tmp/tmp_wbcp7hd/frame_0003_seg.png'
02:18.952  render           | Saved: '/tmp/tmp_wbcp7hd/frame_0003_depth.png'
02:18.956  render           | Saved: '/tmp/tmp_wbcp7hd/frame_0003_rgb.png'
02:19.361  render           | Saved: '/tmp/tmp_wbcp7hd/frame_0004_seg.png'
02:19.362  render           | Saved: '/tmp/tmp_wbcp7hd/frame_0004_depth.png'
02:19.365  render           | Saved: '/tmp/tmp_wbcp7hd/frame_0004_rgb.png'
02:19.771  render           | Saved: '/tmp/tmp_wbcp7hd/frame_0005_depth.png'
02:19.772  render           | Saved: '/tmp/tmp_wbcp7hd/frame_0005_seg.png'
02:19.775  render           | Saved: '/tmp/tmp_wbcp7hd/frame_0005_rgb.png'
02:20.171  render           | Saved: '/tmp/tmp_wbcp7hd/frame_0006_depth.png'
02:20.172  render           | Saved: '/tmp/tmp_wbcp7hd/frame_0006_seg.png'
02:20.175  render           | Saved: '/tmp/tmp_wbcp7hd/frame_0006_rgb.png'
02:20.582  render           | Saved: '/tmp/tmp_wbcp7hd/frame_0007_depth.png'
02:20.583  render           | Saved: '/tmp/tmp_wbcp7hd/frame_0007_seg.png'
02:20.586  render           | Saved: '/tmp/tmp_wbcp7hd/frame_0007_rgb.png'
02:20.994  render           | Saved: '/tmp/tmp_wbcp7hd/frame_0008_depth.png'
02:20.995  render           | Saved: '/tmp/tmp_wbcp7hd/frame_0008_seg.png'
02:20.998  render           | Saved: '/tmp/tmp_wbcp7hd/frame_0008_rgb.png'
02:21.420  render           | Saved: '/tmp/tmp_wbcp7hd/frame_0009_depth.png'
02:21.421  render           | Saved: '/tmp/tmp_wbcp7hd/frame_0009_seg.png'
02:21.424  render           | Saved: '/tmp/tmp_wbcp7hd/frame_0009_rgb.png'
02:21.824  render           | Saved: '/tmp/tmp_wbcp7hd/frame_0010_depth.png'
02:21.825  render           | Saved: '/tmp/tmp_wbcp7hd/frame_0010_seg.png'
02:21.828  render           | Saved: '/tmp/tmp_wbcp7hd/frame_0010_rgb.png'
02:22.218  render           | Saved: '/tmp/tmp_wbcp7hd/frame_0011_depth.png'
02:22.219  render           | Saved: '/tmp/tmp_wbcp7hd/frame_0011_seg.png'
02:22.222  render           | Saved: '/tmp/tmp_wbcp7hd/frame_0011_rgb.png'
02:22.614  render           | Saved: '/tmp/tmp_wbcp7hd/frame_0012_seg.png'
02:22.615  render           | Saved: '/tmp/tmp_wbcp7hd/frame_0012_depth.png'
02:22.618  render           | Saved: '/tmp/tmp_wbcp7hd/frame_0012_rgb.png'
02:23.012  render           | Saved: '/tmp/tmp_wbcp7hd/frame_0013_seg.png'
02:23.013  render           | Saved: '/tmp/tmp_wbcp7hd/frame_0013_depth.png'
02:23.016  render           | Saved: '/tmp/tmp_wbcp7hd/frame_0013_rgb.png'
02:23.405  render           | Saved: '/tmp/tmp_wbcp7hd/frame_0014_depth.png'
02:23.407  render           | Saved: '/tmp/tmp_wbcp7hd/frame_0014_seg.png'
02:23.410  render           | Saved: '/tmp/tmp_wbcp7hd/frame_0014_rgb.png'
02:23.811  render           | Saved: '/tmp/tmp_wbcp7hd/frame_0015_depth.png'
02:23.812  render           | Saved: '/tmp/tmp_wbcp7hd/frame_0015_seg.png'
02:23.815  render           | Saved: '/tmp/tmp_wbcp7hd/frame_0015_rgb.png'
02:36.553  render           | Saved: '/tmp/tmp0evbe9d0/frame_0000_depth.png'
02:36.554  render           | Saved: '/tmp/tmp0evbe9d0/frame_0000_seg.png'
02:36.557  render           | Saved: '/tmp/tmp0evbe9d0/frame_0000_rgb.png'
02:36.950  render           | Saved: '/tmp/tmp0evbe9d0/frame_0001_depth.png'
02:36.951  render           | Saved: '/tmp/tmp0evbe9d0/frame_0001_seg.png'
02:36.954  render           | Saved: '/tmp/tmp0evbe9d0/frame_0001_rgb.png'
02:37.332  render           | Saved: '/tmp/tmp0evbe9d0/frame_0002_seg.png'
02:37.333  render           | Saved: '/tmp/tmp0evbe9d0/frame_0002_depth.png'
02:37.336  render           | Saved: '/tmp/tmp0evbe9d0/frame_0002_rgb.png'
02:37.739  render           | Saved: '/tmp/tmp0evbe9d0/frame_0003_seg.png'
02:37.740  render           | Saved: '/tmp/tmp0evbe9d0/frame_0003_depth.png'
02:37.743  render           | Saved: '/tmp/tmp0evbe9d0/frame_0003_rgb.png'
02:38.135  render           | Saved: '/tmp/tmp0evbe9d0/frame_0004_depth.png'
02:38.136  render           | Saved: '/tmp/tmp0evbe9d0/frame_0004_seg.png'
02:38.140  render           | Saved: '/tmp/tmp0evbe9d0/frame_0004_rgb.png'
02:38.528  render           | Saved: '/tmp/tmp0evbe9d0/frame_0005_depth.png'
02:38.529  render           | Saved: '/tmp/tmp0evbe9d0/frame_0005_seg.png'
02:38.532  render           | Saved: '/tmp/tmp0evbe9d0/frame_0005_rgb.png'
02:38.921  render           | Saved: '/tmp/tmp0evbe9d0/frame_0006_depth.png'
02:38.922  render           | Saved: '/tmp/tmp0evbe9d0/frame_0006_seg.png'
02:38.925  render           | Saved: '/tmp/tmp0evbe9d0/frame_0006_rgb.png'
02:39.303  render           | Saved: '/tmp/tmp0evbe9d0/frame_0007_depth.png'
02:39.304  render           | Saved: '/tmp/tmp0evbe9d0/frame_0007_seg.png'
02:39.307  render           | Saved: '/tmp/tmp0evbe9d0/frame_0007_rgb.png'
02:39.689  render           | Saved: '/tmp/tmp0evbe9d0/frame_0008_depth.png'
02:39.691  render           | Saved: '/tmp/tmp0evbe9d0/frame_0008_seg.png'
02:39.695  render           | Saved: '/tmp/tmp0evbe9d0/frame_0008_rgb.png'
02:40.082  render           | Saved: '/tmp/tmp0evbe9d0/frame_0009_depth.png'
02:40.083  render           | Saved: '/tmp/tmp0evbe9d0/frame_0009_seg.png'
02:40.087  render           | Saved: '/tmp/tmp0evbe9d0/frame_0009_rgb.png'
02:40.472  render           | Saved: '/tmp/tmp0evbe9d0/frame_0010_depth.png'
02:40.473  render           | Saved: '/tmp/tmp0evbe9d0/frame_0010_seg.png'
02:40.476  render           | Saved: '/tmp/tmp0evbe9d0/frame_0010_rgb.png'
02:40.870  render           | Saved: '/tmp/tmp0evbe9d0/frame_0011_seg.png'
02:40.871  render           | Saved: '/tmp/tmp0evbe9d0/frame_0011_depth.png'
02:40.874  render           | Saved: '/tmp/tmp0evbe9d0/frame_0011_rgb.png'
02:41.264  render           | Saved: '/tmp/tmp0evbe9d0/frame_0012_seg.png'
02:41.265  render           | Saved: '/tmp/tmp0evbe9d0/frame_0012_depth.png'
02:41.268  render           | Saved: '/tmp/tmp0evbe9d0/frame_0012_rgb.png'
02:41.649  render           | Saved: '/tmp/tmp0evbe9d0/frame_0013_depth.png'
02:41.650  render           | Saved: '/tmp/tmp0evbe9d0/frame_0013_seg.png'
02:41.653  render           | Saved: '/tmp/tmp0evbe9d0/frame_0013_rgb.png'
02:42.038  render           | Saved: '/tmp/tmp0evbe9d0/frame_0014_depth.png'
02:42.039  render           | Saved: '/tmp/tmp0evbe9d0/frame_0014_seg.png'
02:42.043  render           | Saved: '/tmp/tmp0evbe9d0/frame_0014_rgb.png'
02:42.439  render           | Saved: '/tmp/tmp0evbe9d0/frame_0015_depth.png'
02:42.440  render           | Saved: '/tmp/tmp0evbe9d0/frame_0015_seg.png'
02:42.443  render           | Saved: '/tmp/tmp0evbe9d0/frame_0015_rgb.png'
02:42.902  render           | Saved: '/tmp/tmpv7n3bk71/frame_0000_depth.png'
02:42.903  render           | Saved: '/tmp/tmpv7n3bk71/frame_0000_seg.png'
02:42.906  render           | Saved: '/tmp/tmpv7n3bk71/frame_0000_rgb.png'
02:43.295  render           | Saved: '/tmp/tmpv7n3bk71/frame_0001_depth.png'
02:43.296  render           | Saved: '/tmp/tmpv7n3bk71/frame_0001_seg.png'
02:43.300  render           | Saved: '/tmp/tmpv7n3bk71/frame_0001_rgb.png'
02:43.691  render           | Saved: '/tmp/tmpv7n3bk71/frame_0002_depth.png'
02:43.692  render           | Saved: '/tmp/tmpv7n3bk71/frame_0002_seg.png'
02:43.695  render           | Saved: '/tmp/tmpv7n3bk71/frame_0002_rgb.png'
02:44.097  render           | Saved: '/tmp/tmpv7n3bk71/frame_0003_depth.png'
02:44.098  render           | Saved: '/tmp/tmpv7n3bk71/frame_0003_seg.png'
02:44.101  render           | Saved: '/tmp/tmpv7n3bk71/frame_0003_rgb.png'
02:44.498  render           | Saved: '/tmp/tmpv7n3bk71/frame_0004_depth.png'
02:44.499  render           | Saved: '/tmp/tmpv7n3bk71/frame_0004_seg.png'
02:44.502  render           | Saved: '/tmp/tmpv7n3bk71/frame_0004_rgb.png'
02:44.889  render           | Saved: '/tmp/tmpv7n3bk71/frame_0005_depth.png'
02:44.890  render           | Saved: '/tmp/tmpv7n3bk71/frame_0005_seg.png'
02:44.893  render           | Saved: '/tmp/tmpv7n3bk71/frame_0005_rgb.png'
02:45.279  render           | Saved: '/tmp/tmpv7n3bk71/frame_0006_seg.png'
02:45.280  render           | Saved: '/tmp/tmpv7n3bk71/frame_0006_depth.png'
02:45.283  render           | Saved: '/tmp/tmpv7n3bk71/frame_0006_rgb.png'
02:45.673  render           | Saved: '/tmp/tmpv7n3bk71/frame_0007_seg.png'
02:45.674  render           | Saved: '/tmp/tmpv7n3bk71/frame_0007_depth.png'
02:45.677  render           | Saved: '/tmp/tmpv7n3bk71/frame_0007_rgb.png'
02:46.071  render           | Saved: '/tmp/tmpv7n3bk71/frame_0008_depth.png'
02:46.072  render           | Saved: '/tmp/tmpv7n3bk71/frame_0008_seg.png'
02:46.075  render           | Saved: '/tmp/tmpv7n3bk71/frame_0008_rgb.png'
02:46.472  render           | Saved: '/tmp/tmpv7n3bk71/frame_0009_depth.png'
02:46.473  render           | Saved: '/tmp/tmpv7n3bk71/frame_0009_seg.png'
02:46.476  render           | Saved: '/tmp/tmpv7n3bk71/frame_0009_rgb.png'
02:46.872  render           | Saved: '/tmp/tmpv7n3bk71/frame_0010_depth.png'
02:46.873  render           | Saved: '/tmp/tmpv7n3bk71/frame_0010_seg.png'
02:46.876  render           | Saved: '/tmp/tmpv7n3bk71/frame_0010_rgb.png'
02:47.277  render           | Saved: '/tmp/tmpv7n3bk71/frame_0011_depth.png'
02:47.278  render           | Saved: '/tmp/tmpv7n3bk71/frame_0011_seg.png'
02:47.281  render           | Saved: '/tmp/tmpv7n3bk71/frame_0011_rgb.png'
02:47.675  render           | Saved: '/tmp/tmpv7n3bk71/frame_0012_depth.png'
02:47.676  render           | Saved: '/tmp/tmpv7n3bk71/frame_0012_seg.png'
02:47.679  render           | Saved: '/tmp/tmpv7n3bk71/frame_0012_rgb.png'
02:48.074  render           | Saved: '/tmp/tmpv7n3bk71/frame_0013_depth.png'
02:48.075  render           | Saved: '/tmp/tmpv7n3bk71/frame_0013_seg.png'
02:48.078  render           | Saved: '/tmp/tmpv7n3bk71/frame_0013_rgb.png'
02:48.470  render           | Saved: '/tmp/tmpv7n3bk71/frame_0014_depth.png'
02:48.470  render           | Saved: '/tmp/tmpv7n3bk71/frame_0014_seg.png'
02:48.473  render           | Saved: '/tmp/tmpv7n3bk71/frame_0014_rgb.png'
02:48.872  render           | Saved: '/tmp/tmpv7n3bk71/frame_0015_seg.png'
02:48.873  render           | Saved: '/tmp/tmpv7n3bk71/frame_0015_depth.png'
02:48.877  render           | Saved: '/tmp/tmpv7n3bk71/frame_0015_rgb.png'
03:01.216  render           | Saved: '/tmp/tmpvskc146a/frame_0000_depth.png'
03:01.217  render           | Saved: '/tmp/tmpvskc146a/frame_0000_seg.png'
03:01.220  render           | Saved: '/tmp/tmpvskc146a/frame_0000_rgb.png'
03:01.650  render           | Saved: '/tmp/tmpvskc146a/frame_0001_depth.png'
03:01.651  render           | Saved: '/tmp/tmpvskc146a/frame_0001_seg.png'
03:01.654  render           | Saved: '/tmp/tmpvskc146a/frame_0001_rgb.png'
03:02.091  render           | Saved: '/tmp/tmpvskc146a/frame_0002_depth.png'
03:02.091  render           | Saved: '/tmp/tmpvskc146a/frame_0002_seg.png'
03:02.095  render           | Saved: '/tmp/tmpvskc146a/frame_0002_rgb.png'
03:02.526  render           | Saved: '/tmp/tmpvskc146a/frame_0003_depth.png'
03:02.527  render           | Saved: '/tmp/tmpvskc146a/frame_0003_seg.png'
03:02.530  render           | Saved: '/tmp/tmpvskc146a/frame_0003_rgb.png'
03:02.965  render           | Saved: '/tmp/tmpvskc146a/frame_0004_depth.png'
03:02.966  render           | Saved: '/tmp/tmpvskc146a/frame_0004_seg.png'
03:02.969  render           | Saved: '/tmp/tmpvskc146a/frame_0004_rgb.png'
03:03.397  render           | Saved: '/tmp/tmpvskc146a/frame_0005_depth.png'
03:03.397  render           | Saved: '/tmp/tmpvskc146a/frame_0005_seg.png'
03:03.400  render           | Saved: '/tmp/tmpvskc146a/frame_0005_rgb.png'
03:03.830  render           | Saved: '/tmp/tmpvskc146a/frame_0006_seg.png'
03:03.831  render           | Saved: '/tmp/tmpvskc146a/frame_0006_depth.png'
03:03.834  render           | Saved: '/tmp/tmpvskc146a/frame_0006_rgb.png'
03:04.261  render           | Saved: '/tmp/tmpvskc146a/frame_0007_seg.png'
03:04.262  render           | Saved: '/tmp/tmpvskc146a/frame_0007_depth.png'
03:04.265  render           | Saved: '/tmp/tmpvskc146a/frame_0007_rgb.png'
03:04.694  render           | Saved: '/tmp/tmpvskc146a/frame_0008_depth.png'
03:04.695  render           | Saved: '/tmp/tmpvskc146a/frame_0008_seg.png'
03:04.698  render           | Saved: '/tmp/tmpvskc146a/frame_0008_rgb.png'
03:05.123  render           | Saved: '/tmp/tmpvskc146a/frame_0009_depth.png'
03:05.124  render           | Saved: '/tmp/tmpvskc146a/frame_0009_seg.png'
03:05.127  render           | Saved: '/tmp/tmpvskc146a/frame_0009_rgb.png'
03:05.561  render           | Saved: '/tmp/tmpvskc146a/frame_0010_depth.png'
03:05.562  render           | Saved: '/tmp/tmpvskc146a/frame_0010_seg.png'
03:05.565  render           | Saved: '/tmp/tmpvskc146a/frame_0010_rgb.png'
03:05.998  render           | Saved: '/tmp/tmpvskc146a/frame_0011_depth.png'
03:05.999  render           | Saved: '/tmp/tmpvskc146a/frame_0011_seg.png'
03:06.002  render           | Saved: '/tmp/tmpvskc146a/frame_0011_rgb.png'
03:06.431  render           | Saved: '/tmp/tmpvskc146a/frame_0012_depth.png'
03:06.432  render           | Saved: '/tmp/tmpvskc146a/frame_0012_seg.png'
03:06.435  render           | Saved: '/tmp/tmpvskc146a/frame_0012_rgb.png'
03:06.870  render           | Saved: '/tmp/tmpvskc146a/frame_0013_depth.png'
03:06.871  render           | Saved: '/tmp/tmpvskc146a/frame_0013_seg.png'
03:06.874  render           | Saved: '/tmp/tmpvskc146a/frame_0013_rgb.png'
03:07.307  render           | Saved: '/tmp/tmpvskc146a/frame_0014_depth.png'
03:07.308  render           | Saved: '/tmp/tmpvskc146a/frame_0014_seg.png'
03:07.311  render           | Saved: '/tmp/tmpvskc146a/frame_0014_rgb.png'
03:07.745  render           | Saved: '/tmp/tmpvskc146a/frame_0015_seg.png'
03:07.746  render           | Saved: '/tmp/tmpvskc146a/frame_0015_depth.png'
03:07.750  render           | Saved: '/tmp/tmpvskc146a/frame_0015_rgb.png'
03:08.249  render           | Saved: '/tmp/tmp4a_b1tty/frame_0000_depth.png'
03:08.250  render           | Saved: '/tmp/tmp4a_b1tty/frame_0000_seg.png'
03:08.253  render           | Saved: '/tmp/tmp4a_b1tty/frame_0000_rgb.png'
03:08.685  render           | Saved: '/tmp/tmp4a_b1tty/frame_0001_seg.png'
03:08.687  render           | Saved: '/tmp/tmp4a_b1tty/frame_0001_depth.png'
03:08.690  render           | Saved: '/tmp/tmp4a_b1tty/frame_0001_rgb.png'
03:09.129  render           | Saved: '/tmp/tmp4a_b1tty/frame_0002_seg.png'
03:09.130  render           | Saved: '/tmp/tmp4a_b1tty/frame_0002_depth.png'
03:09.133  render           | Saved: '/tmp/tmp4a_b1tty/frame_0002_rgb.png'
03:09.565  render           | Saved: '/tmp/tmp4a_b1tty/frame_0003_depth.png'
03:09.566  render           | Saved: '/tmp/tmp4a_b1tty/frame_0003_seg.png'
03:09.569  render           | Saved: '/tmp/tmp4a_b1tty/frame_0003_rgb.png'
03:10.000  render           | Saved: '/tmp/tmp4a_b1tty/frame_0004_depth.png'
03:10.000  render           | Saved: '/tmp/tmp4a_b1tty/frame_0004_seg.png'
03:10.003  render           | Saved: '/tmp/tmp4a_b1tty/frame_0004_rgb.png'
03:10.428  render           | Saved: '/tmp/tmp4a_b1tty/frame_0005_depth.png'
03:10.429  render           | Saved: '/tmp/tmp4a_b1tty/frame_0005_seg.png'
03:10.433  render           | Saved: '/tmp/tmp4a_b1tty/frame_0005_rgb.png'
03:10.872  render           | Saved: '/tmp/tmp4a_b1tty/frame_0006_depth.png'
03:10.873  render           | Saved: '/tmp/tmp4a_b1tty/frame_0006_seg.png'
03:10.876  render           | Saved: '/tmp/tmp4a_b1tty/frame_0006_rgb.png'
03:11.323  render           | Saved: '/tmp/tmp4a_b1tty/frame_0007_depth.png'
03:11.323  render           | Saved: '/tmp/tmp4a_b1tty/frame_0007_seg.png'
03:11.326  render           | Saved: '/tmp/tmp4a_b1tty/frame_0007_rgb.png'
03:11.758  render           | Saved: '/tmp/tmp4a_b1tty/frame_0008_depth.png'
03:11.759  render           | Saved: '/tmp/tmp4a_b1tty/frame_0008_seg.png'
03:11.762  render           | Saved: '/tmp/tmp4a_b1tty/frame_0008_rgb.png'
03:12.194  render           | Saved: '/tmp/tmp4a_b1tty/frame_0009_seg.png'
03:12.195  render           | Saved: '/tmp/tmp4a_b1tty/frame_0009_depth.png'
03:12.199  render           | Saved: '/tmp/tmp4a_b1tty/frame_0009_rgb.png'
03:12.630  render           | Saved: '/tmp/tmp4a_b1tty/frame_0010_seg.png'
03:12.630  render           | Saved: '/tmp/tmp4a_b1tty/frame_0010_depth.png'
03:12.634  render           | Saved: '/tmp/tmp4a_b1tty/frame_0010_rgb.png'
03:13.067  render           | Saved: '/tmp/tmp4a_b1tty/frame_0011_seg.png'
03:13.068  render           | Saved: '/tmp/tmp4a_b1tty/frame_0011_depth.png'
03:13.071  render           | Saved: '/tmp/tmp4a_b1tty/frame_0011_rgb.png'
03:13.510  render           | Saved: '/tmp/tmp4a_b1tty/frame_0012_depth.png'
03:13.511  render           | Saved: '/tmp/tmp4a_b1tty/frame_0012_seg.png'
03:13.514  render           | Saved: '/tmp/tmp4a_b1tty/frame_0012_rgb.png'
03:13.949  render           | Saved: '/tmp/tmp4a_b1tty/frame_0013_depth.png'
03:13.950  render           | Saved: '/tmp/tmp4a_b1tty/frame_0013_seg.png'
03:13.953  render           | Saved: '/tmp/tmp4a_b1tty/frame_0013_rgb.png'
03:14.383  render           | Saved: '/tmp/tmp4a_b1tty/frame_0014_depth.png'
03:14.384  render           | Saved: '/tmp/tmp4a_b1tty/frame_0014_seg.png'
03:14.387  render           | Saved: '/tmp/tmp4a_b1tty/frame_0014_rgb.png'
03:14.819  render           | Saved: '/tmp/tmp4a_b1tty/frame_0015_depth.png'
03:14.820  render           | Saved: '/tmp/tmp4a_b1tty/frame_0015_seg.png'
03:14.823  render           | Saved: '/tmp/tmp4a_b1tty/frame_0015_rgb.png'
03:27.316  render           | Saved: '/tmp/tmp5s79y83v/frame_0000_seg.png'
03:27.317  render           | Saved: '/tmp/tmp5s79y83v/frame_0000_depth.png'
03:27.321  render           | Saved: '/tmp/tmp5s79y83v/frame_0000_rgb.png'
03:27.791  render           | Saved: '/tmp/tmp5s79y83v/frame_0001_depth.png'
03:27.792  render           | Saved: '/tmp/tmp5s79y83v/frame_0001_seg.png'
03:27.795  render           | Saved: '/tmp/tmp5s79y83v/frame_0001_rgb.png'
03:28.253  render           | Saved: '/tmp/tmp5s79y83v/frame_0002_depth.png'
03:28.254  render           | Saved: '/tmp/tmp5s79y83v/frame_0002_seg.png'
03:28.257  render           | Saved: '/tmp/tmp5s79y83v/frame_0002_rgb.png'
03:28.730  render           | Saved: '/tmp/tmp5s79y83v/frame_0003_depth.png'
03:28.731  render           | Saved: '/tmp/tmp5s79y83v/frame_0003_seg.png'
03:28.734  render           | Saved: '/tmp/tmp5s79y83v/frame_0003_rgb.png'
03:29.193  render           | Saved: '/tmp/tmp5s79y83v/frame_0004_depth.png'
03:29.193  render           | Saved: '/tmp/tmp5s79y83v/frame_0004_seg.png'
03:29.197  render           | Saved: '/tmp/tmp5s79y83v/frame_0004_rgb.png'
03:29.636  render           | Saved: '/tmp/tmp5s79y83v/frame_0005_depth.png'
03:29.637  render           | Saved: '/tmp/tmp5s79y83v/frame_0005_seg.png'
03:29.641  render           | Saved: '/tmp/tmp5s79y83v/frame_0005_rgb.png'
03:30.091  render           | Saved: '/tmp/tmp5s79y83v/frame_0006_depth.png'
03:30.092  render           | Saved: '/tmp/tmp5s79y83v/frame_0006_seg.png'
03:30.095  render           | Saved: '/tmp/tmp5s79y83v/frame_0006_rgb.png'
03:30.545  render           | Saved: '/tmp/tmp5s79y83v/frame_0007_seg.png'
03:30.545  render           | Saved: '/tmp/tmp5s79y83v/frame_0007_depth.png'
03:30.549  render           | Saved: '/tmp/tmp5s79y83v/frame_0007_rgb.png'
03:31.003  render           | Saved: '/tmp/tmp5s79y83v/frame_0008_seg.png'
03:31.004  render           | Saved: '/tmp/tmp5s79y83v/frame_0008_depth.png'
03:31.008  render           | Saved: '/tmp/tmp5s79y83v/frame_0008_rgb.png'
03:31.469  render           | Saved: '/tmp/tmp5s79y83v/frame_0009_depth.png'
03:31.470  render           | Saved: '/tmp/tmp5s79y83v/frame_0009_seg.png'
03:31.473  render           | Saved: '/tmp/tmp5s79y83v/frame_0009_rgb.png'
03:31.931  render           | Saved: '/tmp/tmp5s79y83v/frame_0010_depth.png'
03:31.931  render           | Saved: '/tmp/tmp5s79y83v/frame_0010_seg.png'
03:31.935  render           | Saved: '/tmp/tmp5s79y83v/frame_0010_rgb.png'
03:32.379  render           | Saved: '/tmp/tmp5s79y83v/frame_0011_depth.png'
03:32.380  render           | Saved: '/tmp/tmp5s79y83v/frame_0011_seg.png'
03:32.383  render           | Saved: '/tmp/tmp5s79y83v/frame_0011_rgb.png'
03:32.831  render           | Saved: '/tmp/tmp5s79y83v/frame_0012_depth.png'
03:32.832  render           | Saved: '/tmp/tmp5s79y83v/frame_0012_seg.png'
03:32.835  render           | Saved: '/tmp/tmp5s79y83v/frame_0012_rgb.png'
03:33.290  render           | Saved: '/tmp/tmp5s79y83v/frame_0013_depth.png'
03:33.291  render           | Saved: '/tmp/tmp5s79y83v/frame_0013_seg.png'
03:33.294  render           | Saved: '/tmp/tmp5s79y83v/frame_0013_rgb.png'
03:33.742  render           | Saved: '/tmp/tmp5s79y83v/frame_0014_depth.png'
03:33.743  render           | Saved: '/tmp/tmp5s79y83v/frame_0014_seg.png'
03:33.746  render           | Saved: '/tmp/tmp5s79y83v/frame_0014_rgb.png'
03:34.201  render           | Saved: '/tmp/tmp5s79y83v/frame_0015_depth.png'
03:34.202  render           | Saved: '/tmp/tmp5s79y83v/frame_0015_seg.png'
03:34.205  render           | Saved: '/tmp/tmp5s79y83v/frame_0015_rgb.png'
03:34.730  render           | Saved: '/tmp/tmp81p11qty/frame_0000_seg.png'
03:34.731  render           | Saved: '/tmp/tmp81p11qty/frame_0000_depth.png'
03:34.734  render           | Saved: '/tmp/tmp81p11qty/frame_0000_rgb.png'
03:35.200  render           | Saved: '/tmp/tmp81p11qty/frame_0001_seg.png'
03:35.200  render           | Saved: '/tmp/tmp81p11qty/frame_0001_depth.png'
03:35.204  render           | Saved: '/tmp/tmp81p11qty/frame_0001_rgb.png'
03:35.660  render           | Saved: '/tmp/tmp81p11qty/frame_0002_depth.png'
03:35.661  render           | Saved: '/tmp/tmp81p11qty/frame_0002_seg.png'
03:35.664  render           | Saved: '/tmp/tmp81p11qty/frame_0002_rgb.png'
03:36.121  render           | Saved: '/tmp/tmp81p11qty/frame_0003_depth.png'
03:36.122  render           | Saved: '/tmp/tmp81p11qty/frame_0003_seg.png'
03:36.125  render           | Saved: '/tmp/tmp81p11qty/frame_0003_rgb.png'
03:36.572  render           | Saved: '/tmp/tmp81p11qty/frame_0004_depth.png'
03:36.573  render           | Saved: '/tmp/tmp81p11qty/frame_0004_seg.png'
03:36.576  render           | Saved: '/tmp/tmp81p11qty/frame_0004_rgb.png'
03:37.019  render           | Saved: '/tmp/tmp81p11qty/frame_0005_depth.png'
03:37.020  render           | Saved: '/tmp/tmp81p11qty/frame_0005_seg.png'
03:37.024  render           | Saved: '/tmp/tmp81p11qty/frame_0005_rgb.png'
03:37.470  render           | Saved: '/tmp/tmp81p11qty/frame_0006_depth.png'
03:37.471  render           | Saved: '/tmp/tmp81p11qty/frame_0006_seg.png'
03:37.476  render           | Saved: '/tmp/tmp81p11qty/frame_0006_rgb.png'
03:37.936  render           | Saved: '/tmp/tmp81p11qty/frame_0007_depth.png'
03:37.937  render           | Saved: '/tmp/tmp81p11qty/frame_0007_seg.png'
03:37.941  render           | Saved: '/tmp/tmp81p11qty/frame_0007_rgb.png'
03:38.396  render           | Saved: '/tmp/tmp81p11qty/frame_0008_seg.png'
03:38.398  render           | Saved: '/tmp/tmp81p11qty/frame_0008_depth.png'
03:38.402  render           | Saved: '/tmp/tmp81p11qty/frame_0008_rgb.png'
03:38.848  render           | Saved: '/tmp/tmp81p11qty/frame_0009_seg.png'
03:38.849  render           | Saved: '/tmp/tmp81p11qty/frame_0009_depth.png'
03:38.853  render           | Saved: '/tmp/tmp81p11qty/frame_0009_rgb.png'
03:39.296  render           | Saved: '/tmp/tmp81p11qty/frame_0010_seg.png'
03:39.297  render           | Saved: '/tmp/tmp81p11qty/frame_0010_depth.png'
03:39.301  render           | Saved: '/tmp/tmp81p11qty/frame_0010_rgb.png'
03:39.743  render           | Saved: '/tmp/tmp81p11qty/frame_0011_depth.png'
03:39.744  render           | Saved: '/tmp/tmp81p11qty/frame_0011_seg.png'
03:39.747  render           | Saved: '/tmp/tmp81p11qty/frame_0011_rgb.png'
03:40.200  render           | Saved: '/tmp/tmp81p11qty/frame_0012_depth.png'
03:40.201  render           | Saved: '/tmp/tmp81p11qty/frame_0012_seg.png'
03:40.204  render           | Saved: '/tmp/tmp81p11qty/frame_0012_rgb.png'
03:40.639  render           | Saved: '/tmp/tmp81p11qty/frame_0013_depth.png'
03:40.640  render           | Saved: '/tmp/tmp81p11qty/frame_0013_seg.png'
03:40.643  render           | Saved: '/tmp/tmp81p11qty/frame_0013_rgb.png'
03:41.102  render           | Saved: '/tmp/tmp81p11qty/frame_0014_depth.png'
03:41.103  render           | Saved: '/tmp/tmp81p11qty/frame_0014_seg.png'
03:41.107  render           | Saved: '/tmp/tmp81p11qty/frame_0014_rgb.png'
03:41.538  render           | Saved: '/tmp/tmp81p11qty/frame_0015_depth.png'
03:41.539  render           | Saved: '/tmp/tmp81p11qty/frame_0015_seg.png'
03:41.542  render           | Saved: '/tmp/tmp81p11qty/frame_0015_rgb.png'
03:53.750  render           | Saved: '/tmp/tmpcr1c37cs/frame_0000_seg.png'
03:53.751  render           | Saved: '/tmp/tmpcr1c37cs/frame_0000_depth.png'
03:53.754  render           | Saved: '/tmp/tmpcr1c37cs/frame_0000_rgb.png'
03:54.170  render           | Saved: '/tmp/tmpcr1c37cs/frame_0001_seg.png'
03:54.171  render           | Saved: '/tmp/tmpcr1c37cs/frame_0001_depth.png'
03:54.174  render           | Saved: '/tmp/tmpcr1c37cs/frame_0001_rgb.png'
03:54.588  render           | Saved: '/tmp/tmpcr1c37cs/frame_0002_depth.png'
03:54.589  render           | Saved: '/tmp/tmpcr1c37cs/frame_0002_seg.png'
03:54.592  render           | Saved: '/tmp/tmpcr1c37cs/frame_0002_rgb.png'
03:54.999  render           | Saved: '/tmp/tmpcr1c37cs/frame_0003_depth.png'
03:55.000  render           | Saved: '/tmp/tmpcr1c37cs/frame_0003_seg.png'
03:55.003  render           | Saved: '/tmp/tmpcr1c37cs/frame_0003_rgb.png'
03:55.425  render           | Saved: '/tmp/tmpcr1c37cs/frame_0004_depth.png'
03:55.426  render           | Saved: '/tmp/tmpcr1c37cs/frame_0004_seg.png'
03:55.429  render           | Saved: '/tmp/tmpcr1c37cs/frame_0004_rgb.png'
03:55.846  render           | Saved: '/tmp/tmpcr1c37cs/frame_0005_depth.png'
03:55.847  render           | Saved: '/tmp/tmpcr1c37cs/frame_0005_seg.png'
03:55.850  render           | Saved: '/tmp/tmpcr1c37cs/frame_0005_rgb.png'
03:56.261  render           | Saved: '/tmp/tmpcr1c37cs/frame_0006_depth.png'
03:56.262  render           | Saved: '/tmp/tmpcr1c37cs/frame_0006_seg.png'
03:56.265  render           | Saved: '/tmp/tmpcr1c37cs/frame_0006_rgb.png'
03:56.673  render           | Saved: '/tmp/tmpcr1c37cs/frame_0007_depth.png'
03:56.674  render           | Saved: '/tmp/tmpcr1c37cs/frame_0007_seg.png'
03:56.677  render           | Saved: '/tmp/tmpcr1c37cs/frame_0007_rgb.png'
03:57.088  render           | Saved: '/tmp/tmpcr1c37cs/frame_0008_seg.png'
03:57.089  render           | Saved: '/tmp/tmpcr1c37cs/frame_0008_depth.png'
03:57.092  render           | Saved: '/tmp/tmpcr1c37cs/frame_0008_rgb.png'
03:57.500  render           | Saved: '/tmp/tmpcr1c37cs/frame_0009_seg.png'
03:57.501  render           | Saved: '/tmp/tmpcr1c37cs/frame_0009_depth.png'
03:57.504  render           | Saved: '/tmp/tmpcr1c37cs/frame_0009_rgb.png'
03:57.920  render           | Saved: '/tmp/tmpcr1c37cs/frame_0010_seg.png'
03:57.921  render           | Saved: '/tmp/tmpcr1c37cs/frame_0010_depth.png'
03:57.924  render           | Saved: '/tmp/tmpcr1c37cs/frame_0010_rgb.png'
03:58.344  render           | Saved: '/tmp/tmpcr1c37cs/frame_0011_depth.png'
03:58.345  render           | Saved: '/tmp/tmpcr1c37cs/frame_0011_seg.png'
03:58.348  render           | Saved: '/tmp/tmpcr1c37cs/frame_0011_rgb.png'
03:58.763  render           | Saved: '/tmp/tmpcr1c37cs/frame_0012_depth.png'
03:58.763  render           | Saved: '/tmp/tmpcr1c37cs/frame_0012_seg.png'
03:58.766  render           | Saved: '/tmp/tmpcr1c37cs/frame_0012_rgb.png'
03:59.189  render           | Saved: '/tmp/tmpcr1c37cs/frame_0013_depth.png'
03:59.190  render           | Saved: '/tmp/tmpcr1c37cs/frame_0013_seg.png'
03:59.193  render           | Saved: '/tmp/tmpcr1c37cs/frame_0013_rgb.png'
03:59.610  render           | Saved: '/tmp/tmpcr1c37cs/frame_0014_depth.png'
03:59.611  render           | Saved: '/tmp/tmpcr1c37cs/frame_0014_seg.png'
03:59.614  render           | Saved: '/tmp/tmpcr1c37cs/frame_0014_rgb.png'
04:00.031  render           | Saved: '/tmp/tmpcr1c37cs/frame_0015_depth.png'
04:00.032  render           | Saved: '/tmp/tmpcr1c37cs/frame_0015_seg.png'
04:00.035  render           | Saved: '/tmp/tmpcr1c37cs/frame_0015_rgb.png'
04:00.529  render           | Saved: '/tmp/tmpbcshny_9/frame_0000_depth.png'
04:00.530  render           | Saved: '/tmp/tmpbcshny_9/frame_0000_seg.png'
04:00.533  render           | Saved: '/tmp/tmpbcshny_9/frame_0000_rgb.png'
04:00.967  render           | Saved: '/tmp/tmpbcshny_9/frame_0001_depth.png'
04:00.968  render           | Saved: '/tmp/tmpbcshny_9/frame_0001_seg.png'
04:00.971  render           | Saved: '/tmp/tmpbcshny_9/frame_0001_rgb.png'
04:01.394  render           | Saved: '/tmp/tmpbcshny_9/frame_0002_seg.png'
04:01.395  render           | Saved: '/tmp/tmpbcshny_9/frame_0002_depth.png'
04:01.399  render           | Saved: '/tmp/tmpbcshny_9/frame_0002_rgb.png'
04:01.827  render           | Saved: '/tmp/tmpbcshny_9/frame_0003_seg.png'
04:01.828  render           | Saved: '/tmp/tmpbcshny_9/frame_0003_depth.png'
04:01.831  render           | Saved: '/tmp/tmpbcshny_9/frame_0003_rgb.png'
04:02.265  render           | Saved: '/tmp/tmpbcshny_9/frame_0004_depth.png'
04:02.266  render           | Saved: '/tmp/tmpbcshny_9/frame_0004_seg.png'
04:02.269  render           | Saved: '/tmp/tmpbcshny_9/frame_0004_rgb.png'
04:02.707  render           | Saved: '/tmp/tmpbcshny_9/frame_0005_depth.png'
04:02.708  render           | Saved: '/tmp/tmpbcshny_9/frame_0005_seg.png'
04:02.711  render           | Saved: '/tmp/tmpbcshny_9/frame_0005_rgb.png'
04:03.141  render           | Saved: '/tmp/tmpbcshny_9/frame_0006_depth.png'
04:03.141  render           | Saved: '/tmp/tmpbcshny_9/frame_0006_seg.png'
04:03.145  render           | Saved: '/tmp/tmpbcshny_9/frame_0006_rgb.png'
04:03.581  render           | Saved: '/tmp/tmpbcshny_9/frame_0007_depth.png'
04:03.582  render           | Saved: '/tmp/tmpbcshny_9/frame_0007_seg.png'
04:03.585  render           | Saved: '/tmp/tmpbcshny_9/frame_0007_rgb.png'
04:04.020  render           | Saved: '/tmp/tmpbcshny_9/frame_0008_depth.png'
04:04.020  render           | Saved: '/tmp/tmpbcshny_9/frame_0008_seg.png'
04:04.024  render           | Saved: '/tmp/tmpbcshny_9/frame_0008_rgb.png'
04:04.446  render           | Saved: '/tmp/tmpbcshny_9/frame_0009_depth.png'
04:04.447  render           | Saved: '/tmp/tmpbcshny_9/frame_0009_seg.png'
04:04.450  render           | Saved: '/tmp/tmpbcshny_9/frame_0009_rgb.png'
04:04.879  render           | Saved: '/tmp/tmpbcshny_9/frame_0010_depth.png'
04:04.880  render           | Saved: '/tmp/tmpbcshny_9/frame_0010_seg.png'
04:04.883  render           | Saved: '/tmp/tmpbcshny_9/frame_0010_rgb.png'
04:05.323  render           | Saved: '/tmp/tmpbcshny_9/frame_0011_seg.png'
04:05.324  render           | Saved: '/tmp/tmpbcshny_9/frame_0011_depth.png'
04:05.327  render           | Saved: '/tmp/tmpbcshny_9/frame_0011_rgb.png'
04:05.753  render           | Saved: '/tmp/tmpbcshny_9/frame_0012_seg.png'
04:05.754  render           | Saved: '/tmp/tmpbcshny_9/frame_0012_depth.png'
04:05.757  render           | Saved: '/tmp/tmpbcshny_9/frame_0012_rgb.png'
04:06.188  render           | Saved: '/tmp/tmpbcshny_9/frame_0013_depth.png'
04:06.189  render           | Saved: '/tmp/tmpbcshny_9/frame_0013_seg.png'
04:06.192  render           | Saved: '/tmp/tmpbcshny_9/frame_0013_rgb.png'
04:06.629  render           | Saved: '/tmp/tmpbcshny_9/frame_0014_depth.png'
04:06.631  render           | Saved: '/tmp/tmpbcshny_9/frame_0014_seg.png'
04:06.635  render           | Saved: '/tmp/tmpbcshny_9/frame_0014_rgb.png'
04:07.069  render           | Saved: '/tmp/tmpbcshny_9/frame_0015_depth.png'
04:07.070  render           | Saved: '/tmp/tmpbcshny_9/frame_0015_seg.png'
04:07.073  render           | Saved: '/tmp/tmpbcshny_9/frame_0015_rgb.png'
04:19.405  render           | Saved: '/tmp/tmp5s_cpfr2/frame_0000_depth.png'
04:19.406  render           | Saved: '/tmp/tmp5s_cpfr2/frame_0000_seg.png'
04:19.409  render           | Saved: '/tmp/tmp5s_cpfr2/frame_0000_rgb.png'
04:19.806  render           | Saved: '/tmp/tmp5s_cpfr2/frame_0001_depth.png'
04:19.807  render           | Saved: '/tmp/tmp5s_cpfr2/frame_0001_seg.png'
04:19.810  render           | Saved: '/tmp/tmp5s_cpfr2/frame_0001_rgb.png'
04:20.201  render           | Saved: '/tmp/tmp5s_cpfr2/frame_0002_depth.png'
04:20.202  render           | Saved: '/tmp/tmp5s_cpfr2/frame_0002_seg.png'
04:20.205  render           | Saved: '/tmp/tmp5s_cpfr2/frame_0002_rgb.png'
04:20.610  render           | Saved: '/tmp/tmp5s_cpfr2/frame_0003_depth.png'
04:20.611  render           | Saved: '/tmp/tmp5s_cpfr2/frame_0003_seg.png'
04:20.614  render           | Saved: '/tmp/tmp5s_cpfr2/frame_0003_rgb.png'
04:21.026  render           | Saved: '/tmp/tmp5s_cpfr2/frame_0004_depth.png'
04:21.027  render           | Saved: '/tmp/tmp5s_cpfr2/frame_0004_seg.png'
04:21.030  render           | Saved: '/tmp/tmp5s_cpfr2/frame_0004_rgb.png'
04:21.426  render           | Saved: '/tmp/tmp5s_cpfr2/frame_0005_seg.png'
04:21.427  render           | Saved: '/tmp/tmp5s_cpfr2/frame_0005_depth.png'
04:21.430  render           | Saved: '/tmp/tmp5s_cpfr2/frame_0005_rgb.png'
04:21.829  render           | Saved: '/tmp/tmp5s_cpfr2/frame_0006_seg.png'
04:21.830  render           | Saved: '/tmp/tmp5s_cpfr2/frame_0006_depth.png'
04:21.833  render           | Saved: '/tmp/tmp5s_cpfr2/frame_0006_rgb.png'
04:22.231  render           | Saved: '/tmp/tmp5s_cpfr2/frame_0007_depth.png'
04:22.232  render           | Saved: '/tmp/tmp5s_cpfr2/frame_0007_seg.png'
04:22.235  render           | Saved: '/tmp/tmp5s_cpfr2/frame_0007_rgb.png'
04:22.626  render           | Saved: '/tmp/tmp5s_cpfr2/frame_0008_depth.png'
04:22.626  render           | Saved: '/tmp/tmp5s_cpfr2/frame_0008_seg.png'
04:22.630  render           | Saved: '/tmp/tmp5s_cpfr2/frame_0008_rgb.png'
04:23.027  render           | Saved: '/tmp/tmp5s_cpfr2/frame_0009_depth.png'
04:23.028  render           | Saved: '/tmp/tmp5s_cpfr2/frame_0009_seg.png'
04:23.031  render           | Saved: '/tmp/tmp5s_cpfr2/frame_0009_rgb.png'
04:23.429  render           | Saved: '/tmp/tmp5s_cpfr2/frame_0010_depth.png'
04:23.430  render           | Saved: '/tmp/tmp5s_cpfr2/frame_0010_seg.png'
04:23.433  render           | Saved: '/tmp/tmp5s_cpfr2/frame_0010_rgb.png'
04:23.837  render           | Saved: '/tmp/tmp5s_cpfr2/frame_0011_depth.png'
04:23.838  render           | Saved: '/tmp/tmp5s_cpfr2/frame_0011_seg.png'
04:23.841  render           | Saved: '/tmp/tmp5s_cpfr2/frame_0011_rgb.png'
04:24.235  render           | Saved: '/tmp/tmp5s_cpfr2/frame_0012_depth.png'
04:24.235  render           | Saved: '/tmp/tmp5s_cpfr2/frame_0012_seg.png'
04:24.239  render           | Saved: '/tmp/tmp5s_cpfr2/frame_0012_rgb.png'
04:24.632  render           | Saved: '/tmp/tmp5s_cpfr2/frame_0013_depth.png'
04:24.633  render           | Saved: '/tmp/tmp5s_cpfr2/frame_0013_seg.png'
04:24.636  render           | Saved: '/tmp/tmp5s_cpfr2/frame_0013_rgb.png'
04:25.034  render           | Saved: '/tmp/tmp5s_cpfr2/frame_0014_seg.png'
04:25.035  render           | Saved: '/tmp/tmp5s_cpfr2/frame_0014_depth.png'
04:25.038  render           | Saved: '/tmp/tmp5s_cpfr2/frame_0014_rgb.png'
04:25.425  render           | Saved: '/tmp/tmp5s_cpfr2/frame_0015_seg.png'
04:25.426  render           | Saved: '/tmp/tmp5s_cpfr2/frame_0015_depth.png'
04:25.429  render           | Saved: '/tmp/tmp5s_cpfr2/frame_0015_rgb.png'
04:25.910  render           | Saved: '/tmp/tmp4wgpiy2e/frame_0000_depth.png'
04:25.911  render           | Saved: '/tmp/tmp4wgpiy2e/frame_0000_seg.png'
04:25.914  render           | Saved: '/tmp/tmp4wgpiy2e/frame_0000_rgb.png'
04:26.325  render           | Saved: '/tmp/tmp4wgpiy2e/frame_0001_depth.png'
04:26.326  render           | Saved: '/tmp/tmp4wgpiy2e/frame_0001_seg.png'
04:26.329  render           | Saved: '/tmp/tmp4wgpiy2e/frame_0001_rgb.png'
04:26.738  render           | Saved: '/tmp/tmp4wgpiy2e/frame_0002_depth.png'
04:26.739  render           | Saved: '/tmp/tmp4wgpiy2e/frame_0002_seg.png'
04:26.743  render           | Saved: '/tmp/tmp4wgpiy2e/frame_0002_rgb.png'
04:27.149  render           | Saved: '/tmp/tmp4wgpiy2e/frame_0003_depth.png'
04:27.150  render           | Saved: '/tmp/tmp4wgpiy2e/frame_0003_seg.png'
04:27.153  render           | Saved: '/tmp/tmp4wgpiy2e/frame_0003_rgb.png'
04:27.568  render           | Saved: '/tmp/tmp4wgpiy2e/frame_0004_depth.png'
04:27.569  render           | Saved: '/tmp/tmp4wgpiy2e/frame_0004_seg.png'
04:27.572  render           | Saved: '/tmp/tmp4wgpiy2e/frame_0004_rgb.png'
04:27.984  render           | Saved: '/tmp/tmp4wgpiy2e/frame_0005_depth.png'
04:27.984  render           | Saved: '/tmp/tmp4wgpiy2e/frame_0005_seg.png'
04:27.988  render           | Saved: '/tmp/tmp4wgpiy2e/frame_0005_rgb.png'
04:28.395  render           | Saved: '/tmp/tmp4wgpiy2e/frame_0006_seg.png'
04:28.396  render           | Saved: '/tmp/tmp4wgpiy2e/frame_0006_depth.png'
04:28.399  render           | Saved: '/tmp/tmp4wgpiy2e/frame_0006_rgb.png'
04:28.808  render           | Saved: '/tmp/tmp4wgpiy2e/frame_0007_seg.png'
04:28.809  render           | Saved: '/tmp/tmp4wgpiy2e/frame_0007_depth.png'
04:28.812  render           | Saved: '/tmp/tmp4wgpiy2e/frame_0007_rgb.png'
04:29.230  render           | Saved: '/tmp/tmp4wgpiy2e/frame_0008_depth.png'
04:29.231  render           | Saved: '/tmp/tmp4wgpiy2e/frame_0008_seg.png'
04:29.235  render           | Saved: '/tmp/tmp4wgpiy2e/frame_0008_rgb.png'
04:29.647  render           | Saved: '/tmp/tmp4wgpiy2e/frame_0009_depth.png'
04:29.647  render           | Saved: '/tmp/tmp4wgpiy2e/frame_0009_seg.png'
04:29.651  render           | Saved: '/tmp/tmp4wgpiy2e/frame_0009_rgb.png'
04:30.064  render           | Saved: '/tmp/tmp4wgpiy2e/frame_0010_depth.png'
04:30.065  render           | Saved: '/tmp/tmp4wgpiy2e/frame_0010_seg.png'
04:30.068  render           | Saved: '/tmp/tmp4wgpiy2e/frame_0010_rgb.png'
04:30.483  render           | Saved: '/tmp/tmp4wgpiy2e/frame_0011_depth.png'
04:30.484  render           | Saved: '/tmp/tmp4wgpiy2e/frame_0011_seg.png'
04:30.487  render           | Saved: '/tmp/tmp4wgpiy2e/frame_0011_rgb.png'
04:30.902  render           | Saved: '/tmp/tmp4wgpiy2e/frame_0012_depth.png'
04:30.902  render           | Saved: '/tmp/tmp4wgpiy2e/frame_0012_seg.png'
04:30.905  render           | Saved: '/tmp/tmp4wgpiy2e/frame_0012_rgb.png'
04:31.322  render           | Saved: '/tmp/tmp4wgpiy2e/frame_0013_depth.png'
04:31.323  render           | Saved: '/tmp/tmp4wgpiy2e/frame_0013_seg.png'
04:31.327  render           | Saved: '/tmp/tmp4wgpiy2e/frame_0013_rgb.png'
04:31.756  render           | Saved: '/tmp/tmp4wgpiy2e/frame_0014_depth.png'
04:31.758  render           | Saved: '/tmp/tmp4wgpiy2e/frame_0014_seg.png'
04:31.761  render           | Saved: '/tmp/tmp4wgpiy2e/frame_0014_rgb.png'
04:32.189  render           | Saved: '/tmp/tmp4wgpiy2e/frame_0015_seg.png'
04:32.190  render           | Saved: '/tmp/tmp4wgpiy2e/frame_0015_depth.png'
04:32.194  render           | Saved: '/tmp/tmp4wgpiy2e/frame_0015_rgb.png'
04:44.566  render           | Saved: '/tmp/tmp1kt8hpts/frame_0000_depth.png'
04:44.567  render           | Saved: '/tmp/tmp1kt8hpts/frame_0000_seg.png'
04:44.570  render           | Saved: '/tmp/tmp1kt8hpts/frame_0000_rgb.png'
04:44.983  render           | Saved: '/tmp/tmp1kt8hpts/frame_0001_depth.png'
04:44.984  render           | Saved: '/tmp/tmp1kt8hpts/frame_0001_seg.png'
04:44.987  render           | Saved: '/tmp/tmp1kt8hpts/frame_0001_rgb.png'
04:45.410  render           | Saved: '/tmp/tmp1kt8hpts/frame_0002_seg.png'
04:45.411  render           | Saved: '/tmp/tmp1kt8hpts/frame_0002_depth.png'
04:45.414  render           | Saved: '/tmp/tmp1kt8hpts/frame_0002_rgb.png'
04:45.826  render           | Saved: '/tmp/tmp1kt8hpts/frame_0003_seg.png'
04:45.827  render           | Saved: '/tmp/tmp1kt8hpts/frame_0003_depth.png'
04:45.830  render           | Saved: '/tmp/tmp1kt8hpts/frame_0003_rgb.png'
04:46.261  render           | Saved: '/tmp/tmp1kt8hpts/frame_0004_depth.png'
04:46.262  render           | Saved: '/tmp/tmp1kt8hpts/frame_0004_seg.png'
04:46.265  render           | Saved: '/tmp/tmp1kt8hpts/frame_0004_rgb.png'
04:46.678  render           | Saved: '/tmp/tmp1kt8hpts/frame_0005_depth.png'
04:46.678  render           | Saved: '/tmp/tmp1kt8hpts/frame_0005_seg.png'
04:46.682  render           | Saved: '/tmp/tmp1kt8hpts/frame_0005_rgb.png'
04:47.102  render           | Saved: '/tmp/tmp1kt8hpts/frame_0006_depth.png'
04:47.103  render           | Saved: '/tmp/tmp1kt8hpts/frame_0006_seg.png'
04:47.106  render           | Saved: '/tmp/tmp1kt8hpts/frame_0006_rgb.png'
04:47.536  render           | Saved: '/tmp/tmp1kt8hpts/frame_0007_depth.png'
04:47.537  render           | Saved: '/tmp/tmp1kt8hpts/frame_0007_seg.png'
04:47.540  render           | Saved: '/tmp/tmp1kt8hpts/frame_0007_rgb.png'
04:47.958  render           | Saved: '/tmp/tmp1kt8hpts/frame_0008_depth.png'
04:47.960  render           | Saved: '/tmp/tmp1kt8hpts/frame_0008_seg.png'
04:47.963  render           | Saved: '/tmp/tmp1kt8hpts/frame_0008_rgb.png'
04:48.389  render           | Saved: '/tmp/tmp1kt8hpts/frame_0009_depth.png'
04:48.390  render           | Saved: '/tmp/tmp1kt8hpts/frame_0009_seg.png'
04:48.393  render           | Saved: '/tmp/tmp1kt8hpts/frame_0009_rgb.png'
04:48.802  render           | Saved: '/tmp/tmp1kt8hpts/frame_0010_depth.png'
04:48.803  render           | Saved: '/tmp/tmp1kt8hpts/frame_0010_seg.png'
04:48.806  render           | Saved: '/tmp/tmp1kt8hpts/frame_0010_rgb.png'
04:49.220  render           | Saved: '/tmp/tmp1kt8hpts/frame_0011_seg.png'
04:49.220  render           | Saved: '/tmp/tmp1kt8hpts/frame_0011_depth.png'
04:49.224  render           | Saved: '/tmp/tmp1kt8hpts/frame_0011_rgb.png'
04:49.639  render           | Saved: '/tmp/tmp1kt8hpts/frame_0012_seg.png'
04:49.640  render           | Saved: '/tmp/tmp1kt8hpts/frame_0012_depth.png'
04:49.643  render           | Saved: '/tmp/tmp1kt8hpts/frame_0012_rgb.png'
04:50.064  render           | Saved: '/tmp/tmp1kt8hpts/frame_0013_depth.png'
04:50.065  render           | Saved: '/tmp/tmp1kt8hpts/frame_0013_seg.png'
04:50.068  render           | Saved: '/tmp/tmp1kt8hpts/frame_0013_rgb.png'
04:50.477  render           | Saved: '/tmp/tmp1kt8hpts/frame_0014_depth.png'
04:50.478  render           | Saved: '/tmp/tmp1kt8hpts/frame_0014_seg.png'
04:50.481  render           | Saved: '/tmp/tmp1kt8hpts/frame_0014_rgb.png'
04:50.886  render           | Saved: '/tmp/tmp1kt8hpts/frame_0015_depth.png'
04:50.887  render           | Saved: '/tmp/tmp1kt8hpts/frame_0015_seg.png'
04:50.890  render           | Saved: '/tmp/tmp1kt8hpts/frame_0015_rgb.png'
04:51.382  render           | Saved: '/tmp/tmp5bb6y0lo/frame_0000_depth.png'
04:51.383  render           | Saved: '/tmp/tmp5bb6y0lo/frame_0000_seg.png'
04:51.386  render           | Saved: '/tmp/tmp5bb6y0lo/frame_0000_rgb.png'
04:51.795  render           | Saved: '/tmp/tmp5bb6y0lo/frame_0001_depth.png'
04:51.796  render           | Saved: '/tmp/tmp5bb6y0lo/frame_0001_seg.png'
04:51.799  render           | Saved: '/tmp/tmp5bb6y0lo/frame_0001_rgb.png'
04:52.225  render           | Saved: '/tmp/tmp5bb6y0lo/frame_0002_depth.png'
04:52.226  render           | Saved: '/tmp/tmp5bb6y0lo/frame_0002_seg.png'
04:52.229  render           | Saved: '/tmp/tmp5bb6y0lo/frame_0002_rgb.png'
04:52.630  render           | Saved: '/tmp/tmp5bb6y0lo/frame_0003_depth.png'
04:52.630  render           | Saved: '/tmp/tmp5bb6y0lo/frame_0003_seg.png'
04:52.633  render           | Saved: '/tmp/tmp5bb6y0lo/frame_0003_rgb.png'
04:53.040  render           | Saved: '/tmp/tmp5bb6y0lo/frame_0004_depth.png'
04:53.041  render           | Saved: '/tmp/tmp5bb6y0lo/frame_0004_seg.png'
04:53.044  render           | Saved: '/tmp/tmp5bb6y0lo/frame_0004_rgb.png'
04:53.444  render           | Saved: '/tmp/tmp5bb6y0lo/frame_0005_depth.png'
04:53.445  render           | Saved: '/tmp/tmp5bb6y0lo/frame_0005_seg.png'
04:53.448  render           | Saved: '/tmp/tmp5bb6y0lo/frame_0005_rgb.png'
04:53.854  render           | Saved: '/tmp/tmp5bb6y0lo/frame_0006_seg.png'
04:53.855  render           | Saved: '/tmp/tmp5bb6y0lo/frame_0006_depth.png'
04:53.858  render           | Saved: '/tmp/tmp5bb6y0lo/frame_0006_rgb.png'
04:54.261  render           | Saved: '/tmp/tmp5bb6y0lo/frame_0007_seg.png'
04:54.262  render           | Saved: '/tmp/tmp5bb6y0lo/frame_0007_depth.png'
04:54.265  render           | Saved: '/tmp/tmp5bb6y0lo/frame_0007_rgb.png'
04:54.664  render           | Saved: '/tmp/tmp5bb6y0lo/frame_0008_depth.png'
04:54.665  render           | Saved: '/tmp/tmp5bb6y0lo/frame_0008_seg.png'
04:54.668  render           | Saved: '/tmp/tmp5bb6y0lo/frame_0008_rgb.png'
04:55.079  render           | Saved: '/tmp/tmp5bb6y0lo/frame_0009_depth.png'
04:55.079  render           | Saved: '/tmp/tmp5bb6y0lo/frame_0009_seg.png'
04:55.082  render           | Saved: '/tmp/tmp5bb6y0lo/frame_0009_rgb.png'
04:55.479  render           | Saved: '/tmp/tmp5bb6y0lo/frame_0010_depth.png'
04:55.480  render           | Saved: '/tmp/tmp5bb6y0lo/frame_0010_seg.png'
04:55.483  render           | Saved: '/tmp/tmp5bb6y0lo/frame_0010_rgb.png'
04:55.889  render           | Saved: '/tmp/tmp5bb6y0lo/frame_0011_depth.png'
04:55.890  render           | Saved: '/tmp/tmp5bb6y0lo/frame_0011_seg.png'
04:55.893  render           | Saved: '/tmp/tmp5bb6y0lo/frame_0011_rgb.png'
04:56.294  render           | Saved: '/tmp/tmp5bb6y0lo/frame_0012_depth.png'
04:56.295  render           | Saved: '/tmp/tmp5bb6y0lo/frame_0012_seg.png'
04:56.298  render           | Saved: '/tmp/tmp5bb6y0lo/frame_0012_rgb.png'
04:56.706  render           | Saved: '/tmp/tmp5bb6y0lo/frame_0013_depth.png'
04:56.706  render           | Saved: '/tmp/tmp5bb6y0lo/frame_0013_seg.png'
04:56.709  render           | Saved: '/tmp/tmp5bb6y0lo/frame_0013_rgb.png'
04:57.113  render           | Saved: '/tmp/tmp5bb6y0lo/frame_0014_depth.png'
04:57.115  render           | Saved: '/tmp/tmp5bb6y0lo/frame_0014_seg.png'
04:57.117  render           | Saved: '/tmp/tmp5bb6y0lo/frame_0014_rgb.png'
04:57.523  render           | Saved: '/tmp/tmp5bb6y0lo/frame_0015_seg.png'
04:57.523  render           | Saved: '/tmp/tmp5bb6y0lo/frame_0015_depth.png'
04:57.526  render           | Saved: '/tmp/tmp5bb6y0lo/frame_0015_rgb.png'
num_frames= 16  r2=-1.0116  cosine=0.9016  persistence_r2=-0.0089  (this frame count took 309s, total_elapsed=354s)
05:09.437  render           | Saved: '/tmp/tmp8q699e13/frame_0000_seg.png'
05:09.438  render           | Saved: '/tmp/tmp8q699e13/frame_0000_depth.png'
05:09.441  render           | Saved: '/tmp/tmp8q699e13/frame_0000_rgb.png'
05:09.863  render           | Saved: '/tmp/tmp8q699e13/frame_0001_depth.png'
05:09.864  render           | Saved: '/tmp/tmp8q699e13/frame_0001_seg.png'
05:09.867  render           | Saved: '/tmp/tmp8q699e13/frame_0001_rgb.png'
05:10.288  render           | Saved: '/tmp/tmp8q699e13/frame_0002_depth.png'
05:10.289  render           | Saved: '/tmp/tmp8q699e13/frame_0002_seg.png'
05:10.292  render           | Saved: '/tmp/tmp8q699e13/frame_0002_rgb.png'
05:10.711  render           | Saved: '/tmp/tmp8q699e13/frame_0003_depth.png'
05:10.712  render           | Saved: '/tmp/tmp8q699e13/frame_0003_seg.png'
05:10.715  render           | Saved: '/tmp/tmp8q699e13/frame_0003_rgb.png'
05:11.178  render           | Saved: '/tmp/tmp8q699e13/frame_0004_depth.png'
05:11.179  render           | Saved: '/tmp/tmp8q699e13/frame_0004_seg.png'
05:11.183  render           | Saved: '/tmp/tmp8q699e13/frame_0004_rgb.png'
05:11.603  render           | Saved: '/tmp/tmp8q699e13/frame_0005_depth.png'
05:11.604  render           | Saved: '/tmp/tmp8q699e13/frame_0005_seg.png'
05:11.607  render           | Saved: '/tmp/tmp8q699e13/frame_0005_rgb.png'
05:12.024  render           | Saved: '/tmp/tmp8q699e13/frame_0006_depth.png'
05:12.025  render           | Saved: '/tmp/tmp8q699e13/frame_0006_seg.png'
05:12.028  render           | Saved: '/tmp/tmp8q699e13/frame_0006_rgb.png'
05:12.438  render           | Saved: '/tmp/tmp8q699e13/frame_0007_seg.png'
05:12.439  render           | Saved: '/tmp/tmp8q699e13/frame_0007_depth.png'
05:12.442  render           | Saved: '/tmp/tmp8q699e13/frame_0007_rgb.png'
05:12.866  render           | Saved: '/tmp/tmp8q699e13/frame_0008_seg.png'
05:12.867  render           | Saved: '/tmp/tmp8q699e13/frame_0008_depth.png'
05:12.870  render           | Saved: '/tmp/tmp8q699e13/frame_0008_rgb.png'
05:13.282  render           | Saved: '/tmp/tmp8q699e13/frame_0009_depth.png'
05:13.283  render           | Saved: '/tmp/tmp8q699e13/frame_0009_seg.png'
05:13.286  render           | Saved: '/tmp/tmp8q699e13/frame_0009_rgb.png'
05:13.693  render           | Saved: '/tmp/tmp8q699e13/frame_0010_depth.png'
05:13.694  render           | Saved: '/tmp/tmp8q699e13/frame_0010_seg.png'
05:13.698  render           | Saved: '/tmp/tmp8q699e13/frame_0010_rgb.png'
05:14.110  render           | Saved: '/tmp/tmp8q699e13/frame_0011_depth.png'
05:14.110  render           | Saved: '/tmp/tmp8q699e13/frame_0011_seg.png'
05:14.113  render           | Saved: '/tmp/tmp8q699e13/frame_0011_rgb.png'
05:14.525  render           | Saved: '/tmp/tmp8q699e13/frame_0012_depth.png'
05:14.526  render           | Saved: '/tmp/tmp8q699e13/frame_0012_seg.png'
05:14.529  render           | Saved: '/tmp/tmp8q699e13/frame_0012_rgb.png'
05:14.942  render           | Saved: '/tmp/tmp8q699e13/frame_0013_depth.png'
05:14.943  render           | Saved: '/tmp/tmp8q699e13/frame_0013_seg.png'
05:14.946  render           | Saved: '/tmp/tmp8q699e13/frame_0013_rgb.png'
05:15.353  render           | Saved: '/tmp/tmp8q699e13/frame_0014_depth.png'
05:15.354  render           | Saved: '/tmp/tmp8q699e13/frame_0014_seg.png'
05:15.358  render           | Saved: '/tmp/tmp8q699e13/frame_0014_rgb.png'
05:15.767  render           | Saved: '/tmp/tmp8q699e13/frame_0015_depth.png'
05:15.767  render           | Saved: '/tmp/tmp8q699e13/frame_0015_seg.png'
05:15.770  render           | Saved: '/tmp/tmp8q699e13/frame_0015_rgb.png'
05:16.182  render           | Saved: '/tmp/tmp8q699e13/frame_0016_seg.png'
05:16.183  render           | Saved: '/tmp/tmp8q699e13/frame_0016_depth.png'
05:16.187  render           | Saved: '/tmp/tmp8q699e13/frame_0016_rgb.png'
05:16.591  render           | Saved: '/tmp/tmp8q699e13/frame_0017_seg.png'
05:16.592  render           | Saved: '/tmp/tmp8q699e13/frame_0017_depth.png'
05:16.595  render           | Saved: '/tmp/tmp8q699e13/frame_0017_rgb.png'
05:17.005  render           | Saved: '/tmp/tmp8q699e13/frame_0018_depth.png'
05:17.006  render           | Saved: '/tmp/tmp8q699e13/frame_0018_seg.png'
05:17.009  render           | Saved: '/tmp/tmp8q699e13/frame_0018_rgb.png'
05:17.428  render           | Saved: '/tmp/tmp8q699e13/frame_0019_depth.png'
05:17.429  render           | Saved: '/tmp/tmp8q699e13/frame_0019_seg.png'
05:17.432  render           | Saved: '/tmp/tmp8q699e13/frame_0019_rgb.png'
05:17.846  render           | Saved: '/tmp/tmp8q699e13/frame_0020_depth.png'
05:17.847  render           | Saved: '/tmp/tmp8q699e13/frame_0020_seg.png'
05:17.850  render           | Saved: '/tmp/tmp8q699e13/frame_0020_rgb.png'
05:18.271  render           | Saved: '/tmp/tmp8q699e13/frame_0021_depth.png'
05:18.272  render           | Saved: '/tmp/tmp8q699e13/frame_0021_seg.png'
05:18.275  render           | Saved: '/tmp/tmp8q699e13/frame_0021_rgb.png'
05:18.686  render           | Saved: '/tmp/tmp8q699e13/frame_0022_depth.png'
05:18.687  render           | Saved: '/tmp/tmp8q699e13/frame_0022_seg.png'
05:18.690  render           | Saved: '/tmp/tmp8q699e13/frame_0022_rgb.png'
05:19.104  render           | Saved: '/tmp/tmp8q699e13/frame_0023_depth.png'
05:19.105  render           | Saved: '/tmp/tmp8q699e13/frame_0023_seg.png'
05:19.108  render           | Saved: '/tmp/tmp8q699e13/frame_0023_rgb.png'
05:19.513  render           | Saved: '/tmp/tmp8q699e13/frame_0024_depth.png'
05:19.514  render           | Saved: '/tmp/tmp8q699e13/frame_0024_seg.png'
05:19.517  render           | Saved: '/tmp/tmp8q699e13/frame_0024_rgb.png'
05:19.933  render           | Saved: '/tmp/tmp8q699e13/frame_0025_seg.png'
05:19.934  render           | Saved: '/tmp/tmp8q699e13/frame_0025_depth.png'
05:19.937  render           | Saved: '/tmp/tmp8q699e13/frame_0025_rgb.png'
05:20.364  render           | Saved: '/tmp/tmp8q699e13/frame_0026_seg.png'
05:20.365  render           | Saved: '/tmp/tmp8q699e13/frame_0026_depth.png'
05:20.368  render           | Saved: '/tmp/tmp8q699e13/frame_0026_rgb.png'
05:20.803  render           | Saved: '/tmp/tmp8q699e13/frame_0027_depth.png'
05:20.804  render           | Saved: '/tmp/tmp8q699e13/frame_0027_seg.png'
05:20.807  render           | Saved: '/tmp/tmp8q699e13/frame_0027_rgb.png'
05:21.245  render           | Saved: '/tmp/tmp8q699e13/frame_0028_depth.png'
05:21.246  render           | Saved: '/tmp/tmp8q699e13/frame_0028_seg.png'
05:21.249  render           | Saved: '/tmp/tmp8q699e13/frame_0028_rgb.png'
05:21.671  render           | Saved: '/tmp/tmp8q699e13/frame_0029_depth.png'
05:21.672  render           | Saved: '/tmp/tmp8q699e13/frame_0029_seg.png'
05:21.675  render           | Saved: '/tmp/tmp8q699e13/frame_0029_rgb.png'
05:22.087  render           | Saved: '/tmp/tmp8q699e13/frame_0030_depth.png'
05:22.088  render           | Saved: '/tmp/tmp8q699e13/frame_0030_seg.png'
05:22.091  render           | Saved: '/tmp/tmp8q699e13/frame_0030_rgb.png'
05:22.500  render           | Saved: '/tmp/tmp8q699e13/frame_0031_depth.png'
05:22.501  render           | Saved: '/tmp/tmp8q699e13/frame_0031_seg.png'
05:22.504  render           | Saved: '/tmp/tmp8q699e13/frame_0031_rgb.png'
05:22.992  render           | Saved: '/tmp/tmpqanrx0vo/frame_0000_depth.png'
05:22.993  render           | Saved: '/tmp/tmpqanrx0vo/frame_0000_seg.png'
05:22.998  render           | Saved: '/tmp/tmpqanrx0vo/frame_0000_rgb.png'
05:23.410  render           | Saved: '/tmp/tmpqanrx0vo/frame_0001_depth.png'
05:23.411  render           | Saved: '/tmp/tmpqanrx0vo/frame_0001_seg.png'
05:23.414  render           | Saved: '/tmp/tmpqanrx0vo/frame_0001_rgb.png'
05:23.824  render           | Saved: '/tmp/tmpqanrx0vo/frame_0002_seg.png'
05:23.825  render           | Saved: '/tmp/tmpqanrx0vo/frame_0002_depth.png'
05:23.828  render           | Saved: '/tmp/tmpqanrx0vo/frame_0002_rgb.png'
05:24.232  render           | Saved: '/tmp/tmpqanrx0vo/frame_0003_seg.png'
05:24.233  render           | Saved: '/tmp/tmpqanrx0vo/frame_0003_depth.png'
05:24.236  render           | Saved: '/tmp/tmpqanrx0vo/frame_0003_rgb.png'
05:24.643  render           | Saved: '/tmp/tmpqanrx0vo/frame_0004_depth.png'
05:24.644  render           | Saved: '/tmp/tmpqanrx0vo/frame_0004_seg.png'
05:24.647  render           | Saved: '/tmp/tmpqanrx0vo/frame_0004_rgb.png'
05:25.049  render           | Saved: '/tmp/tmpqanrx0vo/frame_0005_depth.png'
05:25.049  render           | Saved: '/tmp/tmpqanrx0vo/frame_0005_seg.png'
05:25.052  render           | Saved: '/tmp/tmpqanrx0vo/frame_0005_rgb.png'
05:25.450  render           | Saved: '/tmp/tmpqanrx0vo/frame_0006_depth.png'
05:25.451  render           | Saved: '/tmp/tmpqanrx0vo/frame_0006_seg.png'
05:25.454  render           | Saved: '/tmp/tmpqanrx0vo/frame_0006_rgb.png'
05:25.863  render           | Saved: '/tmp/tmpqanrx0vo/frame_0007_depth.png'
05:25.864  render           | Saved: '/tmp/tmpqanrx0vo/frame_0007_seg.png'
05:25.867  render           | Saved: '/tmp/tmpqanrx0vo/frame_0007_rgb.png'
05:26.272  render           | Saved: '/tmp/tmpqanrx0vo/frame_0008_depth.png'
05:26.273  render           | Saved: '/tmp/tmpqanrx0vo/frame_0008_seg.png'
05:26.276  render           | Saved: '/tmp/tmpqanrx0vo/frame_0008_rgb.png'
05:26.680  render           | Saved: '/tmp/tmpqanrx0vo/frame_0009_depth.png'
05:26.681  render           | Saved: '/tmp/tmpqanrx0vo/frame_0009_seg.png'
05:26.684  render           | Saved: '/tmp/tmpqanrx0vo/frame_0009_rgb.png'
05:27.089  render           | Saved: '/tmp/tmpqanrx0vo/frame_0010_depth.png'
05:27.089  render           | Saved: '/tmp/tmpqanrx0vo/frame_0010_seg.png'
05:27.092  render           | Saved: '/tmp/tmpqanrx0vo/frame_0010_rgb.png'
05:27.501  render           | Saved: '/tmp/tmpqanrx0vo/frame_0011_seg.png'
05:27.502  render           | Saved: '/tmp/tmpqanrx0vo/frame_0011_depth.png'
05:27.505  render           | Saved: '/tmp/tmpqanrx0vo/frame_0011_rgb.png'
05:27.909  render           | Saved: '/tmp/tmpqanrx0vo/frame_0012_seg.png'
05:27.910  render           | Saved: '/tmp/tmpqanrx0vo/frame_0012_depth.png'
05:27.913  render           | Saved: '/tmp/tmpqanrx0vo/frame_0012_rgb.png'
05:28.316  render           | Saved: '/tmp/tmpqanrx0vo/frame_0013_depth.png'
05:28.317  render           | Saved: '/tmp/tmpqanrx0vo/frame_0013_seg.png'
05:28.321  render           | Saved: '/tmp/tmpqanrx0vo/frame_0013_rgb.png'
05:28.727  render           | Saved: '/tmp/tmpqanrx0vo/frame_0014_depth.png'
05:28.728  render           | Saved: '/tmp/tmpqanrx0vo/frame_0014_seg.png'
05:28.731  render           | Saved: '/tmp/tmpqanrx0vo/frame_0014_rgb.png'
05:29.139  render           | Saved: '/tmp/tmpqanrx0vo/frame_0015_depth.png'
05:29.140  render           | Saved: '/tmp/tmpqanrx0vo/frame_0015_seg.png'
05:29.143  render           | Saved: '/tmp/tmpqanrx0vo/frame_0015_rgb.png'
05:29.564  render           | Saved: '/tmp/tmpqanrx0vo/frame_0016_depth.png'
05:29.565  render           | Saved: '/tmp/tmpqanrx0vo/frame_0016_seg.png'
05:29.568  render           | Saved: '/tmp/tmpqanrx0vo/frame_0016_rgb.png'
05:29.985  render           | Saved: '/tmp/tmpqanrx0vo/frame_0017_depth.png'
05:29.986  render           | Saved: '/tmp/tmpqanrx0vo/frame_0017_seg.png'
05:29.989  render           | Saved: '/tmp/tmpqanrx0vo/frame_0017_rgb.png'
05:30.417  render           | Saved: '/tmp/tmpqanrx0vo/frame_0018_depth.png'
05:30.418  render           | Saved: '/tmp/tmpqanrx0vo/frame_0018_seg.png'
05:30.421  render           | Saved: '/tmp/tmpqanrx0vo/frame_0018_rgb.png'
05:30.828  render           | Saved: '/tmp/tmpqanrx0vo/frame_0019_seg.png'
05:30.829  render           | Saved: '/tmp/tmpqanrx0vo/frame_0019_depth.png'
05:30.833  render           | Saved: '/tmp/tmpqanrx0vo/frame_0019_rgb.png'
05:31.239  render           | Saved: '/tmp/tmpqanrx0vo/frame_0020_seg.png'
05:31.240  render           | Saved: '/tmp/tmpqanrx0vo/frame_0020_depth.png'
05:31.243  render           | Saved: '/tmp/tmpqanrx0vo/frame_0020_rgb.png'
05:31.648  render           | Saved: '/tmp/tmpqanrx0vo/frame_0021_seg.png'
05:31.649  render           | Saved: '/tmp/tmpqanrx0vo/frame_0021_depth.png'
05:31.652  render           | Saved: '/tmp/tmpqanrx0vo/frame_0021_rgb.png'
05:32.071  render           | Saved: '/tmp/tmpqanrx0vo/frame_0022_depth.png'
05:32.071  render           | Saved: '/tmp/tmpqanrx0vo/frame_0022_seg.png'
05:32.074  render           | Saved: '/tmp/tmpqanrx0vo/frame_0022_rgb.png'
05:32.483  render           | Saved: '/tmp/tmpqanrx0vo/frame_0023_depth.png'
05:32.484  render           | Saved: '/tmp/tmpqanrx0vo/frame_0023_seg.png'
05:32.487  render           | Saved: '/tmp/tmpqanrx0vo/frame_0023_rgb.png'
05:32.905  render           | Saved: '/tmp/tmpqanrx0vo/frame_0024_depth.png'
05:32.906  render           | Saved: '/tmp/tmpqanrx0vo/frame_0024_seg.png'
05:32.909  render           | Saved: '/tmp/tmpqanrx0vo/frame_0024_rgb.png'
05:33.324  render           | Saved: '/tmp/tmpqanrx0vo/frame_0025_depth.png'
05:33.325  render           | Saved: '/tmp/tmpqanrx0vo/frame_0025_seg.png'
05:33.328  render           | Saved: '/tmp/tmpqanrx0vo/frame_0025_rgb.png'
05:33.734  render           | Saved: '/tmp/tmpqanrx0vo/frame_0026_depth.png'
05:33.735  render           | Saved: '/tmp/tmpqanrx0vo/frame_0026_seg.png'
05:33.738  render           | Saved: '/tmp/tmpqanrx0vo/frame_0026_rgb.png'
05:34.146  render           | Saved: '/tmp/tmpqanrx0vo/frame_0027_depth.png'
05:34.147  render           | Saved: '/tmp/tmpqanrx0vo/frame_0027_seg.png'
05:34.150  render           | Saved: '/tmp/tmpqanrx0vo/frame_0027_rgb.png'
05:34.550  render           | Saved: '/tmp/tmpqanrx0vo/frame_0028_seg.png'
05:34.551  render           | Saved: '/tmp/tmpqanrx0vo/frame_0028_depth.png'
05:34.554  render           | Saved: '/tmp/tmpqanrx0vo/frame_0028_rgb.png'
05:34.971  render           | Saved: '/tmp/tmpqanrx0vo/frame_0029_seg.png'
05:34.972  render           | Saved: '/tmp/tmpqanrx0vo/frame_0029_depth.png'
05:34.975  render           | Saved: '/tmp/tmpqanrx0vo/frame_0029_rgb.png'
05:35.379  render           | Saved: '/tmp/tmpqanrx0vo/frame_0030_seg.png'
05:35.380  render           | Saved: '/tmp/tmpqanrx0vo/frame_0030_depth.png'
05:35.383  render           | Saved: '/tmp/tmpqanrx0vo/frame_0030_rgb.png'
05:35.802  render           | Saved: '/tmp/tmpqanrx0vo/frame_0031_depth.png'
05:35.802  render           | Saved: '/tmp/tmpqanrx0vo/frame_0031_seg.png'
05:35.805  render           | Saved: '/tmp/tmpqanrx0vo/frame_0031_rgb.png'
06:06.492  render           | Saved: '/tmp/tmpa4e080_u/frame_0000_depth.png'
06:06.493  render           | Saved: '/tmp/tmpa4e080_u/frame_0000_seg.png'
06:06.496  render           | Saved: '/tmp/tmpa4e080_u/frame_0000_rgb.png'
06:06.892  render           | Saved: '/tmp/tmpa4e080_u/frame_0001_depth.png'
06:06.893  render           | Saved: '/tmp/tmpa4e080_u/frame_0001_seg.png'
06:06.896  render           | Saved: '/tmp/tmpa4e080_u/frame_0001_rgb.png'
06:07.280  render           | Saved: '/tmp/tmpa4e080_u/frame_0002_depth.png'
06:07.281  render           | Saved: '/tmp/tmpa4e080_u/frame_0002_seg.png'
06:07.284  render           | Saved: '/tmp/tmpa4e080_u/frame_0002_rgb.png'
06:07.672  render           | Saved: '/tmp/tmpa4e080_u/frame_0003_seg.png'
06:07.672  render           | Saved: '/tmp/tmpa4e080_u/frame_0003_depth.png'
06:07.676  render           | Saved: '/tmp/tmpa4e080_u/frame_0003_rgb.png'
06:08.054  render           | Saved: '/tmp/tmpa4e080_u/frame_0004_seg.png'
06:08.055  render           | Saved: '/tmp/tmpa4e080_u/frame_0004_depth.png'
06:08.058  render           | Saved: '/tmp/tmpa4e080_u/frame_0004_rgb.png'
06:08.447  render           | Saved: '/tmp/tmpa4e080_u/frame_0005_depth.png'
06:08.448  render           | Saved: '/tmp/tmpa4e080_u/frame_0005_seg.png'
06:08.451  render           | Saved: '/tmp/tmpa4e080_u/frame_0005_rgb.png'
06:08.841  render           | Saved: '/tmp/tmpa4e080_u/frame_0006_depth.png'
06:08.842  render           | Saved: '/tmp/tmpa4e080_u/frame_0006_seg.png'
06:08.845  render           | Saved: '/tmp/tmpa4e080_u/frame_0006_rgb.png'
06:09.236  render           | Saved: '/tmp/tmpa4e080_u/frame_0007_depth.png'
06:09.237  render           | Saved: '/tmp/tmpa4e080_u/frame_0007_seg.png'
06:09.240  render           | Saved: '/tmp/tmpa4e080_u/frame_0007_rgb.png'
06:09.623  render           | Saved: '/tmp/tmpa4e080_u/frame_0008_depth.png'
06:09.624  render           | Saved: '/tmp/tmpa4e080_u/frame_0008_seg.png'
06:09.627  render           | Saved: '/tmp/tmpa4e080_u/frame_0008_rgb.png'
06:09.998  render           | Saved: '/tmp/tmpa4e080_u/frame_0009_depth.png'
06:09.999  render           | Saved: '/tmp/tmpa4e080_u/frame_0009_seg.png'
06:10.002  render           | Saved: '/tmp/tmpa4e080_u/frame_0009_rgb.png'
06:10.370  render           | Saved: '/tmp/tmpa4e080_u/frame_0010_depth.png'
06:10.371  render           | Saved: '/tmp/tmpa4e080_u/frame_0010_seg.png'
06:10.374  render           | Saved: '/tmp/tmpa4e080_u/frame_0010_rgb.png'
06:10.744  render           | Saved: '/tmp/tmpa4e080_u/frame_0011_depth.png'
06:10.745  render           | Saved: '/tmp/tmpa4e080_u/frame_0011_seg.png'
06:10.748  render           | Saved: '/tmp/tmpa4e080_u/frame_0011_rgb.png'
06:11.120  render           | Saved: '/tmp/tmpa4e080_u/frame_0012_seg.png'
06:11.121  render           | Saved: '/tmp/tmpa4e080_u/frame_0012_depth.png'
06:11.124  render           | Saved: '/tmp/tmpa4e080_u/frame_0012_rgb.png'
06:11.492  render           | Saved: '/tmp/tmpa4e080_u/frame_0013_seg.png'
06:11.493  render           | Saved: '/tmp/tmpa4e080_u/frame_0013_depth.png'
06:11.496  render           | Saved: '/tmp/tmpa4e080_u/frame_0013_rgb.png'
06:11.875  render           | Saved: '/tmp/tmpa4e080_u/frame_0014_depth.png'
06:11.875  render           | Saved: '/tmp/tmpa4e080_u/frame_0014_seg.png'
06:11.878  render           | Saved: '/tmp/tmpa4e080_u/frame_0014_rgb.png'
06:12.250  render           | Saved: '/tmp/tmpa4e080_u/frame_0015_depth.png'
06:12.251  render           | Saved: '/tmp/tmpa4e080_u/frame_0015_seg.png'
06:12.254  render           | Saved: '/tmp/tmpa4e080_u/frame_0015_rgb.png'
06:12.634  render           | Saved: '/tmp/tmpa4e080_u/frame_0016_depth.png'
06:12.635  render           | Saved: '/tmp/tmpa4e080_u/frame_0016_seg.png'
06:12.638  render           | Saved: '/tmp/tmpa4e080_u/frame_0016_rgb.png'
06:13.013  render           | Saved: '/tmp/tmpa4e080_u/frame_0017_depth.png'
06:13.014  render           | Saved: '/tmp/tmpa4e080_u/frame_0017_seg.png'
06:13.017  render           | Saved: '/tmp/tmpa4e080_u/frame_0017_rgb.png'
06:13.406  render           | Saved: '/tmp/tmpa4e080_u/frame_0018_depth.png'
06:13.406  render           | Saved: '/tmp/tmpa4e080_u/frame_0018_seg.png'
06:13.409  render           | Saved: '/tmp/tmpa4e080_u/frame_0018_rgb.png'
06:13.778  render           | Saved: '/tmp/tmpa4e080_u/frame_0019_depth.png'
06:13.779  render           | Saved: '/tmp/tmpa4e080_u/frame_0019_seg.png'
06:13.782  render           | Saved: '/tmp/tmpa4e080_u/frame_0019_rgb.png'
06:14.155  render           | Saved: '/tmp/tmpa4e080_u/frame_0020_depth.png'
06:14.156  render           | Saved: '/tmp/tmpa4e080_u/frame_0020_seg.png'
06:14.159  render           | Saved: '/tmp/tmpa4e080_u/frame_0020_rgb.png'
06:14.534  render           | Saved: '/tmp/tmpa4e080_u/frame_0021_seg.png'
06:14.535  render           | Saved: '/tmp/tmpa4e080_u/frame_0021_depth.png'
06:14.538  render           | Saved: '/tmp/tmpa4e080_u/frame_0021_rgb.png'
06:14.912  render           | Saved: '/tmp/tmpa4e080_u/frame_0022_seg.png'
06:14.913  render           | Saved: '/tmp/tmpa4e080_u/frame_0022_depth.png'
06:14.916  render           | Saved: '/tmp/tmpa4e080_u/frame_0022_rgb.png'
06:15.284  render           | Saved: '/tmp/tmpa4e080_u/frame_0023_depth.png'
06:15.285  render           | Saved: '/tmp/tmpa4e080_u/frame_0023_seg.png'
06:15.290  render           | Saved: '/tmp/tmpa4e080_u/frame_0023_rgb.png'
06:15.662  render           | Saved: '/tmp/tmpa4e080_u/frame_0024_depth.png'
06:15.662  render           | Saved: '/tmp/tmpa4e080_u/frame_0024_seg.png'
06:15.666  render           | Saved: '/tmp/tmpa4e080_u/frame_0024_rgb.png'
06:16.046  render           | Saved: '/tmp/tmpa4e080_u/frame_0025_depth.png'
06:16.047  render           | Saved: '/tmp/tmpa4e080_u/frame_0025_seg.png'
06:16.050  render           | Saved: '/tmp/tmpa4e080_u/frame_0025_rgb.png'
06:16.422  render           | Saved: '/tmp/tmpa4e080_u/frame_0026_depth.png'
06:16.423  render           | Saved: '/tmp/tmpa4e080_u/frame_0026_seg.png'
06:16.426  render           | Saved: '/tmp/tmpa4e080_u/frame_0026_rgb.png'
06:16.795  render           | Saved: '/tmp/tmpa4e080_u/frame_0027_depth.png'
06:16.796  render           | Saved: '/tmp/tmpa4e080_u/frame_0027_seg.png'
06:16.799  render           | Saved: '/tmp/tmpa4e080_u/frame_0027_rgb.png'
06:17.165  render           | Saved: '/tmp/tmpa4e080_u/frame_0028_depth.png'
06:17.166  render           | Saved: '/tmp/tmpa4e080_u/frame_0028_seg.png'
06:17.169  render           | Saved: '/tmp/tmpa4e080_u/frame_0028_rgb.png'
06:17.537  render           | Saved: '/tmp/tmpa4e080_u/frame_0029_seg.png'
06:17.538  render           | Saved: '/tmp/tmpa4e080_u/frame_0029_depth.png'
06:17.541  render           | Saved: '/tmp/tmpa4e080_u/frame_0029_rgb.png'
06:17.905  render           | Saved: '/tmp/tmpa4e080_u/frame_0030_seg.png'
06:17.906  render           | Saved: '/tmp/tmpa4e080_u/frame_0030_depth.png'
06:17.909  render           | Saved: '/tmp/tmpa4e080_u/frame_0030_rgb.png'
06:18.273  render           | Saved: '/tmp/tmpa4e080_u/frame_0031_seg.png'
06:18.274  render           | Saved: '/tmp/tmpa4e080_u/frame_0031_depth.png'
06:18.277  render           | Saved: '/tmp/tmpa4e080_u/frame_0031_rgb.png'
06:18.717  render           | Saved: '/tmp/tmpsk5wkr8u/frame_0000_depth.png'
06:18.718  render           | Saved: '/tmp/tmpsk5wkr8u/frame_0000_seg.png'
06:18.721  render           | Saved: '/tmp/tmpsk5wkr8u/frame_0000_rgb.png'
06:19.090  render           | Saved: '/tmp/tmpsk5wkr8u/frame_0001_depth.png'
06:19.091  render           | Saved: '/tmp/tmpsk5wkr8u/frame_0001_seg.png'
06:19.095  render           | Saved: '/tmp/tmpsk5wkr8u/frame_0001_rgb.png'
06:19.464  render           | Saved: '/tmp/tmpsk5wkr8u/frame_0002_depth.png'
06:19.465  render           | Saved: '/tmp/tmpsk5wkr8u/frame_0002_seg.png'
06:19.468  render           | Saved: '/tmp/tmpsk5wkr8u/frame_0002_rgb.png'
06:19.836  render           | Saved: '/tmp/tmpsk5wkr8u/frame_0003_depth.png'
06:19.837  render           | Saved: '/tmp/tmpsk5wkr8u/frame_0003_seg.png'
06:19.840  render           | Saved: '/tmp/tmpsk5wkr8u/frame_0003_rgb.png'
06:20.199  render           | Saved: '/tmp/tmpsk5wkr8u/frame_0004_depth.png'
06:20.199  render           | Saved: '/tmp/tmpsk5wkr8u/frame_0004_seg.png'
06:20.203  render           | Saved: '/tmp/tmpsk5wkr8u/frame_0004_rgb.png'
06:20.558  render           | Saved: '/tmp/tmpsk5wkr8u/frame_0005_seg.png'
06:20.559  render           | Saved: '/tmp/tmpsk5wkr8u/frame_0005_depth.png'
06:20.562  render           | Saved: '/tmp/tmpsk5wkr8u/frame_0005_rgb.png'
06:20.919  render           | Saved: '/tmp/tmpsk5wkr8u/frame_0006_seg.png'
06:20.919  render           | Saved: '/tmp/tmpsk5wkr8u/frame_0006_depth.png'
06:20.923  render           | Saved: '/tmp/tmpsk5wkr8u/frame_0006_rgb.png'
06:21.280  render           | Saved: '/tmp/tmpsk5wkr8u/frame_0007_depth.png'
06:21.281  render           | Saved: '/tmp/tmpsk5wkr8u/frame_0007_seg.png'
06:21.284  render           | Saved: '/tmp/tmpsk5wkr8u/frame_0007_rgb.png'
06:21.638  render           | Saved: '/tmp/tmpsk5wkr8u/frame_0008_depth.png'
06:21.639  render           | Saved: '/tmp/tmpsk5wkr8u/frame_0008_seg.png'
06:21.642  render           | Saved: '/tmp/tmpsk5wkr8u/frame_0008_rgb.png'
06:21.999  render           | Saved: '/tmp/tmpsk5wkr8u/frame_0009_depth.png'
06:22.000  render           | Saved: '/tmp/tmpsk5wkr8u/frame_0009_seg.png'
06:22.003  render           | Saved: '/tmp/tmpsk5wkr8u/frame_0009_rgb.png'
06:22.358  render           | Saved: '/tmp/tmpsk5wkr8u/frame_0010_depth.png'
06:22.359  render           | Saved: '/tmp/tmpsk5wkr8u/frame_0010_seg.png'
06:22.362  render           | Saved: '/tmp/tmpsk5wkr8u/frame_0010_rgb.png'
06:22.727  render           | Saved: '/tmp/tmpsk5wkr8u/frame_0011_depth.png'
06:22.728  render           | Saved: '/tmp/tmpsk5wkr8u/frame_0011_seg.png'
06:22.731  render           | Saved: '/tmp/tmpsk5wkr8u/frame_0011_rgb.png'
06:23.087  render           | Saved: '/tmp/tmpsk5wkr8u/frame_0012_depth.png'
06:23.088  render           | Saved: '/tmp/tmpsk5wkr8u/frame_0012_seg.png'
06:23.091  render           | Saved: '/tmp/tmpsk5wkr8u/frame_0012_rgb.png'
06:23.451  render           | Saved: '/tmp/tmpsk5wkr8u/frame_0013_depth.png'
06:23.452  render           | Saved: '/tmp/tmpsk5wkr8u/frame_0013_seg.png'
06:23.455  render           | Saved: '/tmp/tmpsk5wkr8u/frame_0013_rgb.png'
06:23.814  render           | Saved: '/tmp/tmpsk5wkr8u/frame_0014_seg.png'
06:23.814  render           | Saved: '/tmp/tmpsk5wkr8u/frame_0014_depth.png'
06:23.817  render           | Saved: '/tmp/tmpsk5wkr8u/frame_0014_rgb.png'
06:24.179  render           | Saved: '/tmp/tmpsk5wkr8u/frame_0015_seg.png'
06:24.180  render           | Saved: '/tmp/tmpsk5wkr8u/frame_0015_depth.png'
06:24.183  render           | Saved: '/tmp/tmpsk5wkr8u/frame_0015_rgb.png'
06:24.541  render           | Saved: '/tmp/tmpsk5wkr8u/frame_0016_depth.png'
06:24.542  render           | Saved: '/tmp/tmpsk5wkr8u/frame_0016_seg.png'
06:24.545  render           | Saved: '/tmp/tmpsk5wkr8u/frame_0016_rgb.png'
06:24.913  render           | Saved: '/tmp/tmpsk5wkr8u/frame_0017_depth.png'
06:24.914  render           | Saved: '/tmp/tmpsk5wkr8u/frame_0017_seg.png'
06:24.917  render           | Saved: '/tmp/tmpsk5wkr8u/frame_0017_rgb.png'
06:25.280  render           | Saved: '/tmp/tmpsk5wkr8u/frame_0018_depth.png'
06:25.281  render           | Saved: '/tmp/tmpsk5wkr8u/frame_0018_seg.png'
06:25.284  render           | Saved: '/tmp/tmpsk5wkr8u/frame_0018_rgb.png'
06:25.642  render           | Saved: '/tmp/tmpsk5wkr8u/frame_0019_depth.png'
06:25.643  render           | Saved: '/tmp/tmpsk5wkr8u/frame_0019_seg.png'
06:25.647  render           | Saved: '/tmp/tmpsk5wkr8u/frame_0019_rgb.png'
06:26.006  render           | Saved: '/tmp/tmpsk5wkr8u/frame_0020_depth.png'
06:26.007  render           | Saved: '/tmp/tmpsk5wkr8u/frame_0020_seg.png'
06:26.011  render           | Saved: '/tmp/tmpsk5wkr8u/frame_0020_rgb.png'
06:26.367  render           | Saved: '/tmp/tmpsk5wkr8u/frame_0021_depth.png'
06:26.368  render           | Saved: '/tmp/tmpsk5wkr8u/frame_0021_seg.png'
06:26.371  render           | Saved: '/tmp/tmpsk5wkr8u/frame_0021_rgb.png'
06:26.727  render           | Saved: '/tmp/tmpsk5wkr8u/frame_0022_depth.png'
06:26.727  render           | Saved: '/tmp/tmpsk5wkr8u/frame_0022_seg.png'
06:26.731  render           | Saved: '/tmp/tmpsk5wkr8u/frame_0022_rgb.png'
06:27.100  render           | Saved: '/tmp/tmpsk5wkr8u/frame_0023_seg.png'
06:27.101  render           | Saved: '/tmp/tmpsk5wkr8u/frame_0023_depth.png'
06:27.104  render           | Saved: '/tmp/tmpsk5wkr8u/frame_0023_rgb.png'
06:27.477  render           | Saved: '/tmp/tmpsk5wkr8u/frame_0024_seg.png'
06:27.478  render           | Saved: '/tmp/tmpsk5wkr8u/frame_0024_depth.png'
06:27.481  render           | Saved: '/tmp/tmpsk5wkr8u/frame_0024_rgb.png'
06:27.839  render           | Saved: '/tmp/tmpsk5wkr8u/frame_0025_depth.png'
06:27.840  render           | Saved: '/tmp/tmpsk5wkr8u/frame_0025_seg.png'
06:27.843  render           | Saved: '/tmp/tmpsk5wkr8u/frame_0025_rgb.png'
06:28.199  render           | Saved: '/tmp/tmpsk5wkr8u/frame_0026_depth.png'
06:28.200  render           | Saved: '/tmp/tmpsk5wkr8u/frame_0026_seg.png'
06:28.203  render           | Saved: '/tmp/tmpsk5wkr8u/frame_0026_rgb.png'
06:28.557  render           | Saved: '/tmp/tmpsk5wkr8u/frame_0027_depth.png'
06:28.558  render           | Saved: '/tmp/tmpsk5wkr8u/frame_0027_seg.png'
06:28.561  render           | Saved: '/tmp/tmpsk5wkr8u/frame_0027_rgb.png'
06:28.917  render           | Saved: '/tmp/tmpsk5wkr8u/frame_0028_depth.png'
06:28.918  render           | Saved: '/tmp/tmpsk5wkr8u/frame_0028_seg.png'
06:28.921  render           | Saved: '/tmp/tmpsk5wkr8u/frame_0028_rgb.png'
06:29.281  render           | Saved: '/tmp/tmpsk5wkr8u/frame_0029_depth.png'
06:29.282  render           | Saved: '/tmp/tmpsk5wkr8u/frame_0029_seg.png'
06:29.285  render           | Saved: '/tmp/tmpsk5wkr8u/frame_0029_rgb.png'
06:29.639  render           | Saved: '/tmp/tmpsk5wkr8u/frame_0030_depth.png'
06:29.640  render           | Saved: '/tmp/tmpsk5wkr8u/frame_0030_seg.png'
06:29.643  render           | Saved: '/tmp/tmpsk5wkr8u/frame_0030_rgb.png'
06:30.000  render           | Saved: '/tmp/tmpsk5wkr8u/frame_0031_depth.png'
06:30.001  render           | Saved: '/tmp/tmpsk5wkr8u/frame_0031_seg.png'
06:30.004  render           | Saved: '/tmp/tmpsk5wkr8u/frame_0031_rgb.png'
06:59.867  render           | Saved: '/tmp/tmpdbi7t4_x/frame_0000_depth.png'
06:59.867  render           | Saved: '/tmp/tmpdbi7t4_x/frame_0000_seg.png'
06:59.870  render           | Saved: '/tmp/tmpdbi7t4_x/frame_0000_rgb.png'
07:00.276  render           | Saved: '/tmp/tmpdbi7t4_x/frame_0001_depth.png'
07:00.277  render           | Saved: '/tmp/tmpdbi7t4_x/frame_0001_seg.png'
07:00.280  render           | Saved: '/tmp/tmpdbi7t4_x/frame_0001_rgb.png'
07:00.678  render           | Saved: '/tmp/tmpdbi7t4_x/frame_0002_depth.png'
07:00.679  render           | Saved: '/tmp/tmpdbi7t4_x/frame_0002_seg.png'
07:00.682  render           | Saved: '/tmp/tmpdbi7t4_x/frame_0002_rgb.png'
07:01.081  render           | Saved: '/tmp/tmpdbi7t4_x/frame_0003_depth.png'
07:01.082  render           | Saved: '/tmp/tmpdbi7t4_x/frame_0003_seg.png'
07:01.085  render           | Saved: '/tmp/tmpdbi7t4_x/frame_0003_rgb.png'
07:01.489  render           | Saved: '/tmp/tmpdbi7t4_x/frame_0004_seg.png'
07:01.490  render           | Saved: '/tmp/tmpdbi7t4_x/frame_0004_depth.png'
07:01.493  render           | Saved: '/tmp/tmpdbi7t4_x/frame_0004_rgb.png'
07:01.892  render           | Saved: '/tmp/tmpdbi7t4_x/frame_0005_seg.png'
07:01.893  render           | Saved: '/tmp/tmpdbi7t4_x/frame_0005_depth.png'
07:01.896  render           | Saved: '/tmp/tmpdbi7t4_x/frame_0005_rgb.png'
07:02.305  render           | Saved: '/tmp/tmpdbi7t4_x/frame_0006_depth.png'
07:02.306  render           | Saved: '/tmp/tmpdbi7t4_x/frame_0006_seg.png'
07:02.309  render           | Saved: '/tmp/tmpdbi7t4_x/frame_0006_rgb.png'
07:02.707  render           | Saved: '/tmp/tmpdbi7t4_x/frame_0007_depth.png'
07:02.708  render           | Saved: '/tmp/tmpdbi7t4_x/frame_0007_seg.png'
07:02.711  render           | Saved: '/tmp/tmpdbi7t4_x/frame_0007_rgb.png'
07:03.122  render           | Saved: '/tmp/tmpdbi7t4_x/frame_0008_depth.png'
07:03.123  render           | Saved: '/tmp/tmpdbi7t4_x/frame_0008_seg.png'
07:03.126  render           | Saved: '/tmp/tmpdbi7t4_x/frame_0008_rgb.png'
07:03.521  render           | Saved: '/tmp/tmpdbi7t4_x/frame_0009_depth.png'
07:03.522  render           | Saved: '/tmp/tmpdbi7t4_x/frame_0009_seg.png'
07:03.525  render           | Saved: '/tmp/tmpdbi7t4_x/frame_0009_rgb.png'
07:03.944  render           | Saved: '/tmp/tmpdbi7t4_x/frame_0010_depth.png'
07:03.945  render           | Saved: '/tmp/tmpdbi7t4_x/frame_0010_seg.png'
07:03.948  render           | Saved: '/tmp/tmpdbi7t4_x/frame_0010_rgb.png'
07:04.351  render           | Saved: '/tmp/tmpdbi7t4_x/frame_0011_depth.png'
07:04.351  render           | Saved: '/tmp/tmpdbi7t4_x/frame_0011_seg.png'
07:04.354  render           | Saved: '/tmp/tmpdbi7t4_x/frame_0011_rgb.png'
07:04.752  render           | Saved: '/tmp/tmpdbi7t4_x/frame_0012_depth.png'
07:04.753  render           | Saved: '/tmp/tmpdbi7t4_x/frame_0012_seg.png'
07:04.756  render           | Saved: '/tmp/tmpdbi7t4_x/frame_0012_rgb.png'
07:05.169  render           | Saved: '/tmp/tmpdbi7t4_x/frame_0013_seg.png'
07:05.170  render           | Saved: '/tmp/tmpdbi7t4_x/frame_0013_depth.png'
07:05.174  render           | Saved: '/tmp/tmpdbi7t4_x/frame_0013_rgb.png'
07:05.583  render           | Saved: '/tmp/tmpdbi7t4_x/frame_0014_seg.png'
07:05.584  render           | Saved: '/tmp/tmpdbi7t4_x/frame_0014_depth.png'
07:05.587  render           | Saved: '/tmp/tmpdbi7t4_x/frame_0014_rgb.png'
07:05.990  render           | Saved: '/tmp/tmpdbi7t4_x/frame_0015_depth.png'
07:05.991  render           | Saved: '/tmp/tmpdbi7t4_x/frame_0015_seg.png'
07:05.994  render           | Saved: '/tmp/tmpdbi7t4_x/frame_0015_rgb.png'
07:06.390  render           | Saved: '/tmp/tmpdbi7t4_x/frame_0016_depth.png'
07:06.391  render           | Saved: '/tmp/tmpdbi7t4_x/frame_0016_seg.png'
07:06.394  render           | Saved: '/tmp/tmpdbi7t4_x/frame_0016_rgb.png'
07:06.791  render           | Saved: '/tmp/tmpdbi7t4_x/frame_0017_depth.png'
07:06.792  render           | Saved: '/tmp/tmpdbi7t4_x/frame_0017_seg.png'
07:06.795  render           | Saved: '/tmp/tmpdbi7t4_x/frame_0017_rgb.png'
07:07.195  render           | Saved: '/tmp/tmpdbi7t4_x/frame_0018_depth.png'
07:07.196  render           | Saved: '/tmp/tmpdbi7t4_x/frame_0018_seg.png'
07:07.199  render           | Saved: '/tmp/tmpdbi7t4_x/frame_0018_rgb.png'
07:07.593  render           | Saved: '/tmp/tmpdbi7t4_x/frame_0019_depth.png'
07:07.594  render           | Saved: '/tmp/tmpdbi7t4_x/frame_0019_seg.png'
07:07.597  render           | Saved: '/tmp/tmpdbi7t4_x/frame_0019_rgb.png'
07:07.993  render           | Saved: '/tmp/tmpdbi7t4_x/frame_0020_depth.png'
07:07.994  render           | Saved: '/tmp/tmpdbi7t4_x/frame_0020_seg.png'
07:07.997  render           | Saved: '/tmp/tmpdbi7t4_x/frame_0020_rgb.png'
07:08.389  render           | Saved: '/tmp/tmpdbi7t4_x/frame_0021_depth.png'
07:08.390  render           | Saved: '/tmp/tmpdbi7t4_x/frame_0021_seg.png'
07:08.394  render           | Saved: '/tmp/tmpdbi7t4_x/frame_0021_rgb.png'
07:08.795  render           | Saved: '/tmp/tmpdbi7t4_x/frame_0022_seg.png'
07:08.796  render           | Saved: '/tmp/tmpdbi7t4_x/frame_0022_depth.png'
07:08.799  render           | Saved: '/tmp/tmpdbi7t4_x/frame_0022_rgb.png'
07:09.202  render           | Saved: '/tmp/tmpdbi7t4_x/frame_0023_seg.png'
07:09.203  render           | Saved: '/tmp/tmpdbi7t4_x/frame_0023_depth.png'
07:09.206  render           | Saved: '/tmp/tmpdbi7t4_x/frame_0023_rgb.png'
07:09.602  render           | Saved: '/tmp/tmpdbi7t4_x/frame_0024_depth.png'
07:09.603  render           | Saved: '/tmp/tmpdbi7t4_x/frame_0024_seg.png'
07:09.606  render           | Saved: '/tmp/tmpdbi7t4_x/frame_0024_rgb.png'
07:10.005  render           | Saved: '/tmp/tmpdbi7t4_x/frame_0025_depth.png'
07:10.006  render           | Saved: '/tmp/tmpdbi7t4_x/frame_0025_seg.png'
07:10.009  render           | Saved: '/tmp/tmpdbi7t4_x/frame_0025_rgb.png'
07:10.413  render           | Saved: '/tmp/tmpdbi7t4_x/frame_0026_depth.png'
07:10.414  render           | Saved: '/tmp/tmpdbi7t4_x/frame_0026_seg.png'
07:10.417  render           | Saved: '/tmp/tmpdbi7t4_x/frame_0026_rgb.png'
07:10.813  render           | Saved: '/tmp/tmpdbi7t4_x/frame_0027_depth.png'
07:10.814  render           | Saved: '/tmp/tmpdbi7t4_x/frame_0027_seg.png'
07:10.817  render           | Saved: '/tmp/tmpdbi7t4_x/frame_0027_rgb.png'
07:11.262  render           | Saved: '/tmp/tmpdbi7t4_x/frame_0028_depth.png'
07:11.263  render           | Saved: '/tmp/tmpdbi7t4_x/frame_0028_seg.png'
07:11.266  render           | Saved: '/tmp/tmpdbi7t4_x/frame_0028_rgb.png'
07:11.658  render           | Saved: '/tmp/tmpdbi7t4_x/frame_0029_depth.png'
07:11.659  render           | Saved: '/tmp/tmpdbi7t4_x/frame_0029_seg.png'
07:11.663  render           | Saved: '/tmp/tmpdbi7t4_x/frame_0029_rgb.png'
07:12.054  render           | Saved: '/tmp/tmpdbi7t4_x/frame_0030_depth.png'
07:12.055  render           | Saved: '/tmp/tmpdbi7t4_x/frame_0030_seg.png'
07:12.058  render           | Saved: '/tmp/tmpdbi7t4_x/frame_0030_rgb.png'
07:12.457  render           | Saved: '/tmp/tmpdbi7t4_x/frame_0031_seg.png'
07:12.458  render           | Saved: '/tmp/tmpdbi7t4_x/frame_0031_depth.png'
07:12.461  render           | Saved: '/tmp/tmpdbi7t4_x/frame_0031_rgb.png'
07:12.936  render           | Saved: '/tmp/tmpamxr3c88/frame_0000_depth.png'
07:12.937  render           | Saved: '/tmp/tmpamxr3c88/frame_0000_seg.png'
07:12.940  render           | Saved: '/tmp/tmpamxr3c88/frame_0000_rgb.png'
07:13.338  render           | Saved: '/tmp/tmpamxr3c88/frame_0001_depth.png'
07:13.339  render           | Saved: '/tmp/tmpamxr3c88/frame_0001_seg.png'
07:13.342  render           | Saved: '/tmp/tmpamxr3c88/frame_0001_rgb.png'
07:13.746  render           | Saved: '/tmp/tmpamxr3c88/frame_0002_depth.png'
07:13.747  render           | Saved: '/tmp/tmpamxr3c88/frame_0002_seg.png'
07:13.750  render           | Saved: '/tmp/tmpamxr3c88/frame_0002_rgb.png'
07:14.153  render           | Saved: '/tmp/tmpamxr3c88/frame_0003_seg.png'
07:14.154  render           | Saved: '/tmp/tmpamxr3c88/frame_0003_depth.png'
07:14.157  render           | Saved: '/tmp/tmpamxr3c88/frame_0003_rgb.png'
07:14.553  render           | Saved: '/tmp/tmpamxr3c88/frame_0004_seg.png'
07:14.554  render           | Saved: '/tmp/tmpamxr3c88/frame_0004_depth.png'
07:14.557  render           | Saved: '/tmp/tmpamxr3c88/frame_0004_rgb.png'
07:14.953  render           | Saved: '/tmp/tmpamxr3c88/frame_0005_depth.png'
07:14.954  render           | Saved: '/tmp/tmpamxr3c88/frame_0005_seg.png'
07:14.957  render           | Saved: '/tmp/tmpamxr3c88/frame_0005_rgb.png'
07:15.367  render           | Saved: '/tmp/tmpamxr3c88/frame_0006_depth.png'
07:15.368  render           | Saved: '/tmp/tmpamxr3c88/frame_0006_seg.png'
07:15.371  render           | Saved: '/tmp/tmpamxr3c88/frame_0006_rgb.png'
07:15.769  render           | Saved: '/tmp/tmpamxr3c88/frame_0007_depth.png'
07:15.770  render           | Saved: '/tmp/tmpamxr3c88/frame_0007_seg.png'
07:15.775  render           | Saved: '/tmp/tmpamxr3c88/frame_0007_rgb.png'
07:16.170  render           | Saved: '/tmp/tmpamxr3c88/frame_0008_depth.png'
07:16.170  render           | Saved: '/tmp/tmpamxr3c88/frame_0008_seg.png'
07:16.173  render           | Saved: '/tmp/tmpamxr3c88/frame_0008_rgb.png'
07:16.565  render           | Saved: '/tmp/tmpamxr3c88/frame_0009_depth.png'
07:16.566  render           | Saved: '/tmp/tmpamxr3c88/frame_0009_seg.png'
07:16.569  render           | Saved: '/tmp/tmpamxr3c88/frame_0009_rgb.png'
07:16.991  render           | Saved: '/tmp/tmpamxr3c88/frame_0010_depth.png'
07:16.992  render           | Saved: '/tmp/tmpamxr3c88/frame_0010_seg.png'
07:16.995  render           | Saved: '/tmp/tmpamxr3c88/frame_0010_rgb.png'
07:17.398  render           | Saved: '/tmp/tmpamxr3c88/frame_0011_depth.png'
07:17.399  render           | Saved: '/tmp/tmpamxr3c88/frame_0011_seg.png'
07:17.402  render           | Saved: '/tmp/tmpamxr3c88/frame_0011_rgb.png'
07:17.812  render           | Saved: '/tmp/tmpamxr3c88/frame_0012_seg.png'
07:17.813  render           | Saved: '/tmp/tmpamxr3c88/frame_0012_depth.png'
07:17.816  render           | Saved: '/tmp/tmpamxr3c88/frame_0012_rgb.png'
07:18.238  render           | Saved: '/tmp/tmpamxr3c88/frame_0013_seg.png'
07:18.239  render           | Saved: '/tmp/tmpamxr3c88/frame_0013_depth.png'
07:18.242  render           | Saved: '/tmp/tmpamxr3c88/frame_0013_rgb.png'
07:18.637  render           | Saved: '/tmp/tmpamxr3c88/frame_0014_depth.png'
07:18.637  render           | Saved: '/tmp/tmpamxr3c88/frame_0014_seg.png'
07:18.640  render           | Saved: '/tmp/tmpamxr3c88/frame_0014_rgb.png'
07:19.034  render           | Saved: '/tmp/tmpamxr3c88/frame_0015_depth.png'
07:19.035  render           | Saved: '/tmp/tmpamxr3c88/frame_0015_seg.png'
07:19.038  render           | Saved: '/tmp/tmpamxr3c88/frame_0015_rgb.png'
07:19.446  render           | Saved: '/tmp/tmpamxr3c88/frame_0016_depth.png'
07:19.446  render           | Saved: '/tmp/tmpamxr3c88/frame_0016_seg.png'
07:19.449  render           | Saved: '/tmp/tmpamxr3c88/frame_0016_rgb.png'
07:19.842  render           | Saved: '/tmp/tmpamxr3c88/frame_0017_depth.png'
07:19.843  render           | Saved: '/tmp/tmpamxr3c88/frame_0017_seg.png'
07:19.846  render           | Saved: '/tmp/tmpamxr3c88/frame_0017_rgb.png'
07:20.235  render           | Saved: '/tmp/tmpamxr3c88/frame_0018_depth.png'
07:20.236  render           | Saved: '/tmp/tmpamxr3c88/frame_0018_seg.png'
07:20.239  render           | Saved: '/tmp/tmpamxr3c88/frame_0018_rgb.png'
07:20.634  render           | Saved: '/tmp/tmpamxr3c88/frame_0019_depth.png'
07:20.635  render           | Saved: '/tmp/tmpamxr3c88/frame_0019_seg.png'
07:20.638  render           | Saved: '/tmp/tmpamxr3c88/frame_0019_rgb.png'
07:21.029  render           | Saved: '/tmp/tmpamxr3c88/frame_0020_depth.png'
07:21.030  render           | Saved: '/tmp/tmpamxr3c88/frame_0020_seg.png'
07:21.034  render           | Saved: '/tmp/tmpamxr3c88/frame_0020_rgb.png'
07:21.428  render           | Saved: '/tmp/tmpamxr3c88/frame_0021_seg.png'
07:21.429  render           | Saved: '/tmp/tmpamxr3c88/frame_0021_depth.png'
07:21.432  render           | Saved: '/tmp/tmpamxr3c88/frame_0021_rgb.png'
07:21.829  render           | Saved: '/tmp/tmpamxr3c88/frame_0022_seg.png'
07:21.830  render           | Saved: '/tmp/tmpamxr3c88/frame_0022_depth.png'
07:21.833  render           | Saved: '/tmp/tmpamxr3c88/frame_0022_rgb.png'
07:22.225  render           | Saved: '/tmp/tmpamxr3c88/frame_0023_depth.png'
07:22.226  render           | Saved: '/tmp/tmpamxr3c88/frame_0023_seg.png'
07:22.229  render           | Saved: '/tmp/tmpamxr3c88/frame_0023_rgb.png'
07:22.626  render           | Saved: '/tmp/tmpamxr3c88/frame_0024_depth.png'
07:22.627  render           | Saved: '/tmp/tmpamxr3c88/frame_0024_seg.png'
07:22.630  render           | Saved: '/tmp/tmpamxr3c88/frame_0024_rgb.png'
07:23.025  render           | Saved: '/tmp/tmpamxr3c88/frame_0025_depth.png'
07:23.026  render           | Saved: '/tmp/tmpamxr3c88/frame_0025_seg.png'
07:23.029  render           | Saved: '/tmp/tmpamxr3c88/frame_0025_rgb.png'
07:23.420  render           | Saved: '/tmp/tmpamxr3c88/frame_0026_depth.png'
07:23.420  render           | Saved: '/tmp/tmpamxr3c88/frame_0026_seg.png'
07:23.423  render           | Saved: '/tmp/tmpamxr3c88/frame_0026_rgb.png'
07:23.819  render           | Saved: '/tmp/tmpamxr3c88/frame_0027_depth.png'
07:23.819  render           | Saved: '/tmp/tmpamxr3c88/frame_0027_seg.png'
07:23.822  render           | Saved: '/tmp/tmpamxr3c88/frame_0027_rgb.png'
07:24.214  render           | Saved: '/tmp/tmpamxr3c88/frame_0028_depth.png'
07:24.215  render           | Saved: '/tmp/tmpamxr3c88/frame_0028_seg.png'
07:24.218  render           | Saved: '/tmp/tmpamxr3c88/frame_0028_rgb.png'
07:24.607  render           | Saved: '/tmp/tmpamxr3c88/frame_0029_seg.png'
07:24.608  render           | Saved: '/tmp/tmpamxr3c88/frame_0029_depth.png'
07:24.611  render           | Saved: '/tmp/tmpamxr3c88/frame_0029_rgb.png'
07:25.001  render           | Saved: '/tmp/tmpamxr3c88/frame_0030_seg.png'
07:25.002  render           | Saved: '/tmp/tmpamxr3c88/frame_0030_depth.png'
07:25.005  render           | Saved: '/tmp/tmpamxr3c88/frame_0030_rgb.png'
07:25.399  render           | Saved: '/tmp/tmpamxr3c88/frame_0031_seg.png'
07:25.400  render           | Saved: '/tmp/tmpamxr3c88/frame_0031_depth.png'
07:25.403  render           | Saved: '/tmp/tmpamxr3c88/frame_0031_rgb.png'
07:55.867  render           | Saved: '/tmp/tmpqwhs8ac7/frame_0000_depth.png'
07:55.867  render           | Saved: '/tmp/tmpqwhs8ac7/frame_0000_seg.png'
07:55.871  render           | Saved: '/tmp/tmpqwhs8ac7/frame_0000_rgb.png'
07:56.253  render           | Saved: '/tmp/tmpqwhs8ac7/frame_0001_depth.png'
07:56.253  render           | Saved: '/tmp/tmpqwhs8ac7/frame_0001_seg.png'
07:56.257  render           | Saved: '/tmp/tmpqwhs8ac7/frame_0001_rgb.png'
07:56.645  render           | Saved: '/tmp/tmpqwhs8ac7/frame_0002_depth.png'
07:56.645  render           | Saved: '/tmp/tmpqwhs8ac7/frame_0002_seg.png'
07:56.648  render           | Saved: '/tmp/tmpqwhs8ac7/frame_0002_rgb.png'
07:57.031  render           | Saved: '/tmp/tmpqwhs8ac7/frame_0003_seg.png'
07:57.032  render           | Saved: '/tmp/tmpqwhs8ac7/frame_0003_depth.png'
07:57.035  render           | Saved: '/tmp/tmpqwhs8ac7/frame_0003_rgb.png'
07:57.418  render           | Saved: '/tmp/tmpqwhs8ac7/frame_0004_seg.png'
07:57.419  render           | Saved: '/tmp/tmpqwhs8ac7/frame_0004_depth.png'
07:57.422  render           | Saved: '/tmp/tmpqwhs8ac7/frame_0004_rgb.png'
07:57.802  render           | Saved: '/tmp/tmpqwhs8ac7/frame_0005_depth.png'
07:57.803  render           | Saved: '/tmp/tmpqwhs8ac7/frame_0005_seg.png'
07:57.806  render           | Saved: '/tmp/tmpqwhs8ac7/frame_0005_rgb.png'
07:58.192  render           | Saved: '/tmp/tmpqwhs8ac7/frame_0006_depth.png'
07:58.193  render           | Saved: '/tmp/tmpqwhs8ac7/frame_0006_seg.png'
07:58.196  render           | Saved: '/tmp/tmpqwhs8ac7/frame_0006_rgb.png'
07:58.579  render           | Saved: '/tmp/tmpqwhs8ac7/frame_0007_depth.png'
07:58.580  render           | Saved: '/tmp/tmpqwhs8ac7/frame_0007_seg.png'
07:58.583  render           | Saved: '/tmp/tmpqwhs8ac7/frame_0007_rgb.png'
07:58.991  render           | Saved: '/tmp/tmpqwhs8ac7/frame_0008_depth.png'
07:58.991  render           | Saved: '/tmp/tmpqwhs8ac7/frame_0008_seg.png'
07:58.995  render           | Saved: '/tmp/tmpqwhs8ac7/frame_0008_rgb.png'
07:59.374  render           | Saved: '/tmp/tmpqwhs8ac7/frame_0009_depth.png'
07:59.375  render           | Saved: '/tmp/tmpqwhs8ac7/frame_0009_seg.png'
07:59.378  render           | Saved: '/tmp/tmpqwhs8ac7/frame_0009_rgb.png'
07:59.760  render           | Saved: '/tmp/tmpqwhs8ac7/frame_0010_depth.png'
07:59.761  render           | Saved: '/tmp/tmpqwhs8ac7/frame_0010_seg.png'
07:59.764  render           | Saved: '/tmp/tmpqwhs8ac7/frame_0010_rgb.png'
08:00.146  render           | Saved: '/tmp/tmpqwhs8ac7/frame_0011_depth.png'
08:00.147  render           | Saved: '/tmp/tmpqwhs8ac7/frame_0011_seg.png'
08:00.150  render           | Saved: '/tmp/tmpqwhs8ac7/frame_0011_rgb.png'
08:00.532  render           | Saved: '/tmp/tmpqwhs8ac7/frame_0012_seg.png'
08:00.532  render           | Saved: '/tmp/tmpqwhs8ac7/frame_0012_depth.png'
08:00.535  render           | Saved: '/tmp/tmpqwhs8ac7/frame_0012_rgb.png'
08:00.936  render           | Saved: '/tmp/tmpqwhs8ac7/frame_0013_seg.png'
08:00.937  render           | Saved: '/tmp/tmpqwhs8ac7/frame_0013_depth.png'
08:00.940  render           | Saved: '/tmp/tmpqwhs8ac7/frame_0013_rgb.png'
08:01.319  render           | Saved: '/tmp/tmpqwhs8ac7/frame_0014_depth.png'
08:01.320  render           | Saved: '/tmp/tmpqwhs8ac7/frame_0014_seg.png'
08:01.323  render           | Saved: '/tmp/tmpqwhs8ac7/frame_0014_rgb.png'
08:01.717  render           | Saved: '/tmp/tmpqwhs8ac7/frame_0015_depth.png'
08:01.718  render           | Saved: '/tmp/tmpqwhs8ac7/frame_0015_seg.png'
08:01.721  render           | Saved: '/tmp/tmpqwhs8ac7/frame_0015_rgb.png'
08:02.116  render           | Saved: '/tmp/tmpqwhs8ac7/frame_0016_depth.png'
08:02.117  render           | Saved: '/tmp/tmpqwhs8ac7/frame_0016_seg.png'
08:02.120  render           | Saved: '/tmp/tmpqwhs8ac7/frame_0016_rgb.png'
08:02.511  render           | Saved: '/tmp/tmpqwhs8ac7/frame_0017_depth.png'
08:02.512  render           | Saved: '/tmp/tmpqwhs8ac7/frame_0017_seg.png'
08:02.515  render           | Saved: '/tmp/tmpqwhs8ac7/frame_0017_rgb.png'
08:02.911  render           | Saved: '/tmp/tmpqwhs8ac7/frame_0018_depth.png'
08:02.912  render           | Saved: '/tmp/tmpqwhs8ac7/frame_0018_seg.png'
08:02.915  render           | Saved: '/tmp/tmpqwhs8ac7/frame_0018_rgb.png'
08:03.306  render           | Saved: '/tmp/tmpqwhs8ac7/frame_0019_depth.png'
08:03.307  render           | Saved: '/tmp/tmpqwhs8ac7/frame_0019_seg.png'
08:03.311  render           | Saved: '/tmp/tmpqwhs8ac7/frame_0019_rgb.png'
08:03.729  render           | Saved: '/tmp/tmpqwhs8ac7/frame_0020_depth.png'
08:03.730  render           | Saved: '/tmp/tmpqwhs8ac7/frame_0020_seg.png'
08:03.733  render           | Saved: '/tmp/tmpqwhs8ac7/frame_0020_rgb.png'
08:04.124  render           | Saved: '/tmp/tmpqwhs8ac7/frame_0021_seg.png'
08:04.125  render           | Saved: '/tmp/tmpqwhs8ac7/frame_0021_depth.png'
08:04.128  render           | Saved: '/tmp/tmpqwhs8ac7/frame_0021_rgb.png'
08:04.509  render           | Saved: '/tmp/tmpqwhs8ac7/frame_0022_seg.png'
08:04.510  render           | Saved: '/tmp/tmpqwhs8ac7/frame_0022_depth.png'
08:04.513  render           | Saved: '/tmp/tmpqwhs8ac7/frame_0022_rgb.png'
08:04.907  render           | Saved: '/tmp/tmpqwhs8ac7/frame_0023_depth.png'
08:04.908  render           | Saved: '/tmp/tmpqwhs8ac7/frame_0023_seg.png'
08:04.911  render           | Saved: '/tmp/tmpqwhs8ac7/frame_0023_rgb.png'
08:05.296  render           | Saved: '/tmp/tmpqwhs8ac7/frame_0024_depth.png'
08:05.297  render           | Saved: '/tmp/tmpqwhs8ac7/frame_0024_seg.png'
08:05.300  render           | Saved: '/tmp/tmpqwhs8ac7/frame_0024_rgb.png'
08:05.693  render           | Saved: '/tmp/tmpqwhs8ac7/frame_0025_depth.png'
08:05.694  render           | Saved: '/tmp/tmpqwhs8ac7/frame_0025_seg.png'
08:05.698  render           | Saved: '/tmp/tmpqwhs8ac7/frame_0025_rgb.png'
08:06.091  render           | Saved: '/tmp/tmpqwhs8ac7/frame_0026_depth.png'
08:06.092  render           | Saved: '/tmp/tmpqwhs8ac7/frame_0026_seg.png'
08:06.095  render           | Saved: '/tmp/tmpqwhs8ac7/frame_0026_rgb.png'
08:06.482  render           | Saved: '/tmp/tmpqwhs8ac7/frame_0027_depth.png'
08:06.482  render           | Saved: '/tmp/tmpqwhs8ac7/frame_0027_seg.png'
08:06.486  render           | Saved: '/tmp/tmpqwhs8ac7/frame_0027_rgb.png'
08:06.870  render           | Saved: '/tmp/tmpqwhs8ac7/frame_0028_depth.png'
08:06.871  render           | Saved: '/tmp/tmpqwhs8ac7/frame_0028_seg.png'
08:06.874  render           | Saved: '/tmp/tmpqwhs8ac7/frame_0028_rgb.png'
08:07.278  render           | Saved: '/tmp/tmpqwhs8ac7/frame_0029_seg.png'
08:07.279  render           | Saved: '/tmp/tmpqwhs8ac7/frame_0029_depth.png'
08:07.282  render           | Saved: '/tmp/tmpqwhs8ac7/frame_0029_rgb.png'
08:07.661  render           | Saved: '/tmp/tmpqwhs8ac7/frame_0030_seg.png'
08:07.662  render           | Saved: '/tmp/tmpqwhs8ac7/frame_0030_depth.png'
08:07.665  render           | Saved: '/tmp/tmpqwhs8ac7/frame_0030_rgb.png'
08:08.058  render           | Saved: '/tmp/tmpqwhs8ac7/frame_0031_seg.png'
08:08.059  render           | Saved: '/tmp/tmpqwhs8ac7/frame_0031_depth.png'
08:08.064  render           | Saved: '/tmp/tmpqwhs8ac7/frame_0031_rgb.png'
08:08.514  render           | Saved: '/tmp/tmp_04s0pga/frame_0000_depth.png'
08:08.515  render           | Saved: '/tmp/tmp_04s0pga/frame_0000_seg.png'
08:08.518  render           | Saved: '/tmp/tmp_04s0pga/frame_0000_rgb.png'
08:08.889  render           | Saved: '/tmp/tmp_04s0pga/frame_0001_depth.png'
08:08.890  render           | Saved: '/tmp/tmp_04s0pga/frame_0001_seg.png'
08:08.894  render           | Saved: '/tmp/tmp_04s0pga/frame_0001_rgb.png'
08:09.280  render           | Saved: '/tmp/tmp_04s0pga/frame_0002_depth.png'
08:09.281  render           | Saved: '/tmp/tmp_04s0pga/frame_0002_seg.png'
08:09.284  render           | Saved: '/tmp/tmp_04s0pga/frame_0002_rgb.png'
08:09.656  render           | Saved: '/tmp/tmp_04s0pga/frame_0003_seg.png'
08:09.657  render           | Saved: '/tmp/tmp_04s0pga/frame_0003_depth.png'
08:09.660  render           | Saved: '/tmp/tmp_04s0pga/frame_0003_rgb.png'
08:10.034  render           | Saved: '/tmp/tmp_04s0pga/frame_0004_seg.png'
08:10.035  render           | Saved: '/tmp/tmp_04s0pga/frame_0004_depth.png'
08:10.038  render           | Saved: '/tmp/tmp_04s0pga/frame_0004_rgb.png'
08:10.411  render           | Saved: '/tmp/tmp_04s0pga/frame_0005_depth.png'
08:10.412  render           | Saved: '/tmp/tmp_04s0pga/frame_0005_seg.png'
08:10.415  render           | Saved: '/tmp/tmp_04s0pga/frame_0005_rgb.png'
08:10.802  render           | Saved: '/tmp/tmp_04s0pga/frame_0006_depth.png'
08:10.803  render           | Saved: '/tmp/tmp_04s0pga/frame_0006_seg.png'
08:10.806  render           | Saved: '/tmp/tmp_04s0pga/frame_0006_rgb.png'
08:11.191  render           | Saved: '/tmp/tmp_04s0pga/frame_0007_depth.png'
08:11.192  render           | Saved: '/tmp/tmp_04s0pga/frame_0007_seg.png'
08:11.195  render           | Saved: '/tmp/tmp_04s0pga/frame_0007_rgb.png'
08:11.567  render           | Saved: '/tmp/tmp_04s0pga/frame_0008_depth.png'
08:11.568  render           | Saved: '/tmp/tmp_04s0pga/frame_0008_seg.png'
08:11.571  render           | Saved: '/tmp/tmp_04s0pga/frame_0008_rgb.png'
08:11.952  render           | Saved: '/tmp/tmp_04s0pga/frame_0009_depth.png'
08:11.953  render           | Saved: '/tmp/tmp_04s0pga/frame_0009_seg.png'
08:11.957  render           | Saved: '/tmp/tmp_04s0pga/frame_0009_rgb.png'
08:12.327  render           | Saved: '/tmp/tmp_04s0pga/frame_0010_depth.png'
08:12.328  render           | Saved: '/tmp/tmp_04s0pga/frame_0010_seg.png'
08:12.331  render           | Saved: '/tmp/tmp_04s0pga/frame_0010_rgb.png'
08:12.721  render           | Saved: '/tmp/tmp_04s0pga/frame_0011_depth.png'
08:12.722  render           | Saved: '/tmp/tmp_04s0pga/frame_0011_seg.png'
08:12.725  render           | Saved: '/tmp/tmp_04s0pga/frame_0011_rgb.png'
08:13.106  render           | Saved: '/tmp/tmp_04s0pga/frame_0012_seg.png'
08:13.106  render           | Saved: '/tmp/tmp_04s0pga/frame_0012_depth.png'
08:13.110  render           | Saved: '/tmp/tmp_04s0pga/frame_0012_rgb.png'
08:13.485  render           | Saved: '/tmp/tmp_04s0pga/frame_0013_seg.png'
08:13.486  render           | Saved: '/tmp/tmp_04s0pga/frame_0013_depth.png'
08:13.489  render           | Saved: '/tmp/tmp_04s0pga/frame_0013_rgb.png'
08:13.869  render           | Saved: '/tmp/tmp_04s0pga/frame_0014_depth.png'
08:13.870  render           | Saved: '/tmp/tmp_04s0pga/frame_0014_seg.png'
08:13.873  render           | Saved: '/tmp/tmp_04s0pga/frame_0014_rgb.png'
08:14.252  render           | Saved: '/tmp/tmp_04s0pga/frame_0015_depth.png'
08:14.253  render           | Saved: '/tmp/tmp_04s0pga/frame_0015_seg.png'
08:14.256  render           | Saved: '/tmp/tmp_04s0pga/frame_0015_rgb.png'
08:14.626  render           | Saved: '/tmp/tmp_04s0pga/frame_0016_depth.png'
08:14.627  render           | Saved: '/tmp/tmp_04s0pga/frame_0016_seg.png'
08:14.630  render           | Saved: '/tmp/tmp_04s0pga/frame_0016_rgb.png'
08:15.003  render           | Saved: '/tmp/tmp_04s0pga/frame_0017_depth.png'
08:15.004  render           | Saved: '/tmp/tmp_04s0pga/frame_0017_seg.png'
08:15.007  render           | Saved: '/tmp/tmp_04s0pga/frame_0017_rgb.png'
08:15.387  render           | Saved: '/tmp/tmp_04s0pga/frame_0018_depth.png'
08:15.388  render           | Saved: '/tmp/tmp_04s0pga/frame_0018_seg.png'
08:15.391  render           | Saved: '/tmp/tmp_04s0pga/frame_0018_rgb.png'
08:15.767  render           | Saved: '/tmp/tmp_04s0pga/frame_0019_depth.png'
08:15.768  render           | Saved: '/tmp/tmp_04s0pga/frame_0019_seg.png'
08:15.771  render           | Saved: '/tmp/tmp_04s0pga/frame_0019_rgb.png'
08:16.163  render           | Saved: '/tmp/tmp_04s0pga/frame_0020_depth.png'
08:16.164  render           | Saved: '/tmp/tmp_04s0pga/frame_0020_seg.png'
08:16.167  render           | Saved: '/tmp/tmp_04s0pga/frame_0020_rgb.png'
08:16.549  render           | Saved: '/tmp/tmp_04s0pga/frame_0021_seg.png'
08:16.549  render           | Saved: '/tmp/tmp_04s0pga/frame_0021_depth.png'
08:16.553  render           | Saved: '/tmp/tmp_04s0pga/frame_0021_rgb.png'
08:16.929  render           | Saved: '/tmp/tmp_04s0pga/frame_0022_seg.png'
08:16.930  render           | Saved: '/tmp/tmp_04s0pga/frame_0022_depth.png'
08:16.933  render           | Saved: '/tmp/tmp_04s0pga/frame_0022_rgb.png'
08:17.327  render           | Saved: '/tmp/tmp_04s0pga/frame_0023_depth.png'
08:17.328  render           | Saved: '/tmp/tmp_04s0pga/frame_0023_seg.png'
08:17.332  render           | Saved: '/tmp/tmp_04s0pga/frame_0023_rgb.png'
08:17.735  render           | Saved: '/tmp/tmp_04s0pga/frame_0024_depth.png'
08:17.736  render           | Saved: '/tmp/tmp_04s0pga/frame_0024_seg.png'
08:17.739  render           | Saved: '/tmp/tmp_04s0pga/frame_0024_rgb.png'
08:18.133  render           | Saved: '/tmp/tmp_04s0pga/frame_0025_depth.png'
08:18.134  render           | Saved: '/tmp/tmp_04s0pga/frame_0025_seg.png'
08:18.137  render           | Saved: '/tmp/tmp_04s0pga/frame_0025_rgb.png'
08:18.524  render           | Saved: '/tmp/tmp_04s0pga/frame_0026_depth.png'
08:18.525  render           | Saved: '/tmp/tmp_04s0pga/frame_0026_seg.png'
08:18.528  render           | Saved: '/tmp/tmp_04s0pga/frame_0026_rgb.png'
08:18.905  render           | Saved: '/tmp/tmp_04s0pga/frame_0027_depth.png'
08:18.906  render           | Saved: '/tmp/tmp_04s0pga/frame_0027_seg.png'
08:18.910  render           | Saved: '/tmp/tmp_04s0pga/frame_0027_rgb.png'
08:19.301  render           | Saved: '/tmp/tmp_04s0pga/frame_0028_depth.png'
08:19.303  render           | Saved: '/tmp/tmp_04s0pga/frame_0028_seg.png'
08:19.306  render           | Saved: '/tmp/tmp_04s0pga/frame_0028_rgb.png'
08:19.693  render           | Saved: '/tmp/tmp_04s0pga/frame_0029_seg.png'
08:19.694  render           | Saved: '/tmp/tmp_04s0pga/frame_0029_depth.png'
08:19.698  render           | Saved: '/tmp/tmp_04s0pga/frame_0029_rgb.png'
08:20.078  render           | Saved: '/tmp/tmp_04s0pga/frame_0030_seg.png'
08:20.079  render           | Saved: '/tmp/tmp_04s0pga/frame_0030_depth.png'
08:20.082  render           | Saved: '/tmp/tmp_04s0pga/frame_0030_rgb.png'
08:20.460  render           | Saved: '/tmp/tmp_04s0pga/frame_0031_seg.png'
08:20.461  render           | Saved: '/tmp/tmp_04s0pga/frame_0031_depth.png'
08:20.464  render           | Saved: '/tmp/tmp_04s0pga/frame_0031_rgb.png'
08:51.858  render           | Saved: '/tmp/tmpcjdqf8mr/frame_0000_depth.png'
08:51.859  render           | Saved: '/tmp/tmpcjdqf8mr/frame_0000_seg.png'
08:51.862  render           | Saved: '/tmp/tmpcjdqf8mr/frame_0000_rgb.png'
08:52.255  render           | Saved: '/tmp/tmpcjdqf8mr/frame_0001_depth.png'
08:52.256  render           | Saved: '/tmp/tmpcjdqf8mr/frame_0001_seg.png'
08:52.259  render           | Saved: '/tmp/tmpcjdqf8mr/frame_0001_rgb.png'
08:52.650  render           | Saved: '/tmp/tmpcjdqf8mr/frame_0002_seg.png'
08:52.651  render           | Saved: '/tmp/tmpcjdqf8mr/frame_0002_depth.png'
08:52.654  render           | Saved: '/tmp/tmpcjdqf8mr/frame_0002_rgb.png'
08:53.053  render           | Saved: '/tmp/tmpcjdqf8mr/frame_0003_seg.png'
08:53.054  render           | Saved: '/tmp/tmpcjdqf8mr/frame_0003_depth.png'
08:53.057  render           | Saved: '/tmp/tmpcjdqf8mr/frame_0003_rgb.png'
08:53.457  render           | Saved: '/tmp/tmpcjdqf8mr/frame_0004_depth.png'
08:53.458  render           | Saved: '/tmp/tmpcjdqf8mr/frame_0004_seg.png'
08:53.461  render           | Saved: '/tmp/tmpcjdqf8mr/frame_0004_rgb.png'
08:53.862  render           | Saved: '/tmp/tmpcjdqf8mr/frame_0005_depth.png'
08:53.863  render           | Saved: '/tmp/tmpcjdqf8mr/frame_0005_seg.png'
08:53.866  render           | Saved: '/tmp/tmpcjdqf8mr/frame_0005_rgb.png'
08:54.251  render           | Saved: '/tmp/tmpcjdqf8mr/frame_0006_depth.png'
08:54.251  render           | Saved: '/tmp/tmpcjdqf8mr/frame_0006_seg.png'
08:54.254  render           | Saved: '/tmp/tmpcjdqf8mr/frame_0006_rgb.png'
08:54.633  render           | Saved: '/tmp/tmpcjdqf8mr/frame_0007_depth.png'
08:54.634  render           | Saved: '/tmp/tmpcjdqf8mr/frame_0007_seg.png'
08:54.638  render           | Saved: '/tmp/tmpcjdqf8mr/frame_0007_rgb.png'
08:55.021  render           | Saved: '/tmp/tmpcjdqf8mr/frame_0008_depth.png'
08:55.021  render           | Saved: '/tmp/tmpcjdqf8mr/frame_0008_seg.png'
08:55.025  render           | Saved: '/tmp/tmpcjdqf8mr/frame_0008_rgb.png'
08:55.430  render           | Saved: '/tmp/tmpcjdqf8mr/frame_0009_depth.png'
08:55.431  render           | Saved: '/tmp/tmpcjdqf8mr/frame_0009_seg.png'
08:55.434  render           | Saved: '/tmp/tmpcjdqf8mr/frame_0009_rgb.png'
08:55.847  render           | Saved: '/tmp/tmpcjdqf8mr/frame_0010_depth.png'
08:55.848  render           | Saved: '/tmp/tmpcjdqf8mr/frame_0010_seg.png'
08:55.851  render           | Saved: '/tmp/tmpcjdqf8mr/frame_0010_rgb.png'
08:56.260  render           | Saved: '/tmp/tmpcjdqf8mr/frame_0011_seg.png'
08:56.261  render           | Saved: '/tmp/tmpcjdqf8mr/frame_0011_depth.png'
08:56.264  render           | Saved: '/tmp/tmpcjdqf8mr/frame_0011_rgb.png'
08:56.669  render           | Saved: '/tmp/tmpcjdqf8mr/frame_0012_seg.png'
08:56.670  render           | Saved: '/tmp/tmpcjdqf8mr/frame_0012_depth.png'
08:56.673  render           | Saved: '/tmp/tmpcjdqf8mr/frame_0012_rgb.png'
08:57.064  render           | Saved: '/tmp/tmpcjdqf8mr/frame_0013_depth.png'
08:57.065  render           | Saved: '/tmp/tmpcjdqf8mr/frame_0013_seg.png'
08:57.068  render           | Saved: '/tmp/tmpcjdqf8mr/frame_0013_rgb.png'
08:57.475  render           | Saved: '/tmp/tmpcjdqf8mr/frame_0014_depth.png'
08:57.476  render           | Saved: '/tmp/tmpcjdqf8mr/frame_0014_seg.png'
08:57.480  render           | Saved: '/tmp/tmpcjdqf8mr/frame_0014_rgb.png'
08:57.890  render           | Saved: '/tmp/tmpcjdqf8mr/frame_0015_depth.png'
08:57.891  render           | Saved: '/tmp/tmpcjdqf8mr/frame_0015_seg.png'
08:57.894  render           | Saved: '/tmp/tmpcjdqf8mr/frame_0015_rgb.png'
08:58.294  render           | Saved: '/tmp/tmpcjdqf8mr/frame_0016_depth.png'
08:58.295  render           | Saved: '/tmp/tmpcjdqf8mr/frame_0016_seg.png'
08:58.298  render           | Saved: '/tmp/tmpcjdqf8mr/frame_0016_rgb.png'
08:58.697  render           | Saved: '/tmp/tmpcjdqf8mr/frame_0017_depth.png'
08:58.697  render           | Saved: '/tmp/tmpcjdqf8mr/frame_0017_seg.png'
08:58.700  render           | Saved: '/tmp/tmpcjdqf8mr/frame_0017_rgb.png'
08:59.089  render           | Saved: '/tmp/tmpcjdqf8mr/frame_0018_depth.png'
08:59.090  render           | Saved: '/tmp/tmpcjdqf8mr/frame_0018_seg.png'
08:59.093  render           | Saved: '/tmp/tmpcjdqf8mr/frame_0018_rgb.png'
08:59.488  render           | Saved: '/tmp/tmpcjdqf8mr/frame_0019_seg.png'
08:59.489  render           | Saved: '/tmp/tmpcjdqf8mr/frame_0019_depth.png'
08:59.492  render           | Saved: '/tmp/tmpcjdqf8mr/frame_0019_rgb.png'
08:59.893  render           | Saved: '/tmp/tmpcjdqf8mr/frame_0020_seg.png'
08:59.894  render           | Saved: '/tmp/tmpcjdqf8mr/frame_0020_depth.png'
08:59.897  render           | Saved: '/tmp/tmpcjdqf8mr/frame_0020_rgb.png'
09:00.327  render           | Saved: '/tmp/tmpcjdqf8mr/frame_0021_seg.png'
09:00.328  render           | Saved: '/tmp/tmpcjdqf8mr/frame_0021_depth.png'
09:00.331  render           | Saved: '/tmp/tmpcjdqf8mr/frame_0021_rgb.png'
09:00.740  render           | Saved: '/tmp/tmpcjdqf8mr/frame_0022_depth.png'
09:00.741  render           | Saved: '/tmp/tmpcjdqf8mr/frame_0022_seg.png'
09:00.744  render           | Saved: '/tmp/tmpcjdqf8mr/frame_0022_rgb.png'
09:01.158  render           | Saved: '/tmp/tmpcjdqf8mr/frame_0023_depth.png'
09:01.159  render           | Saved: '/tmp/tmpcjdqf8mr/frame_0023_seg.png'
09:01.162  render           | Saved: '/tmp/tmpcjdqf8mr/frame_0023_rgb.png'
09:01.562  render           | Saved: '/tmp/tmpcjdqf8mr/frame_0024_depth.png'
09:01.563  render           | Saved: '/tmp/tmpcjdqf8mr/frame_0024_seg.png'
09:01.566  render           | Saved: '/tmp/tmpcjdqf8mr/frame_0024_rgb.png'
09:01.959  render           | Saved: '/tmp/tmpcjdqf8mr/frame_0025_depth.png'
09:01.960  render           | Saved: '/tmp/tmpcjdqf8mr/frame_0025_seg.png'
09:01.963  render           | Saved: '/tmp/tmpcjdqf8mr/frame_0025_rgb.png'
09:02.357  render           | Saved: '/tmp/tmpcjdqf8mr/frame_0026_depth.png'
09:02.358  render           | Saved: '/tmp/tmpcjdqf8mr/frame_0026_seg.png'
09:02.361  render           | Saved: '/tmp/tmpcjdqf8mr/frame_0026_rgb.png'
09:02.776  render           | Saved: '/tmp/tmpcjdqf8mr/frame_0027_depth.png'
09:02.777  render           | Saved: '/tmp/tmpcjdqf8mr/frame_0027_seg.png'
09:02.780  render           | Saved: '/tmp/tmpcjdqf8mr/frame_0027_rgb.png'
09:03.183  render           | Saved: '/tmp/tmpcjdqf8mr/frame_0028_seg.png'
09:03.184  render           | Saved: '/tmp/tmpcjdqf8mr/frame_0028_depth.png'
09:03.187  render           | Saved: '/tmp/tmpcjdqf8mr/frame_0028_rgb.png'
09:03.570  render           | Saved: '/tmp/tmpcjdqf8mr/frame_0029_seg.png'
09:03.571  render           | Saved: '/tmp/tmpcjdqf8mr/frame_0029_depth.png'
09:03.574  render           | Saved: '/tmp/tmpcjdqf8mr/frame_0029_rgb.png'
09:03.966  render           | Saved: '/tmp/tmpcjdqf8mr/frame_0030_seg.png'
09:03.967  render           | Saved: '/tmp/tmpcjdqf8mr/frame_0030_depth.png'
09:03.969  render           | Saved: '/tmp/tmpcjdqf8mr/frame_0030_rgb.png'
09:04.360  render           | Saved: '/tmp/tmpcjdqf8mr/frame_0031_depth.png'
09:04.361  render           | Saved: '/tmp/tmpcjdqf8mr/frame_0031_seg.png'
09:04.364  render           | Saved: '/tmp/tmpcjdqf8mr/frame_0031_rgb.png'
09:04.803  render           | Saved: '/tmp/tmptqtdauts/frame_0000_seg.png'
09:04.804  render           | Saved: '/tmp/tmptqtdauts/frame_0000_depth.png'
09:04.807  render           | Saved: '/tmp/tmptqtdauts/frame_0000_rgb.png'
09:05.180  render           | Saved: '/tmp/tmptqtdauts/frame_0001_depth.png'
09:05.181  render           | Saved: '/tmp/tmptqtdauts/frame_0001_seg.png'
09:05.184  render           | Saved: '/tmp/tmptqtdauts/frame_0001_rgb.png'
09:05.544  render           | Saved: '/tmp/tmptqtdauts/frame_0002_depth.png'
09:05.545  render           | Saved: '/tmp/tmptqtdauts/frame_0002_seg.png'
09:05.548  render           | Saved: '/tmp/tmptqtdauts/frame_0002_rgb.png'
09:05.911  render           | Saved: '/tmp/tmptqtdauts/frame_0003_depth.png'
09:05.912  render           | Saved: '/tmp/tmptqtdauts/frame_0003_seg.png'
09:05.915  render           | Saved: '/tmp/tmptqtdauts/frame_0003_rgb.png'
09:06.276  render           | Saved: '/tmp/tmptqtdauts/frame_0004_depth.png'
09:06.277  render           | Saved: '/tmp/tmptqtdauts/frame_0004_seg.png'
09:06.280  render           | Saved: '/tmp/tmptqtdauts/frame_0004_rgb.png'
09:06.643  render           | Saved: '/tmp/tmptqtdauts/frame_0005_depth.png'
09:06.643  render           | Saved: '/tmp/tmptqtdauts/frame_0005_seg.png'
09:06.647  render           | Saved: '/tmp/tmptqtdauts/frame_0005_rgb.png'
09:07.005  render           | Saved: '/tmp/tmptqtdauts/frame_0006_depth.png'
09:07.006  render           | Saved: '/tmp/tmptqtdauts/frame_0006_seg.png'
09:07.009  render           | Saved: '/tmp/tmptqtdauts/frame_0006_rgb.png'
09:07.370  render           | Saved: '/tmp/tmptqtdauts/frame_0007_seg.png'
09:07.371  render           | Saved: '/tmp/tmptqtdauts/frame_0007_depth.png'
09:07.374  render           | Saved: '/tmp/tmptqtdauts/frame_0007_rgb.png'
09:07.739  render           | Saved: '/tmp/tmptqtdauts/frame_0008_seg.png'
09:07.740  render           | Saved: '/tmp/tmptqtdauts/frame_0008_depth.png'
09:07.743  render           | Saved: '/tmp/tmptqtdauts/frame_0008_rgb.png'
09:08.115  render           | Saved: '/tmp/tmptqtdauts/frame_0009_depth.png'
09:08.115  render           | Saved: '/tmp/tmptqtdauts/frame_0009_seg.png'
09:08.119  render           | Saved: '/tmp/tmptqtdauts/frame_0009_rgb.png'
09:08.489  render           | Saved: '/tmp/tmptqtdauts/frame_0010_depth.png'
09:08.490  render           | Saved: '/tmp/tmptqtdauts/frame_0010_seg.png'
09:08.493  render           | Saved: '/tmp/tmptqtdauts/frame_0010_rgb.png'
09:08.855  render           | Saved: '/tmp/tmptqtdauts/frame_0011_depth.png'
09:08.856  render           | Saved: '/tmp/tmptqtdauts/frame_0011_seg.png'
09:08.859  render           | Saved: '/tmp/tmptqtdauts/frame_0011_rgb.png'
09:09.235  render           | Saved: '/tmp/tmptqtdauts/frame_0012_depth.png'
09:09.235  render           | Saved: '/tmp/tmptqtdauts/frame_0012_seg.png'
09:09.238  render           | Saved: '/tmp/tmptqtdauts/frame_0012_rgb.png'
09:09.588  render           | Saved: '/tmp/tmptqtdauts/frame_0013_depth.png'
09:09.589  render           | Saved: '/tmp/tmptqtdauts/frame_0013_seg.png'
09:09.592  render           | Saved: '/tmp/tmptqtdauts/frame_0013_rgb.png'
09:09.941  render           | Saved: '/tmp/tmptqtdauts/frame_0014_depth.png'
09:09.942  render           | Saved: '/tmp/tmptqtdauts/frame_0014_seg.png'
09:09.945  render           | Saved: '/tmp/tmptqtdauts/frame_0014_rgb.png'
09:10.293  render           | Saved: '/tmp/tmptqtdauts/frame_0015_depth.png'
09:10.294  render           | Saved: '/tmp/tmptqtdauts/frame_0015_seg.png'
09:10.297  render           | Saved: '/tmp/tmptqtdauts/frame_0015_rgb.png'
09:10.652  render           | Saved: '/tmp/tmptqtdauts/frame_0016_seg.png'
09:10.653  render           | Saved: '/tmp/tmptqtdauts/frame_0016_depth.png'
09:10.656  render           | Saved: '/tmp/tmptqtdauts/frame_0016_rgb.png'
09:11.009  render           | Saved: '/tmp/tmptqtdauts/frame_0017_seg.png'
09:11.010  render           | Saved: '/tmp/tmptqtdauts/frame_0017_depth.png'
09:11.013  render           | Saved: '/tmp/tmptqtdauts/frame_0017_rgb.png'
09:11.380  render           | Saved: '/tmp/tmptqtdauts/frame_0018_depth.png'
09:11.381  render           | Saved: '/tmp/tmptqtdauts/frame_0018_seg.png'
09:11.383  render           | Saved: '/tmp/tmptqtdauts/frame_0018_rgb.png'
09:11.734  render           | Saved: '/tmp/tmptqtdauts/frame_0019_depth.png'
09:11.735  render           | Saved: '/tmp/tmptqtdauts/frame_0019_seg.png'
09:11.738  render           | Saved: '/tmp/tmptqtdauts/frame_0019_rgb.png'
09:12.094  render           | Saved: '/tmp/tmptqtdauts/frame_0020_depth.png'
09:12.095  render           | Saved: '/tmp/tmptqtdauts/frame_0020_seg.png'
09:12.098  render           | Saved: '/tmp/tmptqtdauts/frame_0020_rgb.png'
09:12.452  render           | Saved: '/tmp/tmptqtdauts/frame_0021_depth.png'
09:12.453  render           | Saved: '/tmp/tmptqtdauts/frame_0021_seg.png'
09:12.455  render           | Saved: '/tmp/tmptqtdauts/frame_0021_rgb.png'
09:12.830  render           | Saved: '/tmp/tmptqtdauts/frame_0022_depth.png'
09:12.831  render           | Saved: '/tmp/tmptqtdauts/frame_0022_seg.png'
09:12.834  render           | Saved: '/tmp/tmptqtdauts/frame_0022_rgb.png'
09:13.200  render           | Saved: '/tmp/tmptqtdauts/frame_0023_depth.png'
09:13.201  render           | Saved: '/tmp/tmptqtdauts/frame_0023_seg.png'
09:13.204  render           | Saved: '/tmp/tmptqtdauts/frame_0023_rgb.png'
09:13.579  render           | Saved: '/tmp/tmptqtdauts/frame_0024_depth.png'
09:13.580  render           | Saved: '/tmp/tmptqtdauts/frame_0024_seg.png'
09:13.583  render           | Saved: '/tmp/tmptqtdauts/frame_0024_rgb.png'
09:13.938  render           | Saved: '/tmp/tmptqtdauts/frame_0025_seg.png'
09:13.939  render           | Saved: '/tmp/tmptqtdauts/frame_0025_depth.png'
09:13.942  render           | Saved: '/tmp/tmptqtdauts/frame_0025_rgb.png'
09:14.301  render           | Saved: '/tmp/tmptqtdauts/frame_0026_seg.png'
09:14.302  render           | Saved: '/tmp/tmptqtdauts/frame_0026_depth.png'
09:14.305  render           | Saved: '/tmp/tmptqtdauts/frame_0026_rgb.png'
09:14.653  render           | Saved: '/tmp/tmptqtdauts/frame_0027_depth.png'
09:14.654  render           | Saved: '/tmp/tmptqtdauts/frame_0027_seg.png'
09:14.657  render           | Saved: '/tmp/tmptqtdauts/frame_0027_rgb.png'
09:15.013  render           | Saved: '/tmp/tmptqtdauts/frame_0028_depth.png'
09:15.014  render           | Saved: '/tmp/tmptqtdauts/frame_0028_seg.png'
09:15.017  render           | Saved: '/tmp/tmptqtdauts/frame_0028_rgb.png'
09:15.372  render           | Saved: '/tmp/tmptqtdauts/frame_0029_depth.png'
09:15.373  render           | Saved: '/tmp/tmptqtdauts/frame_0029_seg.png'
09:15.376  render           | Saved: '/tmp/tmptqtdauts/frame_0029_rgb.png'
09:15.727  render           | Saved: '/tmp/tmptqtdauts/frame_0030_depth.png'
09:15.728  render           | Saved: '/tmp/tmptqtdauts/frame_0030_seg.png'
09:15.731  render           | Saved: '/tmp/tmptqtdauts/frame_0030_rgb.png'
09:16.083  render           | Saved: '/tmp/tmptqtdauts/frame_0031_depth.png'
09:16.084  render           | Saved: '/tmp/tmptqtdauts/frame_0031_seg.png'
09:16.087  render           | Saved: '/tmp/tmptqtdauts/frame_0031_rgb.png'
09:45.693  render           | Saved: '/tmp/tmpkkcgdcxy/frame_0000_depth.png'
09:45.694  render           | Saved: '/tmp/tmpkkcgdcxy/frame_0000_seg.png'
09:45.697  render           | Saved: '/tmp/tmpkkcgdcxy/frame_0000_rgb.png'
09:46.057  render           | Saved: '/tmp/tmpkkcgdcxy/frame_0001_seg.png'
09:46.057  render           | Saved: '/tmp/tmpkkcgdcxy/frame_0001_depth.png'
09:46.061  render           | Saved: '/tmp/tmpkkcgdcxy/frame_0001_rgb.png'
09:46.414  render           | Saved: '/tmp/tmpkkcgdcxy/frame_0002_seg.png'
09:46.415  render           | Saved: '/tmp/tmpkkcgdcxy/frame_0002_depth.png'
09:46.418  render           | Saved: '/tmp/tmpkkcgdcxy/frame_0002_rgb.png'
09:46.768  render           | Saved: '/tmp/tmpkkcgdcxy/frame_0003_depth.png'
09:46.769  render           | Saved: '/tmp/tmpkkcgdcxy/frame_0003_seg.png'
09:46.772  render           | Saved: '/tmp/tmpkkcgdcxy/frame_0003_rgb.png'
09:47.119  render           | Saved: '/tmp/tmpkkcgdcxy/frame_0004_depth.png'
09:47.120  render           | Saved: '/tmp/tmpkkcgdcxy/frame_0004_seg.png'
09:47.123  render           | Saved: '/tmp/tmpkkcgdcxy/frame_0004_rgb.png'
09:47.482  render           | Saved: '/tmp/tmpkkcgdcxy/frame_0005_depth.png'
09:47.483  render           | Saved: '/tmp/tmpkkcgdcxy/frame_0005_seg.png'
09:47.486  render           | Saved: '/tmp/tmpkkcgdcxy/frame_0005_rgb.png'
09:47.846  render           | Saved: '/tmp/tmpkkcgdcxy/frame_0006_depth.png'
09:47.846  render           | Saved: '/tmp/tmpkkcgdcxy/frame_0006_seg.png'
09:47.849  render           | Saved: '/tmp/tmpkkcgdcxy/frame_0006_rgb.png'
09:48.201  render           | Saved: '/tmp/tmpkkcgdcxy/frame_0007_depth.png'
09:48.202  render           | Saved: '/tmp/tmpkkcgdcxy/frame_0007_seg.png'
09:48.205  render           | Saved: '/tmp/tmpkkcgdcxy/frame_0007_rgb.png'
09:48.558  render           | Saved: '/tmp/tmpkkcgdcxy/frame_0008_depth.png'
09:48.558  render           | Saved: '/tmp/tmpkkcgdcxy/frame_0008_seg.png'
09:48.561  render           | Saved: '/tmp/tmpkkcgdcxy/frame_0008_rgb.png'
09:48.920  render           | Saved: '/tmp/tmpkkcgdcxy/frame_0009_seg.png'
09:48.921  render           | Saved: '/tmp/tmpkkcgdcxy/frame_0009_depth.png'
09:48.924  render           | Saved: '/tmp/tmpkkcgdcxy/frame_0009_rgb.png'
09:49.298  render           | Saved: '/tmp/tmpkkcgdcxy/frame_0010_seg.png'
09:49.299  render           | Saved: '/tmp/tmpkkcgdcxy/frame_0010_depth.png'
09:49.302  render           | Saved: '/tmp/tmpkkcgdcxy/frame_0010_rgb.png'
09:49.653  render           | Saved: '/tmp/tmpkkcgdcxy/frame_0011_seg.png'
09:49.654  render           | Saved: '/tmp/tmpkkcgdcxy/frame_0011_depth.png'
09:49.657  render           | Saved: '/tmp/tmpkkcgdcxy/frame_0011_rgb.png'
09:50.015  render           | Saved: '/tmp/tmpkkcgdcxy/frame_0012_depth.png'
09:50.016  render           | Saved: '/tmp/tmpkkcgdcxy/frame_0012_seg.png'
09:50.019  render           | Saved: '/tmp/tmpkkcgdcxy/frame_0012_rgb.png'
09:50.380  render           | Saved: '/tmp/tmpkkcgdcxy/frame_0013_depth.png'
09:50.381  render           | Saved: '/tmp/tmpkkcgdcxy/frame_0013_seg.png'
09:50.385  render           | Saved: '/tmp/tmpkkcgdcxy/frame_0013_rgb.png'
09:50.745  render           | Saved: '/tmp/tmpkkcgdcxy/frame_0014_depth.png'
09:50.746  render           | Saved: '/tmp/tmpkkcgdcxy/frame_0014_seg.png'
09:50.749  render           | Saved: '/tmp/tmpkkcgdcxy/frame_0014_rgb.png'
09:51.107  render           | Saved: '/tmp/tmpkkcgdcxy/frame_0015_depth.png'
09:51.108  render           | Saved: '/tmp/tmpkkcgdcxy/frame_0015_seg.png'
09:51.112  render           | Saved: '/tmp/tmpkkcgdcxy/frame_0015_rgb.png'
09:51.478  render           | Saved: '/tmp/tmpkkcgdcxy/frame_0016_depth.png'
09:51.479  render           | Saved: '/tmp/tmpkkcgdcxy/frame_0016_seg.png'
09:51.482  render           | Saved: '/tmp/tmpkkcgdcxy/frame_0016_rgb.png'
09:51.845  render           | Saved: '/tmp/tmpkkcgdcxy/frame_0017_depth.png'
09:51.846  render           | Saved: '/tmp/tmpkkcgdcxy/frame_0017_seg.png'
09:51.849  render           | Saved: '/tmp/tmpkkcgdcxy/frame_0017_rgb.png'
09:52.211  render           | Saved: '/tmp/tmpkkcgdcxy/frame_0018_seg.png'
09:52.212  render           | Saved: '/tmp/tmpkkcgdcxy/frame_0018_depth.png'
09:52.215  render           | Saved: '/tmp/tmpkkcgdcxy/frame_0018_rgb.png'
09:52.566  render           | Saved: '/tmp/tmpkkcgdcxy/frame_0019_seg.png'
09:52.567  render           | Saved: '/tmp/tmpkkcgdcxy/frame_0019_depth.png'
09:52.570  render           | Saved: '/tmp/tmpkkcgdcxy/frame_0019_rgb.png'
09:52.922  render           | Saved: '/tmp/tmpkkcgdcxy/frame_0020_seg.png'
09:52.922  render           | Saved: '/tmp/tmpkkcgdcxy/frame_0020_depth.png'
09:52.925  render           | Saved: '/tmp/tmpkkcgdcxy/frame_0020_rgb.png'
09:53.281  render           | Saved: '/tmp/tmpkkcgdcxy/frame_0021_depth.png'
09:53.282  render           | Saved: '/tmp/tmpkkcgdcxy/frame_0021_seg.png'
09:53.285  render           | Saved: '/tmp/tmpkkcgdcxy/frame_0021_rgb.png'
09:53.643  render           | Saved: '/tmp/tmpkkcgdcxy/frame_0022_depth.png'
09:53.644  render           | Saved: '/tmp/tmpkkcgdcxy/frame_0022_seg.png'
09:53.647  render           | Saved: '/tmp/tmpkkcgdcxy/frame_0022_rgb.png'
09:54.008  render           | Saved: '/tmp/tmpkkcgdcxy/frame_0023_depth.png'
09:54.009  render           | Saved: '/tmp/tmpkkcgdcxy/frame_0023_seg.png'
09:54.012  render           | Saved: '/tmp/tmpkkcgdcxy/frame_0023_rgb.png'
09:54.373  render           | Saved: '/tmp/tmpkkcgdcxy/frame_0024_depth.png'
09:54.374  render           | Saved: '/tmp/tmpkkcgdcxy/frame_0024_seg.png'
09:54.377  render           | Saved: '/tmp/tmpkkcgdcxy/frame_0024_rgb.png'
09:54.734  render           | Saved: '/tmp/tmpkkcgdcxy/frame_0025_depth.png'
09:54.735  render           | Saved: '/tmp/tmpkkcgdcxy/frame_0025_seg.png'
09:54.738  render           | Saved: '/tmp/tmpkkcgdcxy/frame_0025_rgb.png'
09:55.095  render           | Saved: '/tmp/tmpkkcgdcxy/frame_0026_depth.png'
09:55.096  render           | Saved: '/tmp/tmpkkcgdcxy/frame_0026_seg.png'
09:55.099  render           | Saved: '/tmp/tmpkkcgdcxy/frame_0026_rgb.png'
09:55.446  render           | Saved: '/tmp/tmpkkcgdcxy/frame_0027_seg.png'
09:55.447  render           | Saved: '/tmp/tmpkkcgdcxy/frame_0027_depth.png'
09:55.450  render           | Saved: '/tmp/tmpkkcgdcxy/frame_0027_rgb.png'
09:55.805  render           | Saved: '/tmp/tmpkkcgdcxy/frame_0028_seg.png'
09:55.805  render           | Saved: '/tmp/tmpkkcgdcxy/frame_0028_depth.png'
09:55.809  render           | Saved: '/tmp/tmpkkcgdcxy/frame_0028_rgb.png'
09:56.160  render           | Saved: '/tmp/tmpkkcgdcxy/frame_0029_depth.png'
09:56.160  render           | Saved: '/tmp/tmpkkcgdcxy/frame_0029_seg.png'
09:56.163  render           | Saved: '/tmp/tmpkkcgdcxy/frame_0029_rgb.png'
09:56.511  render           | Saved: '/tmp/tmpkkcgdcxy/frame_0030_depth.png'
09:56.512  render           | Saved: '/tmp/tmpkkcgdcxy/frame_0030_seg.png'
09:56.515  render           | Saved: '/tmp/tmpkkcgdcxy/frame_0030_rgb.png'
09:56.859  render           | Saved: '/tmp/tmpkkcgdcxy/frame_0031_depth.png'
09:56.860  render           | Saved: '/tmp/tmpkkcgdcxy/frame_0031_seg.png'
09:56.863  render           | Saved: '/tmp/tmpkkcgdcxy/frame_0031_rgb.png'
09:57.282  render           | Saved: '/tmp/tmpehfyudge/frame_0000_seg.png'
09:57.282  render           | Saved: '/tmp/tmpehfyudge/frame_0000_depth.png'
09:57.285  render           | Saved: '/tmp/tmpehfyudge/frame_0000_rgb.png'
09:57.637  render           | Saved: '/tmp/tmpehfyudge/frame_0001_seg.png'
09:57.638  render           | Saved: '/tmp/tmpehfyudge/frame_0001_depth.png'
09:57.641  render           | Saved: '/tmp/tmpehfyudge/frame_0001_rgb.png'
09:57.991  render           | Saved: '/tmp/tmpehfyudge/frame_0002_depth.png'
09:57.992  render           | Saved: '/tmp/tmpehfyudge/frame_0002_seg.png'
09:57.995  render           | Saved: '/tmp/tmpehfyudge/frame_0002_rgb.png'
09:58.346  render           | Saved: '/tmp/tmpehfyudge/frame_0003_depth.png'
09:58.347  render           | Saved: '/tmp/tmpehfyudge/frame_0003_seg.png'
09:58.350  render           | Saved: '/tmp/tmpehfyudge/frame_0003_rgb.png'
09:58.697  render           | Saved: '/tmp/tmpehfyudge/frame_0004_depth.png'
09:58.697  render           | Saved: '/tmp/tmpehfyudge/frame_0004_seg.png'
09:58.700  render           | Saved: '/tmp/tmpehfyudge/frame_0004_rgb.png'
09:59.059  render           | Saved: '/tmp/tmpehfyudge/frame_0005_depth.png'
09:59.061  render           | Saved: '/tmp/tmpehfyudge/frame_0005_seg.png'
09:59.065  render           | Saved: '/tmp/tmpehfyudge/frame_0005_rgb.png'
09:59.421  render           | Saved: '/tmp/tmpehfyudge/frame_0006_depth.png'
09:59.422  render           | Saved: '/tmp/tmpehfyudge/frame_0006_seg.png'
09:59.425  render           | Saved: '/tmp/tmpehfyudge/frame_0006_rgb.png'
09:59.776  render           | Saved: '/tmp/tmpehfyudge/frame_0007_depth.png'
09:59.777  render           | Saved: '/tmp/tmpehfyudge/frame_0007_seg.png'
09:59.779  render           | Saved: '/tmp/tmpehfyudge/frame_0007_rgb.png'
10:00.140  render           | Saved: '/tmp/tmpehfyudge/frame_0008_seg.png'
10:00.141  render           | Saved: '/tmp/tmpehfyudge/frame_0008_depth.png'
10:00.144  render           | Saved: '/tmp/tmpehfyudge/frame_0008_rgb.png'
10:00.496  render           | Saved: '/tmp/tmpehfyudge/frame_0009_seg.png'
10:00.497  render           | Saved: '/tmp/tmpehfyudge/frame_0009_depth.png'
10:00.500  render           | Saved: '/tmp/tmpehfyudge/frame_0009_rgb.png'
10:00.856  render           | Saved: '/tmp/tmpehfyudge/frame_0010_seg.png'
10:00.857  render           | Saved: '/tmp/tmpehfyudge/frame_0010_depth.png'
10:00.860  render           | Saved: '/tmp/tmpehfyudge/frame_0010_rgb.png'
10:01.213  render           | Saved: '/tmp/tmpehfyudge/frame_0011_depth.png'
10:01.213  render           | Saved: '/tmp/tmpehfyudge/frame_0011_seg.png'
10:01.216  render           | Saved: '/tmp/tmpehfyudge/frame_0011_rgb.png'
10:01.562  render           | Saved: '/tmp/tmpehfyudge/frame_0012_depth.png'
10:01.563  render           | Saved: '/tmp/tmpehfyudge/frame_0012_seg.png'
10:01.566  render           | Saved: '/tmp/tmpehfyudge/frame_0012_rgb.png'
10:01.920  render           | Saved: '/tmp/tmpehfyudge/frame_0013_depth.png'
10:01.921  render           | Saved: '/tmp/tmpehfyudge/frame_0013_seg.png'
10:01.924  render           | Saved: '/tmp/tmpehfyudge/frame_0013_rgb.png'
10:02.286  render           | Saved: '/tmp/tmpehfyudge/frame_0014_depth.png'
10:02.287  render           | Saved: '/tmp/tmpehfyudge/frame_0014_seg.png'
10:02.290  render           | Saved: '/tmp/tmpehfyudge/frame_0014_rgb.png'
10:02.647  render           | Saved: '/tmp/tmpehfyudge/frame_0015_depth.png'
10:02.648  render           | Saved: '/tmp/tmpehfyudge/frame_0015_seg.png'
10:02.651  render           | Saved: '/tmp/tmpehfyudge/frame_0015_rgb.png'
10:03.008  render           | Saved: '/tmp/tmpehfyudge/frame_0016_depth.png'
10:03.009  render           | Saved: '/tmp/tmpehfyudge/frame_0016_seg.png'
10:03.012  render           | Saved: '/tmp/tmpehfyudge/frame_0016_rgb.png'
10:03.366  render           | Saved: '/tmp/tmpehfyudge/frame_0017_seg.png'
10:03.367  render           | Saved: '/tmp/tmpehfyudge/frame_0017_depth.png'
10:03.370  render           | Saved: '/tmp/tmpehfyudge/frame_0017_rgb.png'
10:03.723  render           | Saved: '/tmp/tmpehfyudge/frame_0018_seg.png'
10:03.724  render           | Saved: '/tmp/tmpehfyudge/frame_0018_depth.png'
10:03.727  render           | Saved: '/tmp/tmpehfyudge/frame_0018_rgb.png'
10:04.085  render           | Saved: '/tmp/tmpehfyudge/frame_0019_depth.png'
10:04.086  render           | Saved: '/tmp/tmpehfyudge/frame_0019_seg.png'
10:04.089  render           | Saved: '/tmp/tmpehfyudge/frame_0019_rgb.png'
10:04.439  render           | Saved: '/tmp/tmpehfyudge/frame_0020_depth.png'
10:04.440  render           | Saved: '/tmp/tmpehfyudge/frame_0020_seg.png'
10:04.443  render           | Saved: '/tmp/tmpehfyudge/frame_0020_rgb.png'
10:04.793  render           | Saved: '/tmp/tmpehfyudge/frame_0021_depth.png'
10:04.793  render           | Saved: '/tmp/tmpehfyudge/frame_0021_seg.png'
10:04.796  render           | Saved: '/tmp/tmpehfyudge/frame_0021_rgb.png'
10:05.145  render           | Saved: '/tmp/tmpehfyudge/frame_0022_depth.png'
10:05.146  render           | Saved: '/tmp/tmpehfyudge/frame_0022_seg.png'
10:05.149  render           | Saved: '/tmp/tmpehfyudge/frame_0022_rgb.png'
10:05.496  render           | Saved: '/tmp/tmpehfyudge/frame_0023_depth.png'
10:05.497  render           | Saved: '/tmp/tmpehfyudge/frame_0023_seg.png'
10:05.499  render           | Saved: '/tmp/tmpehfyudge/frame_0023_rgb.png'
10:05.866  render           | Saved: '/tmp/tmpehfyudge/frame_0024_depth.png'
10:05.867  render           | Saved: '/tmp/tmpehfyudge/frame_0024_seg.png'
10:05.871  render           | Saved: '/tmp/tmpehfyudge/frame_0024_rgb.png'
10:06.227  render           | Saved: '/tmp/tmpehfyudge/frame_0025_depth.png'
10:06.228  render           | Saved: '/tmp/tmpehfyudge/frame_0025_seg.png'
10:06.231  render           | Saved: '/tmp/tmpehfyudge/frame_0025_rgb.png'
10:06.582  render           | Saved: '/tmp/tmpehfyudge/frame_0026_seg.png'
10:06.583  render           | Saved: '/tmp/tmpehfyudge/frame_0026_depth.png'
10:06.586  render           | Saved: '/tmp/tmpehfyudge/frame_0026_rgb.png'
10:06.941  render           | Saved: '/tmp/tmpehfyudge/frame_0027_seg.png'
10:06.942  render           | Saved: '/tmp/tmpehfyudge/frame_0027_depth.png'
10:06.945  render           | Saved: '/tmp/tmpehfyudge/frame_0027_rgb.png'
10:07.304  render           | Saved: '/tmp/tmpehfyudge/frame_0028_depth.png'
10:07.305  render           | Saved: '/tmp/tmpehfyudge/frame_0028_seg.png'
10:07.308  render           | Saved: '/tmp/tmpehfyudge/frame_0028_rgb.png'
10:07.661  render           | Saved: '/tmp/tmpehfyudge/frame_0029_depth.png'
10:07.662  render           | Saved: '/tmp/tmpehfyudge/frame_0029_seg.png'
10:07.665  render           | Saved: '/tmp/tmpehfyudge/frame_0029_rgb.png'
10:08.017  render           | Saved: '/tmp/tmpehfyudge/frame_0030_depth.png'
10:08.017  render           | Saved: '/tmp/tmpehfyudge/frame_0030_seg.png'
10:08.020  render           | Saved: '/tmp/tmpehfyudge/frame_0030_rgb.png'
10:08.366  render           | Saved: '/tmp/tmpehfyudge/frame_0031_depth.png'
10:08.367  render           | Saved: '/tmp/tmpehfyudge/frame_0031_seg.png'
10:08.370  render           | Saved: '/tmp/tmpehfyudge/frame_0031_rgb.png'
10:40.004  render           | Saved: '/tmp/tmpauw06cim/frame_0000_depth.png'
10:40.005  render           | Saved: '/tmp/tmpauw06cim/frame_0000_seg.png'
10:40.008  render           | Saved: '/tmp/tmpauw06cim/frame_0000_rgb.png'
10:40.361  render           | Saved: '/tmp/tmpauw06cim/frame_0001_depth.png'
10:40.362  render           | Saved: '/tmp/tmpauw06cim/frame_0001_seg.png'
10:40.365  render           | Saved: '/tmp/tmpauw06cim/frame_0001_rgb.png'
10:40.715  render           | Saved: '/tmp/tmpauw06cim/frame_0002_depth.png'
10:40.715  render           | Saved: '/tmp/tmpauw06cim/frame_0002_seg.png'
10:40.718  render           | Saved: '/tmp/tmpauw06cim/frame_0002_rgb.png'
10:41.063  render           | Saved: '/tmp/tmpauw06cim/frame_0003_depth.png'
10:41.064  render           | Saved: '/tmp/tmpauw06cim/frame_0003_seg.png'
10:41.067  render           | Saved: '/tmp/tmpauw06cim/frame_0003_rgb.png'
10:41.417  render           | Saved: '/tmp/tmpauw06cim/frame_0004_depth.png'
10:41.417  render           | Saved: '/tmp/tmpauw06cim/frame_0004_seg.png'
10:41.420  render           | Saved: '/tmp/tmpauw06cim/frame_0004_rgb.png'
10:41.765  render           | Saved: '/tmp/tmpauw06cim/frame_0005_seg.png'
10:41.766  render           | Saved: '/tmp/tmpauw06cim/frame_0005_depth.png'
10:41.769  render           | Saved: '/tmp/tmpauw06cim/frame_0005_rgb.png'
10:42.124  render           | Saved: '/tmp/tmpauw06cim/frame_0006_seg.png'
10:42.125  render           | Saved: '/tmp/tmpauw06cim/frame_0006_depth.png'
10:42.128  render           | Saved: '/tmp/tmpauw06cim/frame_0006_rgb.png'
10:42.494  render           | Saved: '/tmp/tmpauw06cim/frame_0007_depth.png'
10:42.495  render           | Saved: '/tmp/tmpauw06cim/frame_0007_seg.png'
10:42.498  render           | Saved: '/tmp/tmpauw06cim/frame_0007_rgb.png'
10:42.847  render           | Saved: '/tmp/tmpauw06cim/frame_0008_depth.png'
10:42.848  render           | Saved: '/tmp/tmpauw06cim/frame_0008_seg.png'
10:42.851  render           | Saved: '/tmp/tmpauw06cim/frame_0008_rgb.png'
10:43.215  render           | Saved: '/tmp/tmpauw06cim/frame_0009_depth.png'
10:43.216  render           | Saved: '/tmp/tmpauw06cim/frame_0009_seg.png'
10:43.219  render           | Saved: '/tmp/tmpauw06cim/frame_0009_rgb.png'
10:43.571  render           | Saved: '/tmp/tmpauw06cim/frame_0010_depth.png'
10:43.572  render           | Saved: '/tmp/tmpauw06cim/frame_0010_seg.png'
10:43.575  render           | Saved: '/tmp/tmpauw06cim/frame_0010_rgb.png'
10:43.920  render           | Saved: '/tmp/tmpauw06cim/frame_0011_depth.png'
10:43.921  render           | Saved: '/tmp/tmpauw06cim/frame_0011_seg.png'
10:43.924  render           | Saved: '/tmp/tmpauw06cim/frame_0011_rgb.png'
10:44.284  render           | Saved: '/tmp/tmpauw06cim/frame_0012_depth.png'
10:44.285  render           | Saved: '/tmp/tmpauw06cim/frame_0012_seg.png'
10:44.288  render           | Saved: '/tmp/tmpauw06cim/frame_0012_rgb.png'
10:44.640  render           | Saved: '/tmp/tmpauw06cim/frame_0013_depth.png'
10:44.641  render           | Saved: '/tmp/tmpauw06cim/frame_0013_seg.png'
10:44.644  render           | Saved: '/tmp/tmpauw06cim/frame_0013_rgb.png'
10:44.991  render           | Saved: '/tmp/tmpauw06cim/frame_0014_seg.png'
10:44.991  render           | Saved: '/tmp/tmpauw06cim/frame_0014_depth.png'
10:44.995  render           | Saved: '/tmp/tmpauw06cim/frame_0014_rgb.png'
10:45.349  render           | Saved: '/tmp/tmpauw06cim/frame_0015_seg.png'
10:45.350  render           | Saved: '/tmp/tmpauw06cim/frame_0015_depth.png'
10:45.353  render           | Saved: '/tmp/tmpauw06cim/frame_0015_rgb.png'
10:45.705  render           | Saved: '/tmp/tmpauw06cim/frame_0016_depth.png'
10:45.706  render           | Saved: '/tmp/tmpauw06cim/frame_0016_seg.png'
10:45.709  render           | Saved: '/tmp/tmpauw06cim/frame_0016_rgb.png'
10:46.067  render           | Saved: '/tmp/tmpauw06cim/frame_0017_depth.png'
10:46.067  render           | Saved: '/tmp/tmpauw06cim/frame_0017_seg.png'
10:46.070  render           | Saved: '/tmp/tmpauw06cim/frame_0017_rgb.png'
10:46.424  render           | Saved: '/tmp/tmpauw06cim/frame_0018_depth.png'
10:46.425  render           | Saved: '/tmp/tmpauw06cim/frame_0018_seg.png'
10:46.428  render           | Saved: '/tmp/tmpauw06cim/frame_0018_rgb.png'
10:46.775  render           | Saved: '/tmp/tmpauw06cim/frame_0019_depth.png'
10:46.776  render           | Saved: '/tmp/tmpauw06cim/frame_0019_seg.png'
10:46.779  render           | Saved: '/tmp/tmpauw06cim/frame_0019_rgb.png'
10:47.128  render           | Saved: '/tmp/tmpauw06cim/frame_0020_depth.png'
10:47.129  render           | Saved: '/tmp/tmpauw06cim/frame_0020_seg.png'
10:47.132  render           | Saved: '/tmp/tmpauw06cim/frame_0020_rgb.png'
10:47.507  render           | Saved: '/tmp/tmpauw06cim/frame_0021_depth.png'
10:47.507  render           | Saved: '/tmp/tmpauw06cim/frame_0021_seg.png'
10:47.510  render           | Saved: '/tmp/tmpauw06cim/frame_0021_rgb.png'
10:47.865  render           | Saved: '/tmp/tmpauw06cim/frame_0022_depth.png'
10:47.866  render           | Saved: '/tmp/tmpauw06cim/frame_0022_seg.png'
10:47.869  render           | Saved: '/tmp/tmpauw06cim/frame_0022_rgb.png'
10:48.222  render           | Saved: '/tmp/tmpauw06cim/frame_0023_seg.png'
10:48.223  render           | Saved: '/tmp/tmpauw06cim/frame_0023_depth.png'
10:48.226  render           | Saved: '/tmp/tmpauw06cim/frame_0023_rgb.png'
10:48.574  render           | Saved: '/tmp/tmpauw06cim/frame_0024_seg.png'
10:48.574  render           | Saved: '/tmp/tmpauw06cim/frame_0024_depth.png'
10:48.577  render           | Saved: '/tmp/tmpauw06cim/frame_0024_rgb.png'
10:48.925  render           | Saved: '/tmp/tmpauw06cim/frame_0025_depth.png'
10:48.926  render           | Saved: '/tmp/tmpauw06cim/frame_0025_seg.png'
10:48.929  render           | Saved: '/tmp/tmpauw06cim/frame_0025_rgb.png'
10:49.278  render           | Saved: '/tmp/tmpauw06cim/frame_0026_depth.png'
10:49.279  render           | Saved: '/tmp/tmpauw06cim/frame_0026_seg.png'
10:49.282  render           | Saved: '/tmp/tmpauw06cim/frame_0026_rgb.png'
10:49.625  render           | Saved: '/tmp/tmpauw06cim/frame_0027_depth.png'
10:49.626  render           | Saved: '/tmp/tmpauw06cim/frame_0027_seg.png'
10:49.629  render           | Saved: '/tmp/tmpauw06cim/frame_0027_rgb.png'
10:49.967  render           | Saved: '/tmp/tmpauw06cim/frame_0028_depth.png'
10:49.968  render           | Saved: '/tmp/tmpauw06cim/frame_0028_seg.png'
10:49.971  render           | Saved: '/tmp/tmpauw06cim/frame_0028_rgb.png'
10:50.334  render           | Saved: '/tmp/tmpauw06cim/frame_0029_depth.png'
10:50.335  render           | Saved: '/tmp/tmpauw06cim/frame_0029_seg.png'
10:50.338  render           | Saved: '/tmp/tmpauw06cim/frame_0029_rgb.png'
10:50.697  render           | Saved: '/tmp/tmpauw06cim/frame_0030_depth.png'
10:50.698  render           | Saved: '/tmp/tmpauw06cim/frame_0030_seg.png'
10:50.701  render           | Saved: '/tmp/tmpauw06cim/frame_0030_rgb.png'
10:51.056  render           | Saved: '/tmp/tmpauw06cim/frame_0031_depth.png'
10:51.057  render           | Saved: '/tmp/tmpauw06cim/frame_0031_seg.png'
10:51.060  render           | Saved: '/tmp/tmpauw06cim/frame_0031_rgb.png'
10:51.496  render           | Saved: '/tmp/tmpp559arja/frame_0000_seg.png'
10:51.497  render           | Saved: '/tmp/tmpp559arja/frame_0000_depth.png'
10:51.500  render           | Saved: '/tmp/tmpp559arja/frame_0000_rgb.png'
10:51.874  render           | Saved: '/tmp/tmpp559arja/frame_0001_seg.png'
10:51.874  render           | Saved: '/tmp/tmpp559arja/frame_0001_depth.png'
10:51.877  render           | Saved: '/tmp/tmpp559arja/frame_0001_rgb.png'
10:52.233  render           | Saved: '/tmp/tmpp559arja/frame_0002_depth.png'
10:52.234  render           | Saved: '/tmp/tmpp559arja/frame_0002_seg.png'
10:52.237  render           | Saved: '/tmp/tmpp559arja/frame_0002_rgb.png'
10:52.592  render           | Saved: '/tmp/tmpp559arja/frame_0003_depth.png'
10:52.593  render           | Saved: '/tmp/tmpp559arja/frame_0003_seg.png'
10:52.597  render           | Saved: '/tmp/tmpp559arja/frame_0003_rgb.png'
10:52.954  render           | Saved: '/tmp/tmpp559arja/frame_0004_depth.png'
10:52.955  render           | Saved: '/tmp/tmpp559arja/frame_0004_seg.png'
10:52.958  render           | Saved: '/tmp/tmpp559arja/frame_0004_rgb.png'
10:53.320  render           | Saved: '/tmp/tmpp559arja/frame_0005_depth.png'
10:53.321  render           | Saved: '/tmp/tmpp559arja/frame_0005_seg.png'
10:53.324  render           | Saved: '/tmp/tmpp559arja/frame_0005_rgb.png'
10:53.683  render           | Saved: '/tmp/tmpp559arja/frame_0006_depth.png'
10:53.683  render           | Saved: '/tmp/tmpp559arja/frame_0006_seg.png'
10:53.687  render           | Saved: '/tmp/tmpp559arja/frame_0006_rgb.png'
10:54.057  render           | Saved: '/tmp/tmpp559arja/frame_0007_depth.png'
10:54.058  render           | Saved: '/tmp/tmpp559arja/frame_0007_seg.png'
10:54.061  render           | Saved: '/tmp/tmpp559arja/frame_0007_rgb.png'
10:54.418  render           | Saved: '/tmp/tmpp559arja/frame_0008_seg.png'
10:54.418  render           | Saved: '/tmp/tmpp559arja/frame_0008_depth.png'
10:54.422  render           | Saved: '/tmp/tmpp559arja/frame_0008_rgb.png'
10:54.781  render           | Saved: '/tmp/tmpp559arja/frame_0009_seg.png'
10:54.782  render           | Saved: '/tmp/tmpp559arja/frame_0009_depth.png'
10:54.785  render           | Saved: '/tmp/tmpp559arja/frame_0009_rgb.png'
10:55.142  render           | Saved: '/tmp/tmpp559arja/frame_0010_seg.png'
10:55.143  render           | Saved: '/tmp/tmpp559arja/frame_0010_depth.png'
10:55.146  render           | Saved: '/tmp/tmpp559arja/frame_0010_rgb.png'
10:55.494  render           | Saved: '/tmp/tmpp559arja/frame_0011_depth.png'
10:55.495  render           | Saved: '/tmp/tmpp559arja/frame_0011_seg.png'
10:55.498  render           | Saved: '/tmp/tmpp559arja/frame_0011_rgb.png'
10:55.850  render           | Saved: '/tmp/tmpp559arja/frame_0012_depth.png'
10:55.851  render           | Saved: '/tmp/tmpp559arja/frame_0012_seg.png'
10:55.854  render           | Saved: '/tmp/tmpp559arja/frame_0012_rgb.png'
10:56.208  render           | Saved: '/tmp/tmpp559arja/frame_0013_depth.png'
10:56.209  render           | Saved: '/tmp/tmpp559arja/frame_0013_seg.png'
10:56.213  render           | Saved: '/tmp/tmpp559arja/frame_0013_rgb.png'
10:56.565  render           | Saved: '/tmp/tmpp559arja/frame_0014_depth.png'
10:56.566  render           | Saved: '/tmp/tmpp559arja/frame_0014_seg.png'
10:56.569  render           | Saved: '/tmp/tmpp559arja/frame_0014_rgb.png'
10:56.932  render           | Saved: '/tmp/tmpp559arja/frame_0015_depth.png'
10:56.933  render           | Saved: '/tmp/tmpp559arja/frame_0015_seg.png'
10:56.936  render           | Saved: '/tmp/tmpp559arja/frame_0015_rgb.png'
10:57.300  render           | Saved: '/tmp/tmpp559arja/frame_0016_depth.png'
10:57.301  render           | Saved: '/tmp/tmpp559arja/frame_0016_seg.png'
10:57.304  render           | Saved: '/tmp/tmpp559arja/frame_0016_rgb.png'
10:57.671  render           | Saved: '/tmp/tmpp559arja/frame_0017_seg.png'
10:57.672  render           | Saved: '/tmp/tmpp559arja/frame_0017_depth.png'
10:57.675  render           | Saved: '/tmp/tmpp559arja/frame_0017_rgb.png'
10:58.034  render           | Saved: '/tmp/tmpp559arja/frame_0018_seg.png'
10:58.035  render           | Saved: '/tmp/tmpp559arja/frame_0018_depth.png'
10:58.038  render           | Saved: '/tmp/tmpp559arja/frame_0018_rgb.png'
10:58.404  render           | Saved: '/tmp/tmpp559arja/frame_0019_depth.png'
10:58.405  render           | Saved: '/tmp/tmpp559arja/frame_0019_seg.png'
10:58.408  render           | Saved: '/tmp/tmpp559arja/frame_0019_rgb.png'
10:58.781  render           | Saved: '/tmp/tmpp559arja/frame_0020_depth.png'
10:58.782  render           | Saved: '/tmp/tmpp559arja/frame_0020_seg.png'
10:58.785  render           | Saved: '/tmp/tmpp559arja/frame_0020_rgb.png'
10:59.154  render           | Saved: '/tmp/tmpp559arja/frame_0021_depth.png'
10:59.155  render           | Saved: '/tmp/tmpp559arja/frame_0021_seg.png'
10:59.158  render           | Saved: '/tmp/tmpp559arja/frame_0021_rgb.png'
10:59.538  render           | Saved: '/tmp/tmpp559arja/frame_0022_depth.png'
10:59.539  render           | Saved: '/tmp/tmpp559arja/frame_0022_seg.png'
10:59.542  render           | Saved: '/tmp/tmpp559arja/frame_0022_rgb.png'
10:59.909  render           | Saved: '/tmp/tmpp559arja/frame_0023_depth.png'
10:59.910  render           | Saved: '/tmp/tmpp559arja/frame_0023_seg.png'
10:59.913  render           | Saved: '/tmp/tmpp559arja/frame_0023_rgb.png'
11:00.270  render           | Saved: '/tmp/tmpp559arja/frame_0024_depth.png'
11:00.271  render           | Saved: '/tmp/tmpp559arja/frame_0024_seg.png'
11:00.274  render           | Saved: '/tmp/tmpp559arja/frame_0024_rgb.png'
11:00.642  render           | Saved: '/tmp/tmpp559arja/frame_0025_depth.png'
11:00.644  render           | Saved: '/tmp/tmpp559arja/frame_0025_seg.png'
11:00.647  render           | Saved: '/tmp/tmpp559arja/frame_0025_rgb.png'
11:01.022  render           | Saved: '/tmp/tmpp559arja/frame_0026_seg.png'
11:01.023  render           | Saved: '/tmp/tmpp559arja/frame_0026_depth.png'
11:01.027  render           | Saved: '/tmp/tmpp559arja/frame_0026_rgb.png'
11:01.388  render           | Saved: '/tmp/tmpp559arja/frame_0027_seg.png'
11:01.389  render           | Saved: '/tmp/tmpp559arja/frame_0027_depth.png'
11:01.392  render           | Saved: '/tmp/tmpp559arja/frame_0027_rgb.png'
11:01.746  render           | Saved: '/tmp/tmpp559arja/frame_0028_depth.png'
11:01.747  render           | Saved: '/tmp/tmpp559arja/frame_0028_seg.png'
11:01.750  render           | Saved: '/tmp/tmpp559arja/frame_0028_rgb.png'
11:02.119  render           | Saved: '/tmp/tmpp559arja/frame_0029_depth.png'
11:02.120  render           | Saved: '/tmp/tmpp559arja/frame_0029_seg.png'
11:02.123  render           | Saved: '/tmp/tmpp559arja/frame_0029_rgb.png'
11:02.481  render           | Saved: '/tmp/tmpp559arja/frame_0030_depth.png'
11:02.482  render           | Saved: '/tmp/tmpp559arja/frame_0030_seg.png'
11:02.485  render           | Saved: '/tmp/tmpp559arja/frame_0030_rgb.png'
11:02.858  render           | Saved: '/tmp/tmpp559arja/frame_0031_depth.png'
11:02.859  render           | Saved: '/tmp/tmpp559arja/frame_0031_seg.png'
11:02.862  render           | Saved: '/tmp/tmpp559arja/frame_0031_rgb.png'
11:33.661  render           | Saved: '/tmp/tmpo3iz8cnx/frame_0000_depth.png'
11:33.662  render           | Saved: '/tmp/tmpo3iz8cnx/frame_0000_seg.png'
11:33.665  render           | Saved: '/tmp/tmpo3iz8cnx/frame_0000_rgb.png'
11:34.109  render           | Saved: '/tmp/tmpo3iz8cnx/frame_0001_depth.png'
11:34.110  render           | Saved: '/tmp/tmpo3iz8cnx/frame_0001_seg.png'
11:34.113  render           | Saved: '/tmp/tmpo3iz8cnx/frame_0001_rgb.png'
11:34.518  render           | Saved: '/tmp/tmpo3iz8cnx/frame_0002_depth.png'
11:34.519  render           | Saved: '/tmp/tmpo3iz8cnx/frame_0002_seg.png'
11:34.522  render           | Saved: '/tmp/tmpo3iz8cnx/frame_0002_rgb.png'
11:34.940  render           | Saved: '/tmp/tmpo3iz8cnx/frame_0003_seg.png'
11:34.941  render           | Saved: '/tmp/tmpo3iz8cnx/frame_0003_depth.png'
11:34.944  render           | Saved: '/tmp/tmpo3iz8cnx/frame_0003_rgb.png'
11:35.359  render           | Saved: '/tmp/tmpo3iz8cnx/frame_0004_seg.png'
11:35.360  render           | Saved: '/tmp/tmpo3iz8cnx/frame_0004_depth.png'
11:35.363  render           | Saved: '/tmp/tmpo3iz8cnx/frame_0004_rgb.png'
11:35.776  render           | Saved: '/tmp/tmpo3iz8cnx/frame_0005_depth.png'
11:35.777  render           | Saved: '/tmp/tmpo3iz8cnx/frame_0005_seg.png'
11:35.780  render           | Saved: '/tmp/tmpo3iz8cnx/frame_0005_rgb.png'
11:36.206  render           | Saved: '/tmp/tmpo3iz8cnx/frame_0006_depth.png'
11:36.207  render           | Saved: '/tmp/tmpo3iz8cnx/frame_0006_seg.png'
11:36.210  render           | Saved: '/tmp/tmpo3iz8cnx/frame_0006_rgb.png'
11:36.610  render           | Saved: '/tmp/tmpo3iz8cnx/frame_0007_depth.png'
11:36.611  render           | Saved: '/tmp/tmpo3iz8cnx/frame_0007_seg.png'
11:36.614  render           | Saved: '/tmp/tmpo3iz8cnx/frame_0007_rgb.png'
11:37.038  render           | Saved: '/tmp/tmpo3iz8cnx/frame_0008_depth.png'
11:37.039  render           | Saved: '/tmp/tmpo3iz8cnx/frame_0008_seg.png'
11:37.042  render           | Saved: '/tmp/tmpo3iz8cnx/frame_0008_rgb.png'
11:37.447  render           | Saved: '/tmp/tmpo3iz8cnx/frame_0009_depth.png'
11:37.448  render           | Saved: '/tmp/tmpo3iz8cnx/frame_0009_seg.png'
11:37.451  render           | Saved: '/tmp/tmpo3iz8cnx/frame_0009_rgb.png'
11:37.868  render           | Saved: '/tmp/tmpo3iz8cnx/frame_0010_depth.png'
11:37.869  render           | Saved: '/tmp/tmpo3iz8cnx/frame_0010_seg.png'
11:37.872  render           | Saved: '/tmp/tmpo3iz8cnx/frame_0010_rgb.png'
11:38.298  render           | Saved: '/tmp/tmpo3iz8cnx/frame_0011_depth.png'
11:38.299  render           | Saved: '/tmp/tmpo3iz8cnx/frame_0011_seg.png'
11:38.302  render           | Saved: '/tmp/tmpo3iz8cnx/frame_0011_rgb.png'
11:38.711  render           | Saved: '/tmp/tmpo3iz8cnx/frame_0012_seg.png'
11:38.712  render           | Saved: '/tmp/tmpo3iz8cnx/frame_0012_depth.png'
11:38.715  render           | Saved: '/tmp/tmpo3iz8cnx/frame_0012_rgb.png'
11:39.127  render           | Saved: '/tmp/tmpo3iz8cnx/frame_0013_seg.png'
11:39.128  render           | Saved: '/tmp/tmpo3iz8cnx/frame_0013_depth.png'
11:39.131  render           | Saved: '/tmp/tmpo3iz8cnx/frame_0013_rgb.png'
11:39.540  render           | Saved: '/tmp/tmpo3iz8cnx/frame_0014_depth.png'
11:39.541  render           | Saved: '/tmp/tmpo3iz8cnx/frame_0014_seg.png'
11:39.544  render           | Saved: '/tmp/tmpo3iz8cnx/frame_0014_rgb.png'
11:39.949  render           | Saved: '/tmp/tmpo3iz8cnx/frame_0015_depth.png'
11:39.950  render           | Saved: '/tmp/tmpo3iz8cnx/frame_0015_seg.png'
11:39.953  render           | Saved: '/tmp/tmpo3iz8cnx/frame_0015_rgb.png'
11:40.366  render           | Saved: '/tmp/tmpo3iz8cnx/frame_0016_depth.png'
11:40.367  render           | Saved: '/tmp/tmpo3iz8cnx/frame_0016_seg.png'
11:40.370  render           | Saved: '/tmp/tmpo3iz8cnx/frame_0016_rgb.png'
11:40.778  render           | Saved: '/tmp/tmpo3iz8cnx/frame_0017_depth.png'
11:40.779  render           | Saved: '/tmp/tmpo3iz8cnx/frame_0017_seg.png'
11:40.782  render           | Saved: '/tmp/tmpo3iz8cnx/frame_0017_rgb.png'
11:41.198  render           | Saved: '/tmp/tmpo3iz8cnx/frame_0018_depth.png'
11:41.199  render           | Saved: '/tmp/tmpo3iz8cnx/frame_0018_seg.png'
11:41.202  render           | Saved: '/tmp/tmpo3iz8cnx/frame_0018_rgb.png'
11:41.607  render           | Saved: '/tmp/tmpo3iz8cnx/frame_0019_depth.png'
11:41.608  render           | Saved: '/tmp/tmpo3iz8cnx/frame_0019_seg.png'
11:41.611  render           | Saved: '/tmp/tmpo3iz8cnx/frame_0019_rgb.png'
11:42.010  render           | Saved: '/tmp/tmpo3iz8cnx/frame_0020_depth.png'
11:42.011  render           | Saved: '/tmp/tmpo3iz8cnx/frame_0020_seg.png'
11:42.014  render           | Saved: '/tmp/tmpo3iz8cnx/frame_0020_rgb.png'
11:42.420  render           | Saved: '/tmp/tmpo3iz8cnx/frame_0021_seg.png'
11:42.421  render           | Saved: '/tmp/tmpo3iz8cnx/frame_0021_depth.png'
11:42.424  render           | Saved: '/tmp/tmpo3iz8cnx/frame_0021_rgb.png'
11:42.822  render           | Saved: '/tmp/tmpo3iz8cnx/frame_0022_seg.png'
11:42.823  render           | Saved: '/tmp/tmpo3iz8cnx/frame_0022_depth.png'
11:42.826  render           | Saved: '/tmp/tmpo3iz8cnx/frame_0022_rgb.png'
11:43.227  render           | Saved: '/tmp/tmpo3iz8cnx/frame_0023_depth.png'
11:43.228  render           | Saved: '/tmp/tmpo3iz8cnx/frame_0023_seg.png'
11:43.231  render           | Saved: '/tmp/tmpo3iz8cnx/frame_0023_rgb.png'
11:43.627  render           | Saved: '/tmp/tmpo3iz8cnx/frame_0024_depth.png'
11:43.628  render           | Saved: '/tmp/tmpo3iz8cnx/frame_0024_seg.png'
11:43.631  render           | Saved: '/tmp/tmpo3iz8cnx/frame_0024_rgb.png'
11:44.030  render           | Saved: '/tmp/tmpo3iz8cnx/frame_0025_depth.png'
11:44.031  render           | Saved: '/tmp/tmpo3iz8cnx/frame_0025_seg.png'
11:44.034  render           | Saved: '/tmp/tmpo3iz8cnx/frame_0025_rgb.png'
11:44.436  render           | Saved: '/tmp/tmpo3iz8cnx/frame_0026_depth.png'
11:44.437  render           | Saved: '/tmp/tmpo3iz8cnx/frame_0026_seg.png'
11:44.440  render           | Saved: '/tmp/tmpo3iz8cnx/frame_0026_rgb.png'
11:44.849  render           | Saved: '/tmp/tmpo3iz8cnx/frame_0027_depth.png'
11:44.850  render           | Saved: '/tmp/tmpo3iz8cnx/frame_0027_seg.png'
11:44.853  render           | Saved: '/tmp/tmpo3iz8cnx/frame_0027_rgb.png'
11:45.258  render           | Saved: '/tmp/tmpo3iz8cnx/frame_0028_depth.png'
11:45.259  render           | Saved: '/tmp/tmpo3iz8cnx/frame_0028_seg.png'
11:45.262  render           | Saved: '/tmp/tmpo3iz8cnx/frame_0028_rgb.png'
11:45.681  render           | Saved: '/tmp/tmpo3iz8cnx/frame_0029_seg.png'
11:45.682  render           | Saved: '/tmp/tmpo3iz8cnx/frame_0029_depth.png'
11:45.685  render           | Saved: '/tmp/tmpo3iz8cnx/frame_0029_rgb.png'
11:46.091  render           | Saved: '/tmp/tmpo3iz8cnx/frame_0030_seg.png'
11:46.092  render           | Saved: '/tmp/tmpo3iz8cnx/frame_0030_depth.png'
11:46.095  render           | Saved: '/tmp/tmpo3iz8cnx/frame_0030_rgb.png'
11:46.516  render           | Saved: '/tmp/tmpo3iz8cnx/frame_0031_seg.png'
11:46.517  render           | Saved: '/tmp/tmpo3iz8cnx/frame_0031_depth.png'
11:46.520  render           | Saved: '/tmp/tmpo3iz8cnx/frame_0031_rgb.png'
11:47.019  render           | Saved: '/tmp/tmplqln8efo/frame_0000_seg.png'
11:47.020  render           | Saved: '/tmp/tmplqln8efo/frame_0000_depth.png'
11:47.024  render           | Saved: '/tmp/tmplqln8efo/frame_0000_rgb.png'
11:47.446  render           | Saved: '/tmp/tmplqln8efo/frame_0001_seg.png'
11:47.447  render           | Saved: '/tmp/tmplqln8efo/frame_0001_depth.png'
11:47.450  render           | Saved: '/tmp/tmplqln8efo/frame_0001_rgb.png'
11:47.871  render           | Saved: '/tmp/tmplqln8efo/frame_0002_depth.png'
11:47.872  render           | Saved: '/tmp/tmplqln8efo/frame_0002_seg.png'
11:47.876  render           | Saved: '/tmp/tmplqln8efo/frame_0002_rgb.png'
11:48.288  render           | Saved: '/tmp/tmplqln8efo/frame_0003_depth.png'
11:48.289  render           | Saved: '/tmp/tmplqln8efo/frame_0003_seg.png'
11:48.292  render           | Saved: '/tmp/tmplqln8efo/frame_0003_rgb.png'
11:48.708  render           | Saved: '/tmp/tmplqln8efo/frame_0004_depth.png'
11:48.709  render           | Saved: '/tmp/tmplqln8efo/frame_0004_seg.png'
11:48.712  render           | Saved: '/tmp/tmplqln8efo/frame_0004_rgb.png'
11:49.125  render           | Saved: '/tmp/tmplqln8efo/frame_0005_depth.png'
11:49.126  render           | Saved: '/tmp/tmplqln8efo/frame_0005_seg.png'
11:49.131  render           | Saved: '/tmp/tmplqln8efo/frame_0005_rgb.png'
11:49.561  render           | Saved: '/tmp/tmplqln8efo/frame_0006_depth.png'
11:49.562  render           | Saved: '/tmp/tmplqln8efo/frame_0006_seg.png'
11:49.565  render           | Saved: '/tmp/tmplqln8efo/frame_0006_rgb.png'
11:49.983  render           | Saved: '/tmp/tmplqln8efo/frame_0007_depth.png'
11:49.984  render           | Saved: '/tmp/tmplqln8efo/frame_0007_seg.png'
11:49.988  render           | Saved: '/tmp/tmplqln8efo/frame_0007_rgb.png'
11:50.397  render           | Saved: '/tmp/tmplqln8efo/frame_0008_seg.png'
11:50.398  render           | Saved: '/tmp/tmplqln8efo/frame_0008_depth.png'
11:50.401  render           | Saved: '/tmp/tmplqln8efo/frame_0008_rgb.png'
11:50.810  render           | Saved: '/tmp/tmplqln8efo/frame_0009_seg.png'
11:50.810  render           | Saved: '/tmp/tmplqln8efo/frame_0009_depth.png'
11:50.814  render           | Saved: '/tmp/tmplqln8efo/frame_0009_rgb.png'
11:51.220  render           | Saved: '/tmp/tmplqln8efo/frame_0010_seg.png'
11:51.221  render           | Saved: '/tmp/tmplqln8efo/frame_0010_depth.png'
11:51.224  render           | Saved: '/tmp/tmplqln8efo/frame_0010_rgb.png'
11:51.648  render           | Saved: '/tmp/tmplqln8efo/frame_0011_depth.png'
11:51.648  render           | Saved: '/tmp/tmplqln8efo/frame_0011_seg.png'
11:51.652  render           | Saved: '/tmp/tmplqln8efo/frame_0011_rgb.png'
11:52.075  render           | Saved: '/tmp/tmplqln8efo/frame_0012_depth.png'
11:52.076  render           | Saved: '/tmp/tmplqln8efo/frame_0012_seg.png'
11:52.079  render           | Saved: '/tmp/tmplqln8efo/frame_0012_rgb.png'
11:52.483  render           | Saved: '/tmp/tmplqln8efo/frame_0013_depth.png'
11:52.484  render           | Saved: '/tmp/tmplqln8efo/frame_0013_seg.png'
11:52.487  render           | Saved: '/tmp/tmplqln8efo/frame_0013_rgb.png'
11:52.909  render           | Saved: '/tmp/tmplqln8efo/frame_0014_depth.png'
11:52.911  render           | Saved: '/tmp/tmplqln8efo/frame_0014_seg.png'
11:52.914  render           | Saved: '/tmp/tmplqln8efo/frame_0014_rgb.png'
11:53.329  render           | Saved: '/tmp/tmplqln8efo/frame_0015_depth.png'
11:53.330  render           | Saved: '/tmp/tmplqln8efo/frame_0015_seg.png'
11:53.333  render           | Saved: '/tmp/tmplqln8efo/frame_0015_rgb.png'
11:53.756  render           | Saved: '/tmp/tmplqln8efo/frame_0016_depth.png'
11:53.757  render           | Saved: '/tmp/tmplqln8efo/frame_0016_seg.png'
11:53.760  render           | Saved: '/tmp/tmplqln8efo/frame_0016_rgb.png'
11:54.168  render           | Saved: '/tmp/tmplqln8efo/frame_0017_seg.png'
11:54.169  render           | Saved: '/tmp/tmplqln8efo/frame_0017_depth.png'
11:54.172  render           | Saved: '/tmp/tmplqln8efo/frame_0017_rgb.png'
11:54.584  render           | Saved: '/tmp/tmplqln8efo/frame_0018_seg.png'
11:54.585  render           | Saved: '/tmp/tmplqln8efo/frame_0018_depth.png'
11:54.588  render           | Saved: '/tmp/tmplqln8efo/frame_0018_rgb.png'
11:54.998  render           | Saved: '/tmp/tmplqln8efo/frame_0019_depth.png'
11:54.999  render           | Saved: '/tmp/tmplqln8efo/frame_0019_seg.png'
11:55.002  render           | Saved: '/tmp/tmplqln8efo/frame_0019_rgb.png'
11:55.406  render           | Saved: '/tmp/tmplqln8efo/frame_0020_depth.png'
11:55.407  render           | Saved: '/tmp/tmplqln8efo/frame_0020_seg.png'
11:55.410  render           | Saved: '/tmp/tmplqln8efo/frame_0020_rgb.png'
11:55.814  render           | Saved: '/tmp/tmplqln8efo/frame_0021_depth.png'
11:55.815  render           | Saved: '/tmp/tmplqln8efo/frame_0021_seg.png'
11:55.818  render           | Saved: '/tmp/tmplqln8efo/frame_0021_rgb.png'
11:56.226  render           | Saved: '/tmp/tmplqln8efo/frame_0022_depth.png'
11:56.227  render           | Saved: '/tmp/tmplqln8efo/frame_0022_seg.png'
11:56.230  render           | Saved: '/tmp/tmplqln8efo/frame_0022_rgb.png'
11:56.628  render           | Saved: '/tmp/tmplqln8efo/frame_0023_depth.png'
11:56.629  render           | Saved: '/tmp/tmplqln8efo/frame_0023_seg.png'
11:56.632  render           | Saved: '/tmp/tmplqln8efo/frame_0023_rgb.png'
11:57.031  render           | Saved: '/tmp/tmplqln8efo/frame_0024_depth.png'
11:57.032  render           | Saved: '/tmp/tmplqln8efo/frame_0024_seg.png'
11:57.035  render           | Saved: '/tmp/tmplqln8efo/frame_0024_rgb.png'
11:57.454  render           | Saved: '/tmp/tmplqln8efo/frame_0025_depth.png'
11:57.454  render           | Saved: '/tmp/tmplqln8efo/frame_0025_seg.png'
11:57.458  render           | Saved: '/tmp/tmplqln8efo/frame_0025_rgb.png'
11:57.862  render           | Saved: '/tmp/tmplqln8efo/frame_0026_seg.png'
11:57.863  render           | Saved: '/tmp/tmplqln8efo/frame_0026_depth.png'
11:57.866  render           | Saved: '/tmp/tmplqln8efo/frame_0026_rgb.png'
11:58.277  render           | Saved: '/tmp/tmplqln8efo/frame_0027_seg.png'
11:58.278  render           | Saved: '/tmp/tmplqln8efo/frame_0027_depth.png'
11:58.281  render           | Saved: '/tmp/tmplqln8efo/frame_0027_rgb.png'
11:58.690  render           | Saved: '/tmp/tmplqln8efo/frame_0028_depth.png'
11:58.691  render           | Saved: '/tmp/tmplqln8efo/frame_0028_seg.png'
11:58.695  render           | Saved: '/tmp/tmplqln8efo/frame_0028_rgb.png'
11:59.097  render           | Saved: '/tmp/tmplqln8efo/frame_0029_depth.png'
11:59.098  render           | Saved: '/tmp/tmplqln8efo/frame_0029_seg.png'
11:59.101  render           | Saved: '/tmp/tmplqln8efo/frame_0029_rgb.png'
11:59.500  render           | Saved: '/tmp/tmplqln8efo/frame_0030_depth.png'
11:59.501  render           | Saved: '/tmp/tmplqln8efo/frame_0030_seg.png'
11:59.504  render           | Saved: '/tmp/tmplqln8efo/frame_0030_rgb.png'
11:59.907  render           | Saved: '/tmp/tmplqln8efo/frame_0031_depth.png'
11:59.908  render           | Saved: '/tmp/tmplqln8efo/frame_0031_seg.png'
11:59.911  render           | Saved: '/tmp/tmplqln8efo/frame_0031_rgb.png'
12:31.161  render           | Saved: '/tmp/tmp49kedhen/frame_0000_depth.png'
12:31.162  render           | Saved: '/tmp/tmp49kedhen/frame_0000_seg.png'
12:31.165  render           | Saved: '/tmp/tmp49kedhen/frame_0000_rgb.png'
12:31.581  render           | Saved: '/tmp/tmp49kedhen/frame_0001_depth.png'
12:31.582  render           | Saved: '/tmp/tmp49kedhen/frame_0001_seg.png'
12:31.586  render           | Saved: '/tmp/tmp49kedhen/frame_0001_rgb.png'
12:32.002  render           | Saved: '/tmp/tmp49kedhen/frame_0002_depth.png'
12:32.003  render           | Saved: '/tmp/tmp49kedhen/frame_0002_seg.png'
12:32.006  render           | Saved: '/tmp/tmp49kedhen/frame_0002_rgb.png'
12:32.420  render           | Saved: '/tmp/tmp49kedhen/frame_0003_depth.png'
12:32.421  render           | Saved: '/tmp/tmp49kedhen/frame_0003_seg.png'
12:32.424  render           | Saved: '/tmp/tmp49kedhen/frame_0003_rgb.png'
12:32.843  render           | Saved: '/tmp/tmp49kedhen/frame_0004_depth.png'
12:32.843  render           | Saved: '/tmp/tmp49kedhen/frame_0004_seg.png'
12:32.847  render           | Saved: '/tmp/tmp49kedhen/frame_0004_rgb.png'
12:33.254  render           | Saved: '/tmp/tmp49kedhen/frame_0005_seg.png'
12:33.255  render           | Saved: '/tmp/tmp49kedhen/frame_0005_depth.png'
12:33.258  render           | Saved: '/tmp/tmp49kedhen/frame_0005_rgb.png'
12:33.671  render           | Saved: '/tmp/tmp49kedhen/frame_0006_seg.png'
12:33.672  render           | Saved: '/tmp/tmp49kedhen/frame_0006_depth.png'
12:33.675  render           | Saved: '/tmp/tmp49kedhen/frame_0006_rgb.png'
12:34.096  render           | Saved: '/tmp/tmp49kedhen/frame_0007_depth.png'
12:34.097  render           | Saved: '/tmp/tmp49kedhen/frame_0007_seg.png'
12:34.101  render           | Saved: '/tmp/tmp49kedhen/frame_0007_rgb.png'
12:34.517  render           | Saved: '/tmp/tmp49kedhen/frame_0008_depth.png'
12:34.518  render           | Saved: '/tmp/tmp49kedhen/frame_0008_seg.png'
12:34.521  render           | Saved: '/tmp/tmp49kedhen/frame_0008_rgb.png'
12:34.932  render           | Saved: '/tmp/tmp49kedhen/frame_0009_depth.png'
12:34.933  render           | Saved: '/tmp/tmp49kedhen/frame_0009_seg.png'
12:34.936  render           | Saved: '/tmp/tmp49kedhen/frame_0009_rgb.png'
12:35.358  render           | Saved: '/tmp/tmp49kedhen/frame_0010_depth.png'
12:35.359  render           | Saved: '/tmp/tmp49kedhen/frame_0010_seg.png'
12:35.363  render           | Saved: '/tmp/tmp49kedhen/frame_0010_rgb.png'
12:35.768  render           | Saved: '/tmp/tmp49kedhen/frame_0011_depth.png'
12:35.769  render           | Saved: '/tmp/tmp49kedhen/frame_0011_seg.png'
12:35.772  render           | Saved: '/tmp/tmp49kedhen/frame_0011_rgb.png'
12:36.194  render           | Saved: '/tmp/tmp49kedhen/frame_0012_depth.png'
12:36.195  render           | Saved: '/tmp/tmp49kedhen/frame_0012_seg.png'
12:36.198  render           | Saved: '/tmp/tmp49kedhen/frame_0012_rgb.png'
12:36.621  render           | Saved: '/tmp/tmp49kedhen/frame_0013_depth.png'
12:36.621  render           | Saved: '/tmp/tmp49kedhen/frame_0013_seg.png'
12:36.625  render           | Saved: '/tmp/tmp49kedhen/frame_0013_rgb.png'
12:37.051  render           | Saved: '/tmp/tmp49kedhen/frame_0014_seg.png'
12:37.052  render           | Saved: '/tmp/tmp49kedhen/frame_0014_depth.png'
12:37.056  render           | Saved: '/tmp/tmp49kedhen/frame_0014_rgb.png'
12:37.486  render           | Saved: '/tmp/tmp49kedhen/frame_0015_seg.png'
12:37.487  render           | Saved: '/tmp/tmp49kedhen/frame_0015_depth.png'
12:37.491  render           | Saved: '/tmp/tmp49kedhen/frame_0015_rgb.png'
12:37.927  render           | Saved: '/tmp/tmp49kedhen/frame_0016_depth.png'
12:37.928  render           | Saved: '/tmp/tmp49kedhen/frame_0016_seg.png'
12:37.932  render           | Saved: '/tmp/tmp49kedhen/frame_0016_rgb.png'
12:38.381  render           | Saved: '/tmp/tmp49kedhen/frame_0017_depth.png'
12:38.382  render           | Saved: '/tmp/tmp49kedhen/frame_0017_seg.png'
12:38.385  render           | Saved: '/tmp/tmp49kedhen/frame_0017_rgb.png'
12:38.799  render           | Saved: '/tmp/tmp49kedhen/frame_0018_depth.png'
12:38.799  render           | Saved: '/tmp/tmp49kedhen/frame_0018_seg.png'
12:38.802  render           | Saved: '/tmp/tmp49kedhen/frame_0018_rgb.png'
12:39.220  render           | Saved: '/tmp/tmp49kedhen/frame_0019_depth.png'
12:39.221  render           | Saved: '/tmp/tmp49kedhen/frame_0019_seg.png'
12:39.224  render           | Saved: '/tmp/tmp49kedhen/frame_0019_rgb.png'
12:39.637  render           | Saved: '/tmp/tmp49kedhen/frame_0020_depth.png'
12:39.638  render           | Saved: '/tmp/tmp49kedhen/frame_0020_seg.png'
12:39.641  render           | Saved: '/tmp/tmp49kedhen/frame_0020_rgb.png'
12:40.083  render           | Saved: '/tmp/tmp49kedhen/frame_0021_depth.png'
12:40.084  render           | Saved: '/tmp/tmp49kedhen/frame_0021_seg.png'
12:40.087  render           | Saved: '/tmp/tmp49kedhen/frame_0021_rgb.png'
12:40.515  render           | Saved: '/tmp/tmp49kedhen/frame_0022_depth.png'
12:40.516  render           | Saved: '/tmp/tmp49kedhen/frame_0022_seg.png'
12:40.520  render           | Saved: '/tmp/tmp49kedhen/frame_0022_rgb.png'
12:40.978  render           | Saved: '/tmp/tmp49kedhen/frame_0023_seg.png'
12:40.979  render           | Saved: '/tmp/tmp49kedhen/frame_0023_depth.png'
12:40.983  render           | Saved: '/tmp/tmp49kedhen/frame_0023_rgb.png'
12:41.429  render           | Saved: '/tmp/tmp49kedhen/frame_0024_seg.png'
12:41.430  render           | Saved: '/tmp/tmp49kedhen/frame_0024_depth.png'
12:41.433  render           | Saved: '/tmp/tmp49kedhen/frame_0024_rgb.png'
12:41.860  render           | Saved: '/tmp/tmp49kedhen/frame_0025_depth.png'
12:41.861  render           | Saved: '/tmp/tmp49kedhen/frame_0025_seg.png'
12:41.865  render           | Saved: '/tmp/tmp49kedhen/frame_0025_rgb.png'
12:42.298  render           | Saved: '/tmp/tmp49kedhen/frame_0026_depth.png'
12:42.299  render           | Saved: '/tmp/tmp49kedhen/frame_0026_seg.png'
12:42.302  render           | Saved: '/tmp/tmp49kedhen/frame_0026_rgb.png'
12:42.716  render           | Saved: '/tmp/tmp49kedhen/frame_0027_depth.png'
12:42.717  render           | Saved: '/tmp/tmp49kedhen/frame_0027_seg.png'
12:42.721  render           | Saved: '/tmp/tmp49kedhen/frame_0027_rgb.png'
12:43.149  render           | Saved: '/tmp/tmp49kedhen/frame_0028_depth.png'
12:43.150  render           | Saved: '/tmp/tmp49kedhen/frame_0028_seg.png'
12:43.153  render           | Saved: '/tmp/tmp49kedhen/frame_0028_rgb.png'
12:43.570  render           | Saved: '/tmp/tmp49kedhen/frame_0029_depth.png'
12:43.571  render           | Saved: '/tmp/tmp49kedhen/frame_0029_seg.png'
12:43.575  render           | Saved: '/tmp/tmp49kedhen/frame_0029_rgb.png'
12:43.980  render           | Saved: '/tmp/tmp49kedhen/frame_0030_depth.png'
12:43.981  render           | Saved: '/tmp/tmp49kedhen/frame_0030_seg.png'
12:43.984  render           | Saved: '/tmp/tmp49kedhen/frame_0030_rgb.png'
12:44.406  render           | Saved: '/tmp/tmp49kedhen/frame_0031_depth.png'
12:44.407  render           | Saved: '/tmp/tmp49kedhen/frame_0031_seg.png'
12:44.410  render           | Saved: '/tmp/tmp49kedhen/frame_0031_rgb.png'
12:44.910  render           | Saved: '/tmp/tmpv84ey99c/frame_0000_depth.png'
12:44.910  render           | Saved: '/tmp/tmpv84ey99c/frame_0000_seg.png'
12:44.914  render           | Saved: '/tmp/tmpv84ey99c/frame_0000_rgb.png'
12:45.343  render           | Saved: '/tmp/tmpv84ey99c/frame_0001_depth.png'
12:45.344  render           | Saved: '/tmp/tmpv84ey99c/frame_0001_seg.png'
12:45.347  render           | Saved: '/tmp/tmpv84ey99c/frame_0001_rgb.png'
12:45.768  render           | Saved: '/tmp/tmpv84ey99c/frame_0002_depth.png'
12:45.769  render           | Saved: '/tmp/tmpv84ey99c/frame_0002_seg.png'
12:45.773  render           | Saved: '/tmp/tmpv84ey99c/frame_0002_rgb.png'
12:46.203  render           | Saved: '/tmp/tmpv84ey99c/frame_0003_depth.png'
12:46.203  render           | Saved: '/tmp/tmpv84ey99c/frame_0003_seg.png'
12:46.207  render           | Saved: '/tmp/tmpv84ey99c/frame_0003_rgb.png'
12:46.625  render           | Saved: '/tmp/tmpv84ey99c/frame_0004_seg.png'
12:46.626  render           | Saved: '/tmp/tmpv84ey99c/frame_0004_depth.png'
12:46.629  render           | Saved: '/tmp/tmpv84ey99c/frame_0004_rgb.png'
12:47.088  render           | Saved: '/tmp/tmpv84ey99c/frame_0005_seg.png'
12:47.089  render           | Saved: '/tmp/tmpv84ey99c/frame_0005_depth.png'
12:47.092  render           | Saved: '/tmp/tmpv84ey99c/frame_0005_rgb.png'
12:47.517  render           | Saved: '/tmp/tmpv84ey99c/frame_0006_depth.png'
12:47.518  render           | Saved: '/tmp/tmpv84ey99c/frame_0006_seg.png'
12:47.521  render           | Saved: '/tmp/tmpv84ey99c/frame_0006_rgb.png'
12:47.945  render           | Saved: '/tmp/tmpv84ey99c/frame_0007_depth.png'
12:47.946  render           | Saved: '/tmp/tmpv84ey99c/frame_0007_seg.png'
12:47.950  render           | Saved: '/tmp/tmpv84ey99c/frame_0007_rgb.png'
12:48.385  render           | Saved: '/tmp/tmpv84ey99c/frame_0008_depth.png'
12:48.386  render           | Saved: '/tmp/tmpv84ey99c/frame_0008_seg.png'
12:48.389  render           | Saved: '/tmp/tmpv84ey99c/frame_0008_rgb.png'
12:48.814  render           | Saved: '/tmp/tmpv84ey99c/frame_0009_depth.png'
12:48.815  render           | Saved: '/tmp/tmpv84ey99c/frame_0009_seg.png'
12:48.819  render           | Saved: '/tmp/tmpv84ey99c/frame_0009_rgb.png'
12:49.243  render           | Saved: '/tmp/tmpv84ey99c/frame_0010_depth.png'
12:49.244  render           | Saved: '/tmp/tmpv84ey99c/frame_0010_seg.png'
12:49.248  render           | Saved: '/tmp/tmpv84ey99c/frame_0010_rgb.png'
12:49.662  render           | Saved: '/tmp/tmpv84ey99c/frame_0011_depth.png'
12:49.663  render           | Saved: '/tmp/tmpv84ey99c/frame_0011_seg.png'
12:49.666  render           | Saved: '/tmp/tmpv84ey99c/frame_0011_rgb.png'
12:50.074  render           | Saved: '/tmp/tmpv84ey99c/frame_0012_depth.png'
12:50.075  render           | Saved: '/tmp/tmpv84ey99c/frame_0012_seg.png'
12:50.078  render           | Saved: '/tmp/tmpv84ey99c/frame_0012_rgb.png'
12:50.479  render           | Saved: '/tmp/tmpv84ey99c/frame_0013_seg.png'
12:50.480  render           | Saved: '/tmp/tmpv84ey99c/frame_0013_depth.png'
12:50.483  render           | Saved: '/tmp/tmpv84ey99c/frame_0013_rgb.png'
12:50.889  render           | Saved: '/tmp/tmpv84ey99c/frame_0014_seg.png'
12:50.890  render           | Saved: '/tmp/tmpv84ey99c/frame_0014_depth.png'
12:50.893  render           | Saved: '/tmp/tmpv84ey99c/frame_0014_rgb.png'
12:51.307  render           | Saved: '/tmp/tmpv84ey99c/frame_0015_depth.png'
12:51.308  render           | Saved: '/tmp/tmpv84ey99c/frame_0015_seg.png'
12:51.311  render           | Saved: '/tmp/tmpv84ey99c/frame_0015_rgb.png'
12:51.717  render           | Saved: '/tmp/tmpv84ey99c/frame_0016_depth.png'
12:51.718  render           | Saved: '/tmp/tmpv84ey99c/frame_0016_seg.png'
12:51.721  render           | Saved: '/tmp/tmpv84ey99c/frame_0016_rgb.png'
12:52.129  render           | Saved: '/tmp/tmpv84ey99c/frame_0017_depth.png'
12:52.130  render           | Saved: '/tmp/tmpv84ey99c/frame_0017_seg.png'
12:52.134  render           | Saved: '/tmp/tmpv84ey99c/frame_0017_rgb.png'
12:52.544  render           | Saved: '/tmp/tmpv84ey99c/frame_0018_depth.png'
12:52.545  render           | Saved: '/tmp/tmpv84ey99c/frame_0018_seg.png'
12:52.548  render           | Saved: '/tmp/tmpv84ey99c/frame_0018_rgb.png'
12:52.960  render           | Saved: '/tmp/tmpv84ey99c/frame_0019_depth.png'
12:52.961  render           | Saved: '/tmp/tmpv84ey99c/frame_0019_seg.png'
12:52.964  render           | Saved: '/tmp/tmpv84ey99c/frame_0019_rgb.png'
12:53.367  render           | Saved: '/tmp/tmpv84ey99c/frame_0020_depth.png'
12:53.368  render           | Saved: '/tmp/tmpv84ey99c/frame_0020_seg.png'
12:53.372  render           | Saved: '/tmp/tmpv84ey99c/frame_0020_rgb.png'
12:53.785  render           | Saved: '/tmp/tmpv84ey99c/frame_0021_depth.png'
12:53.786  render           | Saved: '/tmp/tmpv84ey99c/frame_0021_seg.png'
12:53.790  render           | Saved: '/tmp/tmpv84ey99c/frame_0021_rgb.png'
12:54.197  render           | Saved: '/tmp/tmpv84ey99c/frame_0022_seg.png'
12:54.198  render           | Saved: '/tmp/tmpv84ey99c/frame_0022_depth.png'
12:54.201  render           | Saved: '/tmp/tmpv84ey99c/frame_0022_rgb.png'
12:54.608  render           | Saved: '/tmp/tmpv84ey99c/frame_0023_seg.png'
12:54.609  render           | Saved: '/tmp/tmpv84ey99c/frame_0023_depth.png'
12:54.612  render           | Saved: '/tmp/tmpv84ey99c/frame_0023_rgb.png'
12:55.023  render           | Saved: '/tmp/tmpv84ey99c/frame_0024_depth.png'
12:55.024  render           | Saved: '/tmp/tmpv84ey99c/frame_0024_seg.png'
12:55.028  render           | Saved: '/tmp/tmpv84ey99c/frame_0024_rgb.png'
12:55.440  render           | Saved: '/tmp/tmpv84ey99c/frame_0025_depth.png'
12:55.442  render           | Saved: '/tmp/tmpv84ey99c/frame_0025_seg.png'
12:55.445  render           | Saved: '/tmp/tmpv84ey99c/frame_0025_rgb.png'
12:55.851  render           | Saved: '/tmp/tmpv84ey99c/frame_0026_depth.png'
12:55.852  render           | Saved: '/tmp/tmpv84ey99c/frame_0026_seg.png'
12:55.856  render           | Saved: '/tmp/tmpv84ey99c/frame_0026_rgb.png'
12:56.265  render           | Saved: '/tmp/tmpv84ey99c/frame_0027_depth.png'
12:56.266  render           | Saved: '/tmp/tmpv84ey99c/frame_0027_seg.png'
12:56.269  render           | Saved: '/tmp/tmpv84ey99c/frame_0027_rgb.png'
12:56.677  render           | Saved: '/tmp/tmpv84ey99c/frame_0028_depth.png'
12:56.678  render           | Saved: '/tmp/tmpv84ey99c/frame_0028_seg.png'
12:56.681  render           | Saved: '/tmp/tmpv84ey99c/frame_0028_rgb.png'
12:57.108  render           | Saved: '/tmp/tmpv84ey99c/frame_0029_depth.png'
12:57.109  render           | Saved: '/tmp/tmpv84ey99c/frame_0029_seg.png'
12:57.112  render           | Saved: '/tmp/tmpv84ey99c/frame_0029_rgb.png'
12:57.557  render           | Saved: '/tmp/tmpv84ey99c/frame_0030_depth.png'
12:57.558  render           | Saved: '/tmp/tmpv84ey99c/frame_0030_seg.png'
12:57.561  render           | Saved: '/tmp/tmpv84ey99c/frame_0030_rgb.png'
12:57.982  render           | Saved: '/tmp/tmpv84ey99c/frame_0031_seg.png'
12:57.983  render           | Saved: '/tmp/tmpv84ey99c/frame_0031_depth.png'
12:57.987  render           | Saved: '/tmp/tmpv84ey99c/frame_0031_rgb.png'
13:29.322  render           | Saved: '/tmp/tmpf3x4vitx/frame_0000_depth.png'
13:29.323  render           | Saved: '/tmp/tmpf3x4vitx/frame_0000_seg.png'
13:29.326  render           | Saved: '/tmp/tmpf3x4vitx/frame_0000_rgb.png'
13:29.690  render           | Saved: '/tmp/tmpf3x4vitx/frame_0001_seg.png'
13:29.691  render           | Saved: '/tmp/tmpf3x4vitx/frame_0001_depth.png'
13:29.694  render           | Saved: '/tmp/tmpf3x4vitx/frame_0001_rgb.png'
13:30.077  render           | Saved: '/tmp/tmpf3x4vitx/frame_0002_seg.png'
13:30.078  render           | Saved: '/tmp/tmpf3x4vitx/frame_0002_depth.png'
13:30.081  render           | Saved: '/tmp/tmpf3x4vitx/frame_0002_rgb.png'
13:30.465  render           | Saved: '/tmp/tmpf3x4vitx/frame_0003_depth.png'
13:30.466  render           | Saved: '/tmp/tmpf3x4vitx/frame_0003_seg.png'
13:30.469  render           | Saved: '/tmp/tmpf3x4vitx/frame_0003_rgb.png'
13:30.843  render           | Saved: '/tmp/tmpf3x4vitx/frame_0004_depth.png'
13:30.844  render           | Saved: '/tmp/tmpf3x4vitx/frame_0004_seg.png'
13:30.847  render           | Saved: '/tmp/tmpf3x4vitx/frame_0004_rgb.png'
13:31.230  render           | Saved: '/tmp/tmpf3x4vitx/frame_0005_depth.png'
13:31.231  render           | Saved: '/tmp/tmpf3x4vitx/frame_0005_seg.png'
13:31.234  render           | Saved: '/tmp/tmpf3x4vitx/frame_0005_rgb.png'
13:31.605  render           | Saved: '/tmp/tmpf3x4vitx/frame_0006_depth.png'
13:31.606  render           | Saved: '/tmp/tmpf3x4vitx/frame_0006_seg.png'
13:31.609  render           | Saved: '/tmp/tmpf3x4vitx/frame_0006_rgb.png'
13:31.983  render           | Saved: '/tmp/tmpf3x4vitx/frame_0007_depth.png'
13:31.984  render           | Saved: '/tmp/tmpf3x4vitx/frame_0007_seg.png'
13:31.987  render           | Saved: '/tmp/tmpf3x4vitx/frame_0007_rgb.png'
13:32.357  render           | Saved: '/tmp/tmpf3x4vitx/frame_0008_depth.png'
13:32.358  render           | Saved: '/tmp/tmpf3x4vitx/frame_0008_seg.png'
13:32.361  render           | Saved: '/tmp/tmpf3x4vitx/frame_0008_rgb.png'
13:32.769  render           | Saved: '/tmp/tmpf3x4vitx/frame_0009_seg.png'
13:32.770  render           | Saved: '/tmp/tmpf3x4vitx/frame_0009_depth.png'
13:32.774  render           | Saved: '/tmp/tmpf3x4vitx/frame_0009_rgb.png'
13:33.157  render           | Saved: '/tmp/tmpf3x4vitx/frame_0010_seg.png'
13:33.158  render           | Saved: '/tmp/tmpf3x4vitx/frame_0010_depth.png'
13:33.161  render           | Saved: '/tmp/tmpf3x4vitx/frame_0010_rgb.png'
13:33.540  render           | Saved: '/tmp/tmpf3x4vitx/frame_0011_seg.png'
13:33.541  render           | Saved: '/tmp/tmpf3x4vitx/frame_0011_depth.png'
13:33.545  render           | Saved: '/tmp/tmpf3x4vitx/frame_0011_rgb.png'
13:33.926  render           | Saved: '/tmp/tmpf3x4vitx/frame_0012_depth.png'
13:33.927  render           | Saved: '/tmp/tmpf3x4vitx/frame_0012_seg.png'
13:33.930  render           | Saved: '/tmp/tmpf3x4vitx/frame_0012_rgb.png'
13:34.304  render           | Saved: '/tmp/tmpf3x4vitx/frame_0013_depth.png'
13:34.304  render           | Saved: '/tmp/tmpf3x4vitx/frame_0013_seg.png'
13:34.307  render           | Saved: '/tmp/tmpf3x4vitx/frame_0013_rgb.png'
13:34.678  render           | Saved: '/tmp/tmpf3x4vitx/frame_0014_depth.png'
13:34.679  render           | Saved: '/tmp/tmpf3x4vitx/frame_0014_seg.png'
13:34.682  render           | Saved: '/tmp/tmpf3x4vitx/frame_0014_rgb.png'
13:35.047  render           | Saved: '/tmp/tmpf3x4vitx/frame_0015_depth.png'
13:35.048  render           | Saved: '/tmp/tmpf3x4vitx/frame_0015_seg.png'
13:35.051  render           | Saved: '/tmp/tmpf3x4vitx/frame_0015_rgb.png'
13:35.424  render           | Saved: '/tmp/tmpf3x4vitx/frame_0016_depth.png'
13:35.424  render           | Saved: '/tmp/tmpf3x4vitx/frame_0016_seg.png'
13:35.427  render           | Saved: '/tmp/tmpf3x4vitx/frame_0016_rgb.png'
13:35.798  render           | Saved: '/tmp/tmpf3x4vitx/frame_0017_depth.png'
13:35.799  render           | Saved: '/tmp/tmpf3x4vitx/frame_0017_seg.png'
13:35.802  render           | Saved: '/tmp/tmpf3x4vitx/frame_0017_rgb.png'
13:36.183  render           | Saved: '/tmp/tmpf3x4vitx/frame_0018_seg.png'
13:36.184  render           | Saved: '/tmp/tmpf3x4vitx/frame_0018_depth.png'
13:36.187  render           | Saved: '/tmp/tmpf3x4vitx/frame_0018_rgb.png'
13:36.577  render           | Saved: '/tmp/tmpf3x4vitx/frame_0019_seg.png'
13:36.578  render           | Saved: '/tmp/tmpf3x4vitx/frame_0019_depth.png'
13:36.581  render           | Saved: '/tmp/tmpf3x4vitx/frame_0019_rgb.png'
13:36.977  render           | Saved: '/tmp/tmpf3x4vitx/frame_0020_seg.png'
13:36.978  render           | Saved: '/tmp/tmpf3x4vitx/frame_0020_depth.png'
13:36.981  render           | Saved: '/tmp/tmpf3x4vitx/frame_0020_rgb.png'
13:37.370  render           | Saved: '/tmp/tmpf3x4vitx/frame_0021_depth.png'
13:37.371  render           | Saved: '/tmp/tmpf3x4vitx/frame_0021_seg.png'
13:37.374  render           | Saved: '/tmp/tmpf3x4vitx/frame_0021_rgb.png'
13:37.745  render           | Saved: '/tmp/tmpf3x4vitx/frame_0022_depth.png'
13:37.746  render           | Saved: '/tmp/tmpf3x4vitx/frame_0022_seg.png'
13:37.749  render           | Saved: '/tmp/tmpf3x4vitx/frame_0022_rgb.png'
13:38.123  render           | Saved: '/tmp/tmpf3x4vitx/frame_0023_depth.png'
13:38.124  render           | Saved: '/tmp/tmpf3x4vitx/frame_0023_seg.png'
13:38.127  render           | Saved: '/tmp/tmpf3x4vitx/frame_0023_rgb.png'
13:38.502  render           | Saved: '/tmp/tmpf3x4vitx/frame_0024_depth.png'
13:38.502  render           | Saved: '/tmp/tmpf3x4vitx/frame_0024_seg.png'
13:38.506  render           | Saved: '/tmp/tmpf3x4vitx/frame_0024_rgb.png'
13:38.882  render           | Saved: '/tmp/tmpf3x4vitx/frame_0025_depth.png'
13:38.883  render           | Saved: '/tmp/tmpf3x4vitx/frame_0025_seg.png'
13:38.886  render           | Saved: '/tmp/tmpf3x4vitx/frame_0025_rgb.png'
13:39.267  render           | Saved: '/tmp/tmpf3x4vitx/frame_0026_depth.png'
13:39.268  render           | Saved: '/tmp/tmpf3x4vitx/frame_0026_seg.png'
13:39.271  render           | Saved: '/tmp/tmpf3x4vitx/frame_0026_rgb.png'
13:39.647  render           | Saved: '/tmp/tmpf3x4vitx/frame_0027_seg.png'
13:39.647  render           | Saved: '/tmp/tmpf3x4vitx/frame_0027_depth.png'
13:39.650  render           | Saved: '/tmp/tmpf3x4vitx/frame_0027_rgb.png'
13:40.020  render           | Saved: '/tmp/tmpf3x4vitx/frame_0028_seg.png'
13:40.021  render           | Saved: '/tmp/tmpf3x4vitx/frame_0028_depth.png'
13:40.024  render           | Saved: '/tmp/tmpf3x4vitx/frame_0028_rgb.png'
13:40.402  render           | Saved: '/tmp/tmpf3x4vitx/frame_0029_depth.png'
13:40.403  render           | Saved: '/tmp/tmpf3x4vitx/frame_0029_seg.png'
13:40.406  render           | Saved: '/tmp/tmpf3x4vitx/frame_0029_rgb.png'
13:40.785  render           | Saved: '/tmp/tmpf3x4vitx/frame_0030_depth.png'
13:40.786  render           | Saved: '/tmp/tmpf3x4vitx/frame_0030_seg.png'
13:40.789  render           | Saved: '/tmp/tmpf3x4vitx/frame_0030_rgb.png'
13:41.186  render           | Saved: '/tmp/tmpf3x4vitx/frame_0031_depth.png'
13:41.187  render           | Saved: '/tmp/tmpf3x4vitx/frame_0031_seg.png'
13:41.190  render           | Saved: '/tmp/tmpf3x4vitx/frame_0031_rgb.png'
13:41.664  render           | Saved: '/tmp/tmp99h_wpsa/frame_0000_depth.png'
13:41.664  render           | Saved: '/tmp/tmp99h_wpsa/frame_0000_seg.png'
13:41.668  render           | Saved: '/tmp/tmp99h_wpsa/frame_0000_rgb.png'
13:42.066  render           | Saved: '/tmp/tmp99h_wpsa/frame_0001_depth.png'
13:42.067  render           | Saved: '/tmp/tmp99h_wpsa/frame_0001_seg.png'
13:42.070  render           | Saved: '/tmp/tmp99h_wpsa/frame_0001_rgb.png'
13:42.471  render           | Saved: '/tmp/tmp99h_wpsa/frame_0002_depth.png'
13:42.472  render           | Saved: '/tmp/tmp99h_wpsa/frame_0002_seg.png'
13:42.475  render           | Saved: '/tmp/tmp99h_wpsa/frame_0002_rgb.png'
13:42.887  render           | Saved: '/tmp/tmp99h_wpsa/frame_0003_depth.png'
13:42.887  render           | Saved: '/tmp/tmp99h_wpsa/frame_0003_seg.png'
13:42.891  render           | Saved: '/tmp/tmp99h_wpsa/frame_0003_rgb.png'
13:43.279  render           | Saved: '/tmp/tmp99h_wpsa/frame_0004_depth.png'
13:43.280  render           | Saved: '/tmp/tmp99h_wpsa/frame_0004_seg.png'
13:43.283  render           | Saved: '/tmp/tmp99h_wpsa/frame_0004_rgb.png'
13:43.672  render           | Saved: '/tmp/tmp99h_wpsa/frame_0005_seg.png'
13:43.673  render           | Saved: '/tmp/tmp99h_wpsa/frame_0005_depth.png'
13:43.676  render           | Saved: '/tmp/tmp99h_wpsa/frame_0005_rgb.png'
13:44.064  render           | Saved: '/tmp/tmp99h_wpsa/frame_0006_seg.png'
13:44.065  render           | Saved: '/tmp/tmp99h_wpsa/frame_0006_depth.png'
13:44.068  render           | Saved: '/tmp/tmp99h_wpsa/frame_0006_rgb.png'
13:44.455  render           | Saved: '/tmp/tmp99h_wpsa/frame_0007_depth.png'
13:44.456  render           | Saved: '/tmp/tmp99h_wpsa/frame_0007_seg.png'
13:44.459  render           | Saved: '/tmp/tmp99h_wpsa/frame_0007_rgb.png'
13:44.858  render           | Saved: '/tmp/tmp99h_wpsa/frame_0008_depth.png'
13:44.858  render           | Saved: '/tmp/tmp99h_wpsa/frame_0008_seg.png'
13:44.861  render           | Saved: '/tmp/tmp99h_wpsa/frame_0008_rgb.png'
13:45.258  render           | Saved: '/tmp/tmp99h_wpsa/frame_0009_depth.png'
13:45.259  render           | Saved: '/tmp/tmp99h_wpsa/frame_0009_seg.png'
13:45.262  render           | Saved: '/tmp/tmp99h_wpsa/frame_0009_rgb.png'
13:45.654  render           | Saved: '/tmp/tmp99h_wpsa/frame_0010_depth.png'
13:45.655  render           | Saved: '/tmp/tmp99h_wpsa/frame_0010_seg.png'
13:45.658  render           | Saved: '/tmp/tmp99h_wpsa/frame_0010_rgb.png'
13:46.056  render           | Saved: '/tmp/tmp99h_wpsa/frame_0011_depth.png'
13:46.057  render           | Saved: '/tmp/tmp99h_wpsa/frame_0011_seg.png'
13:46.060  render           | Saved: '/tmp/tmp99h_wpsa/frame_0011_rgb.png'
13:46.468  render           | Saved: '/tmp/tmp99h_wpsa/frame_0012_depth.png'
13:46.469  render           | Saved: '/tmp/tmp99h_wpsa/frame_0012_seg.png'
13:46.472  render           | Saved: '/tmp/tmp99h_wpsa/frame_0012_rgb.png'
13:46.882  render           | Saved: '/tmp/tmp99h_wpsa/frame_0013_depth.png'
13:46.883  render           | Saved: '/tmp/tmp99h_wpsa/frame_0013_seg.png'
13:46.886  render           | Saved: '/tmp/tmp99h_wpsa/frame_0013_rgb.png'
13:47.303  render           | Saved: '/tmp/tmp99h_wpsa/frame_0014_seg.png'
13:47.304  render           | Saved: '/tmp/tmp99h_wpsa/frame_0014_depth.png'
13:47.307  render           | Saved: '/tmp/tmp99h_wpsa/frame_0014_rgb.png'
13:47.714  render           | Saved: '/tmp/tmp99h_wpsa/frame_0015_seg.png'
13:47.715  render           | Saved: '/tmp/tmp99h_wpsa/frame_0015_depth.png'
13:47.718  render           | Saved: '/tmp/tmp99h_wpsa/frame_0015_rgb.png'
13:48.122  render           | Saved: '/tmp/tmp99h_wpsa/frame_0016_depth.png'
13:48.123  render           | Saved: '/tmp/tmp99h_wpsa/frame_0016_seg.png'
13:48.126  render           | Saved: '/tmp/tmp99h_wpsa/frame_0016_rgb.png'
13:48.528  render           | Saved: '/tmp/tmp99h_wpsa/frame_0017_depth.png'
13:48.529  render           | Saved: '/tmp/tmp99h_wpsa/frame_0017_seg.png'
13:48.532  render           | Saved: '/tmp/tmp99h_wpsa/frame_0017_rgb.png'
13:48.929  render           | Saved: '/tmp/tmp99h_wpsa/frame_0018_depth.png'
13:48.930  render           | Saved: '/tmp/tmp99h_wpsa/frame_0018_seg.png'
13:48.933  render           | Saved: '/tmp/tmp99h_wpsa/frame_0018_rgb.png'
13:49.340  render           | Saved: '/tmp/tmp99h_wpsa/frame_0019_depth.png'
13:49.341  render           | Saved: '/tmp/tmp99h_wpsa/frame_0019_seg.png'
13:49.344  render           | Saved: '/tmp/tmp99h_wpsa/frame_0019_rgb.png'
13:49.745  render           | Saved: '/tmp/tmp99h_wpsa/frame_0020_depth.png'
13:49.746  render           | Saved: '/tmp/tmp99h_wpsa/frame_0020_seg.png'
13:49.750  render           | Saved: '/tmp/tmp99h_wpsa/frame_0020_rgb.png'
13:50.150  render           | Saved: '/tmp/tmp99h_wpsa/frame_0021_depth.png'
13:50.151  render           | Saved: '/tmp/tmp99h_wpsa/frame_0021_seg.png'
13:50.154  render           | Saved: '/tmp/tmp99h_wpsa/frame_0021_rgb.png'
13:50.560  render           | Saved: '/tmp/tmp99h_wpsa/frame_0022_depth.png'
13:50.561  render           | Saved: '/tmp/tmp99h_wpsa/frame_0022_seg.png'
13:50.564  render           | Saved: '/tmp/tmp99h_wpsa/frame_0022_rgb.png'
13:50.963  render           | Saved: '/tmp/tmp99h_wpsa/frame_0023_seg.png'
13:50.964  render           | Saved: '/tmp/tmp99h_wpsa/frame_0023_depth.png'
13:50.967  render           | Saved: '/tmp/tmp99h_wpsa/frame_0023_rgb.png'
13:51.391  render           | Saved: '/tmp/tmp99h_wpsa/frame_0024_seg.png'
13:51.392  render           | Saved: '/tmp/tmp99h_wpsa/frame_0024_depth.png'
13:51.396  render           | Saved: '/tmp/tmp99h_wpsa/frame_0024_rgb.png'
13:51.792  render           | Saved: '/tmp/tmp99h_wpsa/frame_0025_depth.png'
13:51.793  render           | Saved: '/tmp/tmp99h_wpsa/frame_0025_seg.png'
13:51.796  render           | Saved: '/tmp/tmp99h_wpsa/frame_0025_rgb.png'
13:52.191  render           | Saved: '/tmp/tmp99h_wpsa/frame_0026_depth.png'
13:52.192  render           | Saved: '/tmp/tmp99h_wpsa/frame_0026_seg.png'
13:52.195  render           | Saved: '/tmp/tmp99h_wpsa/frame_0026_rgb.png'
13:52.585  render           | Saved: '/tmp/tmp99h_wpsa/frame_0027_depth.png'
13:52.585  render           | Saved: '/tmp/tmp99h_wpsa/frame_0027_seg.png'
13:52.589  render           | Saved: '/tmp/tmp99h_wpsa/frame_0027_rgb.png'
13:52.987  render           | Saved: '/tmp/tmp99h_wpsa/frame_0028_depth.png'
13:52.988  render           | Saved: '/tmp/tmp99h_wpsa/frame_0028_seg.png'
13:52.991  render           | Saved: '/tmp/tmp99h_wpsa/frame_0028_rgb.png'
13:53.389  render           | Saved: '/tmp/tmp99h_wpsa/frame_0029_depth.png'
13:53.390  render           | Saved: '/tmp/tmp99h_wpsa/frame_0029_seg.png'
13:53.394  render           | Saved: '/tmp/tmp99h_wpsa/frame_0029_rgb.png'
13:53.796  render           | Saved: '/tmp/tmp99h_wpsa/frame_0030_depth.png'
13:53.797  render           | Saved: '/tmp/tmp99h_wpsa/frame_0030_seg.png'
13:53.800  render           | Saved: '/tmp/tmp99h_wpsa/frame_0030_rgb.png'
13:54.221  render           | Saved: '/tmp/tmp99h_wpsa/frame_0031_depth.png'
13:54.222  render           | Saved: '/tmp/tmp99h_wpsa/frame_0031_seg.png'
13:54.226  render           | Saved: '/tmp/tmp99h_wpsa/frame_0031_rgb.png'
14:24.971  render           | Saved: '/tmp/tmpuksvykoq/frame_0000_depth.png'
14:24.972  render           | Saved: '/tmp/tmpuksvykoq/frame_0000_seg.png'
14:24.975  render           | Saved: '/tmp/tmpuksvykoq/frame_0000_rgb.png'
14:25.331  render           | Saved: '/tmp/tmpuksvykoq/frame_0001_depth.png'
14:25.332  render           | Saved: '/tmp/tmpuksvykoq/frame_0001_seg.png'
14:25.335  render           | Saved: '/tmp/tmpuksvykoq/frame_0001_rgb.png'
14:25.682  render           | Saved: '/tmp/tmpuksvykoq/frame_0002_depth.png'
14:25.683  render           | Saved: '/tmp/tmpuksvykoq/frame_0002_seg.png'
14:25.686  render           | Saved: '/tmp/tmpuksvykoq/frame_0002_rgb.png'
14:26.039  render           | Saved: '/tmp/tmpuksvykoq/frame_0003_depth.png'
14:26.039  render           | Saved: '/tmp/tmpuksvykoq/frame_0003_seg.png'
14:26.042  render           | Saved: '/tmp/tmpuksvykoq/frame_0003_rgb.png'
14:26.411  render           | Saved: '/tmp/tmpuksvykoq/frame_0004_seg.png'
14:26.413  render           | Saved: '/tmp/tmpuksvykoq/frame_0004_depth.png'
14:26.417  render           | Saved: '/tmp/tmpuksvykoq/frame_0004_rgb.png'
14:26.791  render           | Saved: '/tmp/tmpuksvykoq/frame_0005_seg.png'
14:26.792  render           | Saved: '/tmp/tmpuksvykoq/frame_0005_depth.png'
14:26.795  render           | Saved: '/tmp/tmpuksvykoq/frame_0005_rgb.png'
14:27.152  render           | Saved: '/tmp/tmpuksvykoq/frame_0006_depth.png'
14:27.153  render           | Saved: '/tmp/tmpuksvykoq/frame_0006_seg.png'
14:27.156  render           | Saved: '/tmp/tmpuksvykoq/frame_0006_rgb.png'
14:27.516  render           | Saved: '/tmp/tmpuksvykoq/frame_0007_depth.png'
14:27.517  render           | Saved: '/tmp/tmpuksvykoq/frame_0007_seg.png'
14:27.520  render           | Saved: '/tmp/tmpuksvykoq/frame_0007_rgb.png'
14:27.879  render           | Saved: '/tmp/tmpuksvykoq/frame_0008_depth.png'
14:27.880  render           | Saved: '/tmp/tmpuksvykoq/frame_0008_seg.png'
14:27.883  render           | Saved: '/tmp/tmpuksvykoq/frame_0008_rgb.png'
14:28.256  render           | Saved: '/tmp/tmpuksvykoq/frame_0009_depth.png'
14:28.257  render           | Saved: '/tmp/tmpuksvykoq/frame_0009_seg.png'
14:28.260  render           | Saved: '/tmp/tmpuksvykoq/frame_0009_rgb.png'
14:28.615  render           | Saved: '/tmp/tmpuksvykoq/frame_0010_depth.png'
14:28.615  render           | Saved: '/tmp/tmpuksvykoq/frame_0010_seg.png'
14:28.619  render           | Saved: '/tmp/tmpuksvykoq/frame_0010_rgb.png'
14:28.980  render           | Saved: '/tmp/tmpuksvykoq/frame_0011_depth.png'
14:28.981  render           | Saved: '/tmp/tmpuksvykoq/frame_0011_seg.png'
14:28.984  render           | Saved: '/tmp/tmpuksvykoq/frame_0011_rgb.png'
14:29.350  render           | Saved: '/tmp/tmpuksvykoq/frame_0012_depth.png'
14:29.350  render           | Saved: '/tmp/tmpuksvykoq/frame_0012_seg.png'
14:29.353  render           | Saved: '/tmp/tmpuksvykoq/frame_0012_rgb.png'
14:29.728  render           | Saved: '/tmp/tmpuksvykoq/frame_0013_seg.png'
14:29.729  render           | Saved: '/tmp/tmpuksvykoq/frame_0013_depth.png'
14:29.732  render           | Saved: '/tmp/tmpuksvykoq/frame_0013_rgb.png'
14:30.102  render           | Saved: '/tmp/tmpuksvykoq/frame_0014_seg.png'
14:30.103  render           | Saved: '/tmp/tmpuksvykoq/frame_0014_depth.png'
14:30.107  render           | Saved: '/tmp/tmpuksvykoq/frame_0014_rgb.png'
14:30.482  render           | Saved: '/tmp/tmpuksvykoq/frame_0015_depth.png'
14:30.483  render           | Saved: '/tmp/tmpuksvykoq/frame_0015_seg.png'
14:30.487  render           | Saved: '/tmp/tmpuksvykoq/frame_0015_rgb.png'
14:30.859  render           | Saved: '/tmp/tmpuksvykoq/frame_0016_depth.png'
14:30.860  render           | Saved: '/tmp/tmpuksvykoq/frame_0016_seg.png'
14:30.863  render           | Saved: '/tmp/tmpuksvykoq/frame_0016_rgb.png'
14:31.260  render           | Saved: '/tmp/tmpuksvykoq/frame_0017_depth.png'
14:31.261  render           | Saved: '/tmp/tmpuksvykoq/frame_0017_seg.png'
14:31.264  render           | Saved: '/tmp/tmpuksvykoq/frame_0017_rgb.png'
14:31.638  render           | Saved: '/tmp/tmpuksvykoq/frame_0018_depth.png'
14:31.639  render           | Saved: '/tmp/tmpuksvykoq/frame_0018_seg.png'
14:31.642  render           | Saved: '/tmp/tmpuksvykoq/frame_0018_rgb.png'
14:32.022  render           | Saved: '/tmp/tmpuksvykoq/frame_0019_depth.png'
14:32.023  render           | Saved: '/tmp/tmpuksvykoq/frame_0019_seg.png'
14:32.026  render           | Saved: '/tmp/tmpuksvykoq/frame_0019_rgb.png'
14:32.396  render           | Saved: '/tmp/tmpuksvykoq/frame_0020_depth.png'
14:32.397  render           | Saved: '/tmp/tmpuksvykoq/frame_0020_seg.png'
14:32.400  render           | Saved: '/tmp/tmpuksvykoq/frame_0020_rgb.png'
14:32.771  render           | Saved: '/tmp/tmpuksvykoq/frame_0021_depth.png'
14:32.773  render           | Saved: '/tmp/tmpuksvykoq/frame_0021_seg.png'
14:32.776  render           | Saved: '/tmp/tmpuksvykoq/frame_0021_rgb.png'
14:33.160  render           | Saved: '/tmp/tmpuksvykoq/frame_0022_seg.png'
14:33.161  render           | Saved: '/tmp/tmpuksvykoq/frame_0022_depth.png'
14:33.164  render           | Saved: '/tmp/tmpuksvykoq/frame_0022_rgb.png'
14:33.544  render           | Saved: '/tmp/tmpuksvykoq/frame_0023_seg.png'
14:33.545  render           | Saved: '/tmp/tmpuksvykoq/frame_0023_depth.png'
14:33.549  render           | Saved: '/tmp/tmpuksvykoq/frame_0023_rgb.png'
14:33.914  render           | Saved: '/tmp/tmpuksvykoq/frame_0024_depth.png'
14:33.915  render           | Saved: '/tmp/tmpuksvykoq/frame_0024_seg.png'
14:33.918  render           | Saved: '/tmp/tmpuksvykoq/frame_0024_rgb.png'
14:34.282  render           | Saved: '/tmp/tmpuksvykoq/frame_0025_depth.png'
14:34.283  render           | Saved: '/tmp/tmpuksvykoq/frame_0025_seg.png'
14:34.286  render           | Saved: '/tmp/tmpuksvykoq/frame_0025_rgb.png'
14:34.652  render           | Saved: '/tmp/tmpuksvykoq/frame_0026_depth.png'
14:34.653  render           | Saved: '/tmp/tmpuksvykoq/frame_0026_seg.png'
14:34.656  render           | Saved: '/tmp/tmpuksvykoq/frame_0026_rgb.png'
14:35.034  render           | Saved: '/tmp/tmpuksvykoq/frame_0027_depth.png'
14:35.035  render           | Saved: '/tmp/tmpuksvykoq/frame_0027_seg.png'
14:35.038  render           | Saved: '/tmp/tmpuksvykoq/frame_0027_rgb.png'
14:35.412  render           | Saved: '/tmp/tmpuksvykoq/frame_0028_depth.png'
14:35.413  render           | Saved: '/tmp/tmpuksvykoq/frame_0028_seg.png'
14:35.416  render           | Saved: '/tmp/tmpuksvykoq/frame_0028_rgb.png'
14:35.782  render           | Saved: '/tmp/tmpuksvykoq/frame_0029_depth.png'
14:35.783  render           | Saved: '/tmp/tmpuksvykoq/frame_0029_seg.png'
14:35.786  render           | Saved: '/tmp/tmpuksvykoq/frame_0029_rgb.png'
14:36.166  render           | Saved: '/tmp/tmpuksvykoq/frame_0030_depth.png'
14:36.166  render           | Saved: '/tmp/tmpuksvykoq/frame_0030_seg.png'
14:36.169  render           | Saved: '/tmp/tmpuksvykoq/frame_0030_rgb.png'
14:36.532  render           | Saved: '/tmp/tmpuksvykoq/frame_0031_seg.png'
14:36.533  render           | Saved: '/tmp/tmpuksvykoq/frame_0031_depth.png'
14:36.536  render           | Saved: '/tmp/tmpuksvykoq/frame_0031_rgb.png'
14:37.011  render           | Saved: '/tmp/tmpcs3ao4wf/frame_0000_seg.png'
14:37.012  render           | Saved: '/tmp/tmpcs3ao4wf/frame_0000_depth.png'
14:37.015  render           | Saved: '/tmp/tmpcs3ao4wf/frame_0000_rgb.png'
14:37.406  render           | Saved: '/tmp/tmpcs3ao4wf/frame_0001_depth.png'
14:37.407  render           | Saved: '/tmp/tmpcs3ao4wf/frame_0001_seg.png'
14:37.410  render           | Saved: '/tmp/tmpcs3ao4wf/frame_0001_rgb.png'
14:37.813  render           | Saved: '/tmp/tmpcs3ao4wf/frame_0002_depth.png'
14:37.814  render           | Saved: '/tmp/tmpcs3ao4wf/frame_0002_seg.png'
14:37.817  render           | Saved: '/tmp/tmpcs3ao4wf/frame_0002_rgb.png'
14:38.230  render           | Saved: '/tmp/tmpcs3ao4wf/frame_0003_depth.png'
14:38.230  render           | Saved: '/tmp/tmpcs3ao4wf/frame_0003_seg.png'
14:38.234  render           | Saved: '/tmp/tmpcs3ao4wf/frame_0003_rgb.png'
14:38.645  render           | Saved: '/tmp/tmpcs3ao4wf/frame_0004_depth.png'
14:38.646  render           | Saved: '/tmp/tmpcs3ao4wf/frame_0004_seg.png'
14:38.649  render           | Saved: '/tmp/tmpcs3ao4wf/frame_0004_rgb.png'
14:39.040  render           | Saved: '/tmp/tmpcs3ao4wf/frame_0005_depth.png'
14:39.041  render           | Saved: '/tmp/tmpcs3ao4wf/frame_0005_seg.png'
14:39.044  render           | Saved: '/tmp/tmpcs3ao4wf/frame_0005_rgb.png'
14:39.443  render           | Saved: '/tmp/tmpcs3ao4wf/frame_0006_depth.png'
14:39.444  render           | Saved: '/tmp/tmpcs3ao4wf/frame_0006_seg.png'
14:39.448  render           | Saved: '/tmp/tmpcs3ao4wf/frame_0006_rgb.png'
14:39.850  render           | Saved: '/tmp/tmpcs3ao4wf/frame_0007_seg.png'
14:39.851  render           | Saved: '/tmp/tmpcs3ao4wf/frame_0007_depth.png'
14:39.854  render           | Saved: '/tmp/tmpcs3ao4wf/frame_0007_rgb.png'
14:40.237  render           | Saved: '/tmp/tmpcs3ao4wf/frame_0008_seg.png'
14:40.238  render           | Saved: '/tmp/tmpcs3ao4wf/frame_0008_depth.png'
14:40.241  render           | Saved: '/tmp/tmpcs3ao4wf/frame_0008_rgb.png'
14:40.625  render           | Saved: '/tmp/tmpcs3ao4wf/frame_0009_depth.png'
14:40.626  render           | Saved: '/tmp/tmpcs3ao4wf/frame_0009_seg.png'
14:40.629  render           | Saved: '/tmp/tmpcs3ao4wf/frame_0009_rgb.png'
14:41.032  render           | Saved: '/tmp/tmpcs3ao4wf/frame_0010_depth.png'
14:41.032  render           | Saved: '/tmp/tmpcs3ao4wf/frame_0010_seg.png'
14:41.036  render           | Saved: '/tmp/tmpcs3ao4wf/frame_0010_rgb.png'
14:41.434  render           | Saved: '/tmp/tmpcs3ao4wf/frame_0011_depth.png'
14:41.435  render           | Saved: '/tmp/tmpcs3ao4wf/frame_0011_seg.png'
14:41.438  render           | Saved: '/tmp/tmpcs3ao4wf/frame_0011_rgb.png'
14:41.819  render           | Saved: '/tmp/tmpcs3ao4wf/frame_0012_depth.png'
14:41.820  render           | Saved: '/tmp/tmpcs3ao4wf/frame_0012_seg.png'
14:41.823  render           | Saved: '/tmp/tmpcs3ao4wf/frame_0012_rgb.png'
14:42.203  render           | Saved: '/tmp/tmpcs3ao4wf/frame_0013_depth.png'
14:42.204  render           | Saved: '/tmp/tmpcs3ao4wf/frame_0013_seg.png'
14:42.207  render           | Saved: '/tmp/tmpcs3ao4wf/frame_0013_rgb.png'
14:42.586  render           | Saved: '/tmp/tmpcs3ao4wf/frame_0014_depth.png'
14:42.587  render           | Saved: '/tmp/tmpcs3ao4wf/frame_0014_seg.png'
14:42.590  render           | Saved: '/tmp/tmpcs3ao4wf/frame_0014_rgb.png'
14:42.966  render           | Saved: '/tmp/tmpcs3ao4wf/frame_0015_depth.png'
14:42.967  render           | Saved: '/tmp/tmpcs3ao4wf/frame_0015_seg.png'
14:42.970  render           | Saved: '/tmp/tmpcs3ao4wf/frame_0015_rgb.png'
14:43.343  render           | Saved: '/tmp/tmpcs3ao4wf/frame_0016_seg.png'
14:43.344  render           | Saved: '/tmp/tmpcs3ao4wf/frame_0016_depth.png'
14:43.347  render           | Saved: '/tmp/tmpcs3ao4wf/frame_0016_rgb.png'
14:43.741  render           | Saved: '/tmp/tmpcs3ao4wf/frame_0017_seg.png'
14:43.742  render           | Saved: '/tmp/tmpcs3ao4wf/frame_0017_depth.png'
14:43.746  render           | Saved: '/tmp/tmpcs3ao4wf/frame_0017_rgb.png'
14:44.131  render           | Saved: '/tmp/tmpcs3ao4wf/frame_0018_depth.png'
14:44.132  render           | Saved: '/tmp/tmpcs3ao4wf/frame_0018_seg.png'
14:44.135  render           | Saved: '/tmp/tmpcs3ao4wf/frame_0018_rgb.png'
14:44.511  render           | Saved: '/tmp/tmpcs3ao4wf/frame_0019_depth.png'
14:44.512  render           | Saved: '/tmp/tmpcs3ao4wf/frame_0019_seg.png'
14:44.515  render           | Saved: '/tmp/tmpcs3ao4wf/frame_0019_rgb.png'
14:44.894  render           | Saved: '/tmp/tmpcs3ao4wf/frame_0020_depth.png'
14:44.895  render           | Saved: '/tmp/tmpcs3ao4wf/frame_0020_seg.png'
14:44.898  render           | Saved: '/tmp/tmpcs3ao4wf/frame_0020_rgb.png'
14:45.285  render           | Saved: '/tmp/tmpcs3ao4wf/frame_0021_depth.png'
14:45.286  render           | Saved: '/tmp/tmpcs3ao4wf/frame_0021_seg.png'
14:45.289  render           | Saved: '/tmp/tmpcs3ao4wf/frame_0021_rgb.png'
14:45.681  render           | Saved: '/tmp/tmpcs3ao4wf/frame_0022_depth.png'
14:45.682  render           | Saved: '/tmp/tmpcs3ao4wf/frame_0022_seg.png'
14:45.686  render           | Saved: '/tmp/tmpcs3ao4wf/frame_0022_rgb.png'
14:46.068  render           | Saved: '/tmp/tmpcs3ao4wf/frame_0023_depth.png'
14:46.069  render           | Saved: '/tmp/tmpcs3ao4wf/frame_0023_seg.png'
14:46.076  render           | Saved: '/tmp/tmpcs3ao4wf/frame_0023_rgb.png'
14:46.470  render           | Saved: '/tmp/tmpcs3ao4wf/frame_0024_depth.png'
14:46.471  render           | Saved: '/tmp/tmpcs3ao4wf/frame_0024_seg.png'
14:46.475  render           | Saved: '/tmp/tmpcs3ao4wf/frame_0024_rgb.png'
14:46.866  render           | Saved: '/tmp/tmpcs3ao4wf/frame_0025_seg.png'
14:46.867  render           | Saved: '/tmp/tmpcs3ao4wf/frame_0025_depth.png'
14:46.870  render           | Saved: '/tmp/tmpcs3ao4wf/frame_0025_rgb.png'
14:47.256  render           | Saved: '/tmp/tmpcs3ao4wf/frame_0026_seg.png'
14:47.257  render           | Saved: '/tmp/tmpcs3ao4wf/frame_0026_depth.png'
14:47.260  render           | Saved: '/tmp/tmpcs3ao4wf/frame_0026_rgb.png'
14:47.643  render           | Saved: '/tmp/tmpcs3ao4wf/frame_0027_depth.png'
14:47.644  render           | Saved: '/tmp/tmpcs3ao4wf/frame_0027_seg.png'
14:47.647  render           | Saved: '/tmp/tmpcs3ao4wf/frame_0027_rgb.png'
14:48.034  render           | Saved: '/tmp/tmpcs3ao4wf/frame_0028_depth.png'
14:48.035  render           | Saved: '/tmp/tmpcs3ao4wf/frame_0028_seg.png'
14:48.038  render           | Saved: '/tmp/tmpcs3ao4wf/frame_0028_rgb.png'
14:48.430  render           | Saved: '/tmp/tmpcs3ao4wf/frame_0029_depth.png'
14:48.431  render           | Saved: '/tmp/tmpcs3ao4wf/frame_0029_seg.png'
14:48.434  render           | Saved: '/tmp/tmpcs3ao4wf/frame_0029_rgb.png'
14:48.838  render           | Saved: '/tmp/tmpcs3ao4wf/frame_0030_depth.png'
14:48.839  render           | Saved: '/tmp/tmpcs3ao4wf/frame_0030_seg.png'
14:48.844  render           | Saved: '/tmp/tmpcs3ao4wf/frame_0030_rgb.png'
14:49.238  render           | Saved: '/tmp/tmpcs3ao4wf/frame_0031_depth.png'
14:49.239  render           | Saved: '/tmp/tmpcs3ao4wf/frame_0031_seg.png'
14:49.242  render           | Saved: '/tmp/tmpcs3ao4wf/frame_0031_rgb.png'
15:20.667  render           | Saved: '/tmp/tmpyxop0dq8/frame_0000_depth.png'
15:20.668  render           | Saved: '/tmp/tmpyxop0dq8/frame_0000_seg.png'
15:20.670  render           | Saved: '/tmp/tmpyxop0dq8/frame_0000_rgb.png'
15:21.039  render           | Saved: '/tmp/tmpyxop0dq8/frame_0001_depth.png'
15:21.040  render           | Saved: '/tmp/tmpyxop0dq8/frame_0001_seg.png'
15:21.043  render           | Saved: '/tmp/tmpyxop0dq8/frame_0001_rgb.png'
15:21.421  render           | Saved: '/tmp/tmpyxop0dq8/frame_0002_depth.png'
15:21.422  render           | Saved: '/tmp/tmpyxop0dq8/frame_0002_seg.png'
15:21.426  render           | Saved: '/tmp/tmpyxop0dq8/frame_0002_rgb.png'
15:21.799  render           | Saved: '/tmp/tmpyxop0dq8/frame_0003_depth.png'
15:21.800  render           | Saved: '/tmp/tmpyxop0dq8/frame_0003_seg.png'
15:21.803  render           | Saved: '/tmp/tmpyxop0dq8/frame_0003_rgb.png'
15:22.171  render           | Saved: '/tmp/tmpyxop0dq8/frame_0004_seg.png'
15:22.172  render           | Saved: '/tmp/tmpyxop0dq8/frame_0004_depth.png'
15:22.175  render           | Saved: '/tmp/tmpyxop0dq8/frame_0004_rgb.png'
15:22.541  render           | Saved: '/tmp/tmpyxop0dq8/frame_0005_seg.png'
15:22.541  render           | Saved: '/tmp/tmpyxop0dq8/frame_0005_depth.png'
15:22.544  render           | Saved: '/tmp/tmpyxop0dq8/frame_0005_rgb.png'
15:22.912  render           | Saved: '/tmp/tmpyxop0dq8/frame_0006_depth.png'
15:22.913  render           | Saved: '/tmp/tmpyxop0dq8/frame_0006_seg.png'
15:22.916  render           | Saved: '/tmp/tmpyxop0dq8/frame_0006_rgb.png'
15:23.277  render           | Saved: '/tmp/tmpyxop0dq8/frame_0007_depth.png'
15:23.278  render           | Saved: '/tmp/tmpyxop0dq8/frame_0007_seg.png'
15:23.281  render           | Saved: '/tmp/tmpyxop0dq8/frame_0007_rgb.png'
15:23.651  render           | Saved: '/tmp/tmpyxop0dq8/frame_0008_depth.png'
15:23.652  render           | Saved: '/tmp/tmpyxop0dq8/frame_0008_seg.png'
15:23.655  render           | Saved: '/tmp/tmpyxop0dq8/frame_0008_rgb.png'
15:24.036  render           | Saved: '/tmp/tmpyxop0dq8/frame_0009_depth.png'
15:24.037  render           | Saved: '/tmp/tmpyxop0dq8/frame_0009_seg.png'
15:24.040  render           | Saved: '/tmp/tmpyxop0dq8/frame_0009_rgb.png'
15:24.427  render           | Saved: '/tmp/tmpyxop0dq8/frame_0010_depth.png'
15:24.428  render           | Saved: '/tmp/tmpyxop0dq8/frame_0010_seg.png'
15:24.431  render           | Saved: '/tmp/tmpyxop0dq8/frame_0010_rgb.png'
15:24.811  render           | Saved: '/tmp/tmpyxop0dq8/frame_0011_depth.png'
15:24.812  render           | Saved: '/tmp/tmpyxop0dq8/frame_0011_seg.png'
15:24.815  render           | Saved: '/tmp/tmpyxop0dq8/frame_0011_rgb.png'
15:25.198  render           | Saved: '/tmp/tmpyxop0dq8/frame_0012_depth.png'
15:25.198  render           | Saved: '/tmp/tmpyxop0dq8/frame_0012_seg.png'
15:25.202  render           | Saved: '/tmp/tmpyxop0dq8/frame_0012_rgb.png'
15:25.579  render           | Saved: '/tmp/tmpyxop0dq8/frame_0013_seg.png'
15:25.580  render           | Saved: '/tmp/tmpyxop0dq8/frame_0013_depth.png'
15:25.583  render           | Saved: '/tmp/tmpyxop0dq8/frame_0013_rgb.png'
15:25.980  render           | Saved: '/tmp/tmpyxop0dq8/frame_0014_seg.png'
15:25.981  render           | Saved: '/tmp/tmpyxop0dq8/frame_0014_depth.png'
15:25.984  render           | Saved: '/tmp/tmpyxop0dq8/frame_0014_rgb.png'
15:26.370  render           | Saved: '/tmp/tmpyxop0dq8/frame_0015_depth.png'
15:26.371  render           | Saved: '/tmp/tmpyxop0dq8/frame_0015_seg.png'
15:26.374  render           | Saved: '/tmp/tmpyxop0dq8/frame_0015_rgb.png'
15:26.769  render           | Saved: '/tmp/tmpyxop0dq8/frame_0016_depth.png'
15:26.770  render           | Saved: '/tmp/tmpyxop0dq8/frame_0016_seg.png'
15:26.773  render           | Saved: '/tmp/tmpyxop0dq8/frame_0016_rgb.png'
15:27.161  render           | Saved: '/tmp/tmpyxop0dq8/frame_0017_depth.png'
15:27.162  render           | Saved: '/tmp/tmpyxop0dq8/frame_0017_seg.png'
15:27.164  render           | Saved: '/tmp/tmpyxop0dq8/frame_0017_rgb.png'
15:27.536  render           | Saved: '/tmp/tmpyxop0dq8/frame_0018_depth.png'
15:27.537  render           | Saved: '/tmp/tmpyxop0dq8/frame_0018_seg.png'
15:27.540  render           | Saved: '/tmp/tmpyxop0dq8/frame_0018_rgb.png'
15:27.903  render           | Saved: '/tmp/tmpyxop0dq8/frame_0019_depth.png'
15:27.904  render           | Saved: '/tmp/tmpyxop0dq8/frame_0019_seg.png'
15:27.907  render           | Saved: '/tmp/tmpyxop0dq8/frame_0019_rgb.png'
15:28.284  render           | Saved: '/tmp/tmpyxop0dq8/frame_0020_depth.png'
15:28.285  render           | Saved: '/tmp/tmpyxop0dq8/frame_0020_seg.png'
15:28.288  render           | Saved: '/tmp/tmpyxop0dq8/frame_0020_rgb.png'
15:28.667  render           | Saved: '/tmp/tmpyxop0dq8/frame_0021_depth.png'
15:28.668  render           | Saved: '/tmp/tmpyxop0dq8/frame_0021_seg.png'
15:28.671  render           | Saved: '/tmp/tmpyxop0dq8/frame_0021_rgb.png'
15:29.042  render           | Saved: '/tmp/tmpyxop0dq8/frame_0022_seg.png'
15:29.043  render           | Saved: '/tmp/tmpyxop0dq8/frame_0022_depth.png'
15:29.046  render           | Saved: '/tmp/tmpyxop0dq8/frame_0022_rgb.png'
15:29.419  render           | Saved: '/tmp/tmpyxop0dq8/frame_0023_seg.png'
15:29.420  render           | Saved: '/tmp/tmpyxop0dq8/frame_0023_depth.png'
15:29.422  render           | Saved: '/tmp/tmpyxop0dq8/frame_0023_rgb.png'
15:29.799  render           | Saved: '/tmp/tmpyxop0dq8/frame_0024_depth.png'
15:29.800  render           | Saved: '/tmp/tmpyxop0dq8/frame_0024_seg.png'
15:29.803  render           | Saved: '/tmp/tmpyxop0dq8/frame_0024_rgb.png'
15:30.177  render           | Saved: '/tmp/tmpyxop0dq8/frame_0025_depth.png'
15:30.178  render           | Saved: '/tmp/tmpyxop0dq8/frame_0025_seg.png'
15:30.182  render           | Saved: '/tmp/tmpyxop0dq8/frame_0025_rgb.png'
15:30.565  render           | Saved: '/tmp/tmpyxop0dq8/frame_0026_depth.png'
15:30.566  render           | Saved: '/tmp/tmpyxop0dq8/frame_0026_seg.png'
15:30.569  render           | Saved: '/tmp/tmpyxop0dq8/frame_0026_rgb.png'
15:30.953  render           | Saved: '/tmp/tmpyxop0dq8/frame_0027_depth.png'
15:30.954  render           | Saved: '/tmp/tmpyxop0dq8/frame_0027_seg.png'
15:30.957  render           | Saved: '/tmp/tmpyxop0dq8/frame_0027_rgb.png'
15:31.341  render           | Saved: '/tmp/tmpyxop0dq8/frame_0028_depth.png'
15:31.342  render           | Saved: '/tmp/tmpyxop0dq8/frame_0028_seg.png'
15:31.345  render           | Saved: '/tmp/tmpyxop0dq8/frame_0028_rgb.png'
15:31.730  render           | Saved: '/tmp/tmpyxop0dq8/frame_0029_depth.png'
15:31.731  render           | Saved: '/tmp/tmpyxop0dq8/frame_0029_seg.png'
15:31.734  render           | Saved: '/tmp/tmpyxop0dq8/frame_0029_rgb.png'
15:32.121  render           | Saved: '/tmp/tmpyxop0dq8/frame_0030_depth.png'
15:32.121  render           | Saved: '/tmp/tmpyxop0dq8/frame_0030_seg.png'
15:32.124  render           | Saved: '/tmp/tmpyxop0dq8/frame_0030_rgb.png'
15:32.520  render           | Saved: '/tmp/tmpyxop0dq8/frame_0031_seg.png'
15:32.521  render           | Saved: '/tmp/tmpyxop0dq8/frame_0031_depth.png'
15:32.524  render           | Saved: '/tmp/tmpyxop0dq8/frame_0031_rgb.png'
15:32.996  render           | Saved: '/tmp/tmpqo40pba1/frame_0000_depth.png'
15:32.997  render           | Saved: '/tmp/tmpqo40pba1/frame_0000_seg.png'
15:33.000  render           | Saved: '/tmp/tmpqo40pba1/frame_0000_rgb.png'
15:33.392  render           | Saved: '/tmp/tmpqo40pba1/frame_0001_seg.png'
15:33.393  render           | Saved: '/tmp/tmpqo40pba1/frame_0001_depth.png'
15:33.396  render           | Saved: '/tmp/tmpqo40pba1/frame_0001_rgb.png'
15:33.785  render           | Saved: '/tmp/tmpqo40pba1/frame_0002_seg.png'
15:33.786  render           | Saved: '/tmp/tmpqo40pba1/frame_0002_depth.png'
15:33.789  render           | Saved: '/tmp/tmpqo40pba1/frame_0002_rgb.png'
15:34.177  render           | Saved: '/tmp/tmpqo40pba1/frame_0003_depth.png'
15:34.178  render           | Saved: '/tmp/tmpqo40pba1/frame_0003_seg.png'
15:34.181  render           | Saved: '/tmp/tmpqo40pba1/frame_0003_rgb.png'
15:34.570  render           | Saved: '/tmp/tmpqo40pba1/frame_0004_depth.png'
15:34.570  render           | Saved: '/tmp/tmpqo40pba1/frame_0004_seg.png'
15:34.574  render           | Saved: '/tmp/tmpqo40pba1/frame_0004_rgb.png'
15:34.965  render           | Saved: '/tmp/tmpqo40pba1/frame_0005_depth.png'
15:34.966  render           | Saved: '/tmp/tmpqo40pba1/frame_0005_seg.png'
15:34.969  render           | Saved: '/tmp/tmpqo40pba1/frame_0005_rgb.png'
15:35.357  render           | Saved: '/tmp/tmpqo40pba1/frame_0006_depth.png'
15:35.359  render           | Saved: '/tmp/tmpqo40pba1/frame_0006_seg.png'
15:35.362  render           | Saved: '/tmp/tmpqo40pba1/frame_0006_rgb.png'
15:35.750  render           | Saved: '/tmp/tmpqo40pba1/frame_0007_depth.png'
15:35.750  render           | Saved: '/tmp/tmpqo40pba1/frame_0007_seg.png'
15:35.753  render           | Saved: '/tmp/tmpqo40pba1/frame_0007_rgb.png'
15:36.138  render           | Saved: '/tmp/tmpqo40pba1/frame_0008_depth.png'
15:36.139  render           | Saved: '/tmp/tmpqo40pba1/frame_0008_seg.png'
15:36.142  render           | Saved: '/tmp/tmpqo40pba1/frame_0008_rgb.png'
15:36.517  render           | Saved: '/tmp/tmpqo40pba1/frame_0009_seg.png'
15:36.517  render           | Saved: '/tmp/tmpqo40pba1/frame_0009_depth.png'
15:36.520  render           | Saved: '/tmp/tmpqo40pba1/frame_0009_rgb.png'
15:36.937  render           | Saved: '/tmp/tmpqo40pba1/frame_0010_seg.png'
15:36.938  render           | Saved: '/tmp/tmpqo40pba1/frame_0010_depth.png'
15:36.941  render           | Saved: '/tmp/tmpqo40pba1/frame_0010_rgb.png'
15:37.324  render           | Saved: '/tmp/tmpqo40pba1/frame_0011_seg.png'
15:37.325  render           | Saved: '/tmp/tmpqo40pba1/frame_0011_depth.png'
15:37.328  render           | Saved: '/tmp/tmpqo40pba1/frame_0011_rgb.png'
15:37.713  render           | Saved: '/tmp/tmpqo40pba1/frame_0012_depth.png'
15:37.714  render           | Saved: '/tmp/tmpqo40pba1/frame_0012_seg.png'
15:37.717  render           | Saved: '/tmp/tmpqo40pba1/frame_0012_rgb.png'
15:38.103  render           | Saved: '/tmp/tmpqo40pba1/frame_0013_depth.png'
15:38.104  render           | Saved: '/tmp/tmpqo40pba1/frame_0013_seg.png'
15:38.107  render           | Saved: '/tmp/tmpqo40pba1/frame_0013_rgb.png'
15:38.487  render           | Saved: '/tmp/tmpqo40pba1/frame_0014_depth.png'
15:38.488  render           | Saved: '/tmp/tmpqo40pba1/frame_0014_seg.png'
15:38.491  render           | Saved: '/tmp/tmpqo40pba1/frame_0014_rgb.png'
15:38.873  render           | Saved: '/tmp/tmpqo40pba1/frame_0015_depth.png'
15:38.874  render           | Saved: '/tmp/tmpqo40pba1/frame_0015_seg.png'
15:38.877  render           | Saved: '/tmp/tmpqo40pba1/frame_0015_rgb.png'
15:39.269  render           | Saved: '/tmp/tmpqo40pba1/frame_0016_depth.png'
15:39.270  render           | Saved: '/tmp/tmpqo40pba1/frame_0016_seg.png'
15:39.273  render           | Saved: '/tmp/tmpqo40pba1/frame_0016_rgb.png'
15:39.661  render           | Saved: '/tmp/tmpqo40pba1/frame_0017_depth.png'
15:39.662  render           | Saved: '/tmp/tmpqo40pba1/frame_0017_seg.png'
15:39.666  render           | Saved: '/tmp/tmpqo40pba1/frame_0017_rgb.png'
15:40.041  render           | Saved: '/tmp/tmpqo40pba1/frame_0018_seg.png'
15:40.042  render           | Saved: '/tmp/tmpqo40pba1/frame_0018_depth.png'
15:40.044  render           | Saved: '/tmp/tmpqo40pba1/frame_0018_rgb.png'
15:40.425  render           | Saved: '/tmp/tmpqo40pba1/frame_0019_seg.png'
15:40.426  render           | Saved: '/tmp/tmpqo40pba1/frame_0019_depth.png'
15:40.429  render           | Saved: '/tmp/tmpqo40pba1/frame_0019_rgb.png'
15:40.824  render           | Saved: '/tmp/tmpqo40pba1/frame_0020_seg.png'
15:40.825  render           | Saved: '/tmp/tmpqo40pba1/frame_0020_depth.png'
15:40.828  render           | Saved: '/tmp/tmpqo40pba1/frame_0020_rgb.png'
15:41.217  render           | Saved: '/tmp/tmpqo40pba1/frame_0021_depth.png'
15:41.218  render           | Saved: '/tmp/tmpqo40pba1/frame_0021_seg.png'
15:41.221  render           | Saved: '/tmp/tmpqo40pba1/frame_0021_rgb.png'
15:41.620  render           | Saved: '/tmp/tmpqo40pba1/frame_0022_depth.png'
15:41.621  render           | Saved: '/tmp/tmpqo40pba1/frame_0022_seg.png'
15:41.623  render           | Saved: '/tmp/tmpqo40pba1/frame_0022_rgb.png'
15:42.003  render           | Saved: '/tmp/tmpqo40pba1/frame_0023_depth.png'
15:42.004  render           | Saved: '/tmp/tmpqo40pba1/frame_0023_seg.png'
15:42.007  render           | Saved: '/tmp/tmpqo40pba1/frame_0023_rgb.png'
15:42.402  render           | Saved: '/tmp/tmpqo40pba1/frame_0024_depth.png'
15:42.403  render           | Saved: '/tmp/tmpqo40pba1/frame_0024_seg.png'
15:42.406  render           | Saved: '/tmp/tmpqo40pba1/frame_0024_rgb.png'
15:42.798  render           | Saved: '/tmp/tmpqo40pba1/frame_0025_depth.png'
15:42.799  render           | Saved: '/tmp/tmpqo40pba1/frame_0025_seg.png'
15:42.802  render           | Saved: '/tmp/tmpqo40pba1/frame_0025_rgb.png'
15:43.191  render           | Saved: '/tmp/tmpqo40pba1/frame_0026_depth.png'
15:43.192  render           | Saved: '/tmp/tmpqo40pba1/frame_0026_seg.png'
15:43.196  render           | Saved: '/tmp/tmpqo40pba1/frame_0026_rgb.png'
15:43.583  render           | Saved: '/tmp/tmpqo40pba1/frame_0027_seg.png'
15:43.583  render           | Saved: '/tmp/tmpqo40pba1/frame_0027_depth.png'
15:43.586  render           | Saved: '/tmp/tmpqo40pba1/frame_0027_rgb.png'
15:43.970  render           | Saved: '/tmp/tmpqo40pba1/frame_0028_seg.png'
15:43.971  render           | Saved: '/tmp/tmpqo40pba1/frame_0028_depth.png'
15:43.974  render           | Saved: '/tmp/tmpqo40pba1/frame_0028_rgb.png'
15:44.362  render           | Saved: '/tmp/tmpqo40pba1/frame_0029_depth.png'
15:44.362  render           | Saved: '/tmp/tmpqo40pba1/frame_0029_seg.png'
15:44.365  render           | Saved: '/tmp/tmpqo40pba1/frame_0029_rgb.png'
15:44.749  render           | Saved: '/tmp/tmpqo40pba1/frame_0030_depth.png'
15:44.750  render           | Saved: '/tmp/tmpqo40pba1/frame_0030_seg.png'
15:44.753  render           | Saved: '/tmp/tmpqo40pba1/frame_0030_rgb.png'
15:45.139  render           | Saved: '/tmp/tmpqo40pba1/frame_0031_depth.png'
15:45.140  render           | Saved: '/tmp/tmpqo40pba1/frame_0031_seg.png'
15:45.143  render           | Saved: '/tmp/tmpqo40pba1/frame_0031_rgb.png'
num_frames= 32  r2=-0.9013  cosine=0.9045  persistence_r2=-0.0142  (this frame count took 667s, total_elapsed=1022s)
16:16.774  render           | Saved: '/tmp/tmpmy3p7cs4/frame_0000_seg.png'
16:16.775  render           | Saved: '/tmp/tmpmy3p7cs4/frame_0000_depth.png'
16:16.778  render           | Saved: '/tmp/tmpmy3p7cs4/frame_0000_rgb.png'
16:17.178  render           | Saved: '/tmp/tmpmy3p7cs4/frame_0001_depth.png'
16:17.179  render           | Saved: '/tmp/tmpmy3p7cs4/frame_0001_seg.png'
16:17.182  render           | Saved: '/tmp/tmpmy3p7cs4/frame_0001_rgb.png'
16:17.576  render           | Saved: '/tmp/tmpmy3p7cs4/frame_0002_depth.png'
16:17.576  render           | Saved: '/tmp/tmpmy3p7cs4/frame_0002_seg.png'
16:17.579  render           | Saved: '/tmp/tmpmy3p7cs4/frame_0002_rgb.png'
16:17.973  render           | Saved: '/tmp/tmpmy3p7cs4/frame_0003_depth.png'
16:17.974  render           | Saved: '/tmp/tmpmy3p7cs4/frame_0003_seg.png'
16:17.977  render           | Saved: '/tmp/tmpmy3p7cs4/frame_0003_rgb.png'
16:18.383  render           | Saved: '/tmp/tmpmy3p7cs4/frame_0004_depth.png'
16:18.383  render           | Saved: '/tmp/tmpmy3p7cs4/frame_0004_seg.png'
16:18.386  render           | Saved: '/tmp/tmpmy3p7cs4/frame_0004_rgb.png'
16:18.779  render           | Saved: '/tmp/tmpmy3p7cs4/frame_0005_depth.png'
16:18.780  render           | Saved: '/tmp/tmpmy3p7cs4/frame_0005_seg.png'
16:18.783  render           | Saved: '/tmp/tmpmy3p7cs4/frame_0005_rgb.png'
16:19.174  render           | Saved: '/tmp/tmpmy3p7cs4/frame_0006_depth.png'
16:19.175  render           | Saved: '/tmp/tmpmy3p7cs4/frame_0006_seg.png'
16:19.178  render           | Saved: '/tmp/tmpmy3p7cs4/frame_0006_rgb.png'
16:19.573  render           | Saved: '/tmp/tmpmy3p7cs4/frame_0007_seg.png'
16:19.573  render           | Saved: '/tmp/tmpmy3p7cs4/frame_0007_depth.png'
16:19.577  render           | Saved: '/tmp/tmpmy3p7cs4/frame_0007_rgb.png'
16:19.963  render           | Saved: '/tmp/tmpmy3p7cs4/frame_0008_seg.png'
16:19.964  render           | Saved: '/tmp/tmpmy3p7cs4/frame_0008_depth.png'
16:19.967  render           | Saved: '/tmp/tmpmy3p7cs4/frame_0008_rgb.png'
16:20.362  render           | Saved: '/tmp/tmpmy3p7cs4/frame_0009_depth.png'
16:20.363  render           | Saved: '/tmp/tmpmy3p7cs4/frame_0009_seg.png'
16:20.366  render           | Saved: '/tmp/tmpmy3p7cs4/frame_0009_rgb.png'
16:20.763  render           | Saved: '/tmp/tmpmy3p7cs4/frame_0010_depth.png'
16:20.763  render           | Saved: '/tmp/tmpmy3p7cs4/frame_0010_seg.png'
16:20.767  render           | Saved: '/tmp/tmpmy3p7cs4/frame_0010_rgb.png'
16:21.169  render           | Saved: '/tmp/tmpmy3p7cs4/frame_0011_depth.png'
16:21.170  render           | Saved: '/tmp/tmpmy3p7cs4/frame_0011_seg.png'
16:21.174  render           | Saved: '/tmp/tmpmy3p7cs4/frame_0011_rgb.png'
16:21.593  render           | Saved: '/tmp/tmpmy3p7cs4/frame_0012_depth.png'
16:21.594  render           | Saved: '/tmp/tmpmy3p7cs4/frame_0012_seg.png'
16:21.597  render           | Saved: '/tmp/tmpmy3p7cs4/frame_0012_rgb.png'
16:21.989  render           | Saved: '/tmp/tmpmy3p7cs4/frame_0013_depth.png'
16:21.991  render           | Saved: '/tmp/tmpmy3p7cs4/frame_0013_seg.png'
16:21.994  render           | Saved: '/tmp/tmpmy3p7cs4/frame_0013_rgb.png'
16:22.385  render           | Saved: '/tmp/tmpmy3p7cs4/frame_0014_depth.png'
16:22.386  render           | Saved: '/tmp/tmpmy3p7cs4/frame_0014_seg.png'
16:22.389  render           | Saved: '/tmp/tmpmy3p7cs4/frame_0014_rgb.png'
16:22.782  render           | Saved: '/tmp/tmpmy3p7cs4/frame_0015_depth.png'
16:22.783  render           | Saved: '/tmp/tmpmy3p7cs4/frame_0015_seg.png'
16:22.786  render           | Saved: '/tmp/tmpmy3p7cs4/frame_0015_rgb.png'
16:23.176  render           | Saved: '/tmp/tmpmy3p7cs4/frame_0016_seg.png'
16:23.177  render           | Saved: '/tmp/tmpmy3p7cs4/frame_0016_depth.png'
16:23.180  render           | Saved: '/tmp/tmpmy3p7cs4/frame_0016_rgb.png'
16:23.573  render           | Saved: '/tmp/tmpmy3p7cs4/frame_0017_seg.png'
16:23.574  render           | Saved: '/tmp/tmpmy3p7cs4/frame_0017_depth.png'
16:23.577  render           | Saved: '/tmp/tmpmy3p7cs4/frame_0017_rgb.png'
16:23.969  render           | Saved: '/tmp/tmpmy3p7cs4/frame_0018_depth.png'
16:23.970  render           | Saved: '/tmp/tmpmy3p7cs4/frame_0018_seg.png'
16:23.973  render           | Saved: '/tmp/tmpmy3p7cs4/frame_0018_rgb.png'
16:24.375  render           | Saved: '/tmp/tmpmy3p7cs4/frame_0019_depth.png'
16:24.376  render           | Saved: '/tmp/tmpmy3p7cs4/frame_0019_seg.png'
16:24.379  render           | Saved: '/tmp/tmpmy3p7cs4/frame_0019_rgb.png'
16:24.773  render           | Saved: '/tmp/tmpmy3p7cs4/frame_0020_depth.png'
16:24.774  render           | Saved: '/tmp/tmpmy3p7cs4/frame_0020_seg.png'
16:24.777  render           | Saved: '/tmp/tmpmy3p7cs4/frame_0020_rgb.png'
16:25.174  render           | Saved: '/tmp/tmpmy3p7cs4/frame_0021_depth.png'
16:25.174  render           | Saved: '/tmp/tmpmy3p7cs4/frame_0021_seg.png'
16:25.178  render           | Saved: '/tmp/tmpmy3p7cs4/frame_0021_rgb.png'
16:25.563  render           | Saved: '/tmp/tmpmy3p7cs4/frame_0022_depth.png'
16:25.563  render           | Saved: '/tmp/tmpmy3p7cs4/frame_0022_seg.png'
16:25.567  render           | Saved: '/tmp/tmpmy3p7cs4/frame_0022_rgb.png'
16:25.954  render           | Saved: '/tmp/tmpmy3p7cs4/frame_0023_depth.png'
16:25.955  render           | Saved: '/tmp/tmpmy3p7cs4/frame_0023_seg.png'
16:25.958  render           | Saved: '/tmp/tmpmy3p7cs4/frame_0023_rgb.png'
16:26.345  render           | Saved: '/tmp/tmpmy3p7cs4/frame_0024_depth.png'
16:26.346  render           | Saved: '/tmp/tmpmy3p7cs4/frame_0024_seg.png'
16:26.349  render           | Saved: '/tmp/tmpmy3p7cs4/frame_0024_rgb.png'
16:26.732  render           | Saved: '/tmp/tmpmy3p7cs4/frame_0025_seg.png'
16:26.733  render           | Saved: '/tmp/tmpmy3p7cs4/frame_0025_depth.png'
16:26.736  render           | Saved: '/tmp/tmpmy3p7cs4/frame_0025_rgb.png'
16:27.131  render           | Saved: '/tmp/tmpmy3p7cs4/frame_0026_seg.png'
16:27.132  render           | Saved: '/tmp/tmpmy3p7cs4/frame_0026_depth.png'
16:27.136  render           | Saved: '/tmp/tmpmy3p7cs4/frame_0026_rgb.png'
16:27.550  render           | Saved: '/tmp/tmpmy3p7cs4/frame_0027_depth.png'
16:27.551  render           | Saved: '/tmp/tmpmy3p7cs4/frame_0027_seg.png'
16:27.554  render           | Saved: '/tmp/tmpmy3p7cs4/frame_0027_rgb.png'
16:27.961  render           | Saved: '/tmp/tmpmy3p7cs4/frame_0028_depth.png'
16:27.962  render           | Saved: '/tmp/tmpmy3p7cs4/frame_0028_seg.png'
16:27.965  render           | Saved: '/tmp/tmpmy3p7cs4/frame_0028_rgb.png'
16:28.368  render           | Saved: '/tmp/tmpmy3p7cs4/frame_0029_depth.png'
16:28.369  render           | Saved: '/tmp/tmpmy3p7cs4/frame_0029_seg.png'
16:28.373  render           | Saved: '/tmp/tmpmy3p7cs4/frame_0029_rgb.png'
16:28.776  render           | Saved: '/tmp/tmpmy3p7cs4/frame_0030_depth.png'
16:28.776  render           | Saved: '/tmp/tmpmy3p7cs4/frame_0030_seg.png'
16:28.779  render           | Saved: '/tmp/tmpmy3p7cs4/frame_0030_rgb.png'
16:29.170  render           | Saved: '/tmp/tmpmy3p7cs4/frame_0031_depth.png'
16:29.171  render           | Saved: '/tmp/tmpmy3p7cs4/frame_0031_seg.png'
16:29.174  render           | Saved: '/tmp/tmpmy3p7cs4/frame_0031_rgb.png'
16:29.562  render           | Saved: '/tmp/tmpmy3p7cs4/frame_0032_depth.png'
16:29.562  render           | Saved: '/tmp/tmpmy3p7cs4/frame_0032_seg.png'
16:29.565  render           | Saved: '/tmp/tmpmy3p7cs4/frame_0032_rgb.png'
16:29.958  render           | Saved: '/tmp/tmpmy3p7cs4/frame_0033_depth.png'
16:29.958  render           | Saved: '/tmp/tmpmy3p7cs4/frame_0033_seg.png'
16:29.961  render           | Saved: '/tmp/tmpmy3p7cs4/frame_0033_rgb.png'
16:30.364  render           | Saved: '/tmp/tmpmy3p7cs4/frame_0034_seg.png'
16:30.365  render           | Saved: '/tmp/tmpmy3p7cs4/frame_0034_depth.png'
16:30.368  render           | Saved: '/tmp/tmpmy3p7cs4/frame_0034_rgb.png'
16:30.805  render           | Saved: '/tmp/tmpmy3p7cs4/frame_0035_seg.png'
16:30.806  render           | Saved: '/tmp/tmpmy3p7cs4/frame_0035_depth.png'
16:30.809  render           | Saved: '/tmp/tmpmy3p7cs4/frame_0035_rgb.png'
16:31.206  render           | Saved: '/tmp/tmpmy3p7cs4/frame_0036_depth.png'
16:31.207  render           | Saved: '/tmp/tmpmy3p7cs4/frame_0036_seg.png'
16:31.210  render           | Saved: '/tmp/tmpmy3p7cs4/frame_0036_rgb.png'
16:31.611  render           | Saved: '/tmp/tmpmy3p7cs4/frame_0037_depth.png'
16:31.612  render           | Saved: '/tmp/tmpmy3p7cs4/frame_0037_seg.png'
16:31.616  render           | Saved: '/tmp/tmpmy3p7cs4/frame_0037_rgb.png'
16:32.014  render           | Saved: '/tmp/tmpmy3p7cs4/frame_0038_depth.png'
16:32.015  render           | Saved: '/tmp/tmpmy3p7cs4/frame_0038_seg.png'
16:32.018  render           | Saved: '/tmp/tmpmy3p7cs4/frame_0038_rgb.png'
16:32.406  render           | Saved: '/tmp/tmpmy3p7cs4/frame_0039_depth.png'
16:32.407  render           | Saved: '/tmp/tmpmy3p7cs4/frame_0039_seg.png'
16:32.410  render           | Saved: '/tmp/tmpmy3p7cs4/frame_0039_rgb.png'
16:32.797  render           | Saved: '/tmp/tmpmy3p7cs4/frame_0040_depth.png'
16:32.798  render           | Saved: '/tmp/tmpmy3p7cs4/frame_0040_seg.png'
16:32.801  render           | Saved: '/tmp/tmpmy3p7cs4/frame_0040_rgb.png'
16:33.197  render           | Saved: '/tmp/tmpmy3p7cs4/frame_0041_depth.png'
16:33.197  render           | Saved: '/tmp/tmpmy3p7cs4/frame_0041_seg.png'
16:33.200  render           | Saved: '/tmp/tmpmy3p7cs4/frame_0041_rgb.png'
16:33.586  render           | Saved: '/tmp/tmpmy3p7cs4/frame_0042_depth.png'
16:33.587  render           | Saved: '/tmp/tmpmy3p7cs4/frame_0042_seg.png'
16:33.590  render           | Saved: '/tmp/tmpmy3p7cs4/frame_0042_rgb.png'
16:34.001  render           | Saved: '/tmp/tmpmy3p7cs4/frame_0043_seg.png'
16:34.002  render           | Saved: '/tmp/tmpmy3p7cs4/frame_0043_depth.png'
16:34.005  render           | Saved: '/tmp/tmpmy3p7cs4/frame_0043_rgb.png'
16:34.397  render           | Saved: '/tmp/tmpmy3p7cs4/frame_0044_seg.png'
16:34.398  render           | Saved: '/tmp/tmpmy3p7cs4/frame_0044_depth.png'
16:34.401  render           | Saved: '/tmp/tmpmy3p7cs4/frame_0044_rgb.png'
16:34.806  render           | Saved: '/tmp/tmpmy3p7cs4/frame_0045_depth.png'
16:34.807  render           | Saved: '/tmp/tmpmy3p7cs4/frame_0045_seg.png'
16:34.810  render           | Saved: '/tmp/tmpmy3p7cs4/frame_0045_rgb.png'
16:35.200  render           | Saved: '/tmp/tmpmy3p7cs4/frame_0046_depth.png'
16:35.201  render           | Saved: '/tmp/tmpmy3p7cs4/frame_0046_seg.png'
16:35.204  render           | Saved: '/tmp/tmpmy3p7cs4/frame_0046_rgb.png'
16:35.591  render           | Saved: '/tmp/tmpmy3p7cs4/frame_0047_depth.png'
16:35.592  render           | Saved: '/tmp/tmpmy3p7cs4/frame_0047_seg.png'
16:35.595  render           | Saved: '/tmp/tmpmy3p7cs4/frame_0047_rgb.png'
16:35.986  render           | Saved: '/tmp/tmpmy3p7cs4/frame_0048_depth.png'
16:35.987  render           | Saved: '/tmp/tmpmy3p7cs4/frame_0048_seg.png'
16:35.990  render           | Saved: '/tmp/tmpmy3p7cs4/frame_0048_rgb.png'
16:36.388  render           | Saved: '/tmp/tmpmy3p7cs4/frame_0049_depth.png'
16:36.389  render           | Saved: '/tmp/tmpmy3p7cs4/frame_0049_seg.png'
16:36.392  render           | Saved: '/tmp/tmpmy3p7cs4/frame_0049_rgb.png'
16:36.781  render           | Saved: '/tmp/tmpmy3p7cs4/frame_0050_depth.png'
16:36.782  render           | Saved: '/tmp/tmpmy3p7cs4/frame_0050_seg.png'
16:36.785  render           | Saved: '/tmp/tmpmy3p7cs4/frame_0050_rgb.png'
16:37.185  render           | Saved: '/tmp/tmpmy3p7cs4/frame_0051_depth.png'
16:37.186  render           | Saved: '/tmp/tmpmy3p7cs4/frame_0051_seg.png'
16:37.189  render           | Saved: '/tmp/tmpmy3p7cs4/frame_0051_rgb.png'
16:37.601  render           | Saved: '/tmp/tmpmy3p7cs4/frame_0052_seg.png'
16:37.601  render           | Saved: '/tmp/tmpmy3p7cs4/frame_0052_depth.png'
16:37.604  render           | Saved: '/tmp/tmpmy3p7cs4/frame_0052_rgb.png'
16:38.005  render           | Saved: '/tmp/tmpmy3p7cs4/frame_0053_seg.png'
16:38.006  render           | Saved: '/tmp/tmpmy3p7cs4/frame_0053_depth.png'
16:38.009  render           | Saved: '/tmp/tmpmy3p7cs4/frame_0053_rgb.png'
16:38.407  render           | Saved: '/tmp/tmpmy3p7cs4/frame_0054_depth.png'
16:38.407  render           | Saved: '/tmp/tmpmy3p7cs4/frame_0054_seg.png'
16:38.411  render           | Saved: '/tmp/tmpmy3p7cs4/frame_0054_rgb.png'
16:38.809  render           | Saved: '/tmp/tmpmy3p7cs4/frame_0055_depth.png'
16:38.809  render           | Saved: '/tmp/tmpmy3p7cs4/frame_0055_seg.png'
16:38.812  render           | Saved: '/tmp/tmpmy3p7cs4/frame_0055_rgb.png'
16:39.214  render           | Saved: '/tmp/tmpmy3p7cs4/frame_0056_depth.png'
16:39.215  render           | Saved: '/tmp/tmpmy3p7cs4/frame_0056_seg.png'
16:39.218  render           | Saved: '/tmp/tmpmy3p7cs4/frame_0056_rgb.png'
16:39.644  render           | Saved: '/tmp/tmpmy3p7cs4/frame_0057_depth.png'
16:39.645  render           | Saved: '/tmp/tmpmy3p7cs4/frame_0057_seg.png'
16:39.648  render           | Saved: '/tmp/tmpmy3p7cs4/frame_0057_rgb.png'
16:40.082  render           | Saved: '/tmp/tmpmy3p7cs4/frame_0058_depth.png'
16:40.084  render           | Saved: '/tmp/tmpmy3p7cs4/frame_0058_seg.png'
16:40.089  render           | Saved: '/tmp/tmpmy3p7cs4/frame_0058_rgb.png'
16:40.512  render           | Saved: '/tmp/tmpmy3p7cs4/frame_0059_depth.png'
16:40.513  render           | Saved: '/tmp/tmpmy3p7cs4/frame_0059_seg.png'
16:40.517  render           | Saved: '/tmp/tmpmy3p7cs4/frame_0059_rgb.png'
16:40.938  render           | Saved: '/tmp/tmpmy3p7cs4/frame_0060_depth.png'
16:40.940  render           | Saved: '/tmp/tmpmy3p7cs4/frame_0060_seg.png'
16:40.944  render           | Saved: '/tmp/tmpmy3p7cs4/frame_0060_rgb.png'
16:41.367  render           | Saved: '/tmp/tmpmy3p7cs4/frame_0061_seg.png'
16:41.367  render           | Saved: '/tmp/tmpmy3p7cs4/frame_0061_depth.png'
16:41.371  render           | Saved: '/tmp/tmpmy3p7cs4/frame_0061_rgb.png'
16:41.769  render           | Saved: '/tmp/tmpmy3p7cs4/frame_0062_seg.png'
16:41.770  render           | Saved: '/tmp/tmpmy3p7cs4/frame_0062_depth.png'
16:41.773  render           | Saved: '/tmp/tmpmy3p7cs4/frame_0062_rgb.png'
16:42.172  render           | Saved: '/tmp/tmpmy3p7cs4/frame_0063_depth.png'
16:42.173  render           | Saved: '/tmp/tmpmy3p7cs4/frame_0063_seg.png'
16:42.178  render           | Saved: '/tmp/tmpmy3p7cs4/frame_0063_rgb.png'
16:42.690  render           | Saved: '/tmp/tmp3y4p37sl/frame_0000_seg.png'
16:42.691  render           | Saved: '/tmp/tmp3y4p37sl/frame_0000_depth.png'
16:42.695  render           | Saved: '/tmp/tmp3y4p37sl/frame_0000_rgb.png'
16:43.100  render           | Saved: '/tmp/tmp3y4p37sl/frame_0001_seg.png'
16:43.101  render           | Saved: '/tmp/tmp3y4p37sl/frame_0001_depth.png'
16:43.104  render           | Saved: '/tmp/tmp3y4p37sl/frame_0001_rgb.png'
16:43.495  render           | Saved: '/tmp/tmp3y4p37sl/frame_0002_depth.png'
16:43.496  render           | Saved: '/tmp/tmp3y4p37sl/frame_0002_seg.png'
16:43.500  render           | Saved: '/tmp/tmp3y4p37sl/frame_0002_rgb.png'
16:43.910  render           | Saved: '/tmp/tmp3y4p37sl/frame_0003_depth.png'
16:43.911  render           | Saved: '/tmp/tmp3y4p37sl/frame_0003_seg.png'
16:43.915  render           | Saved: '/tmp/tmp3y4p37sl/frame_0003_rgb.png'
16:44.315  render           | Saved: '/tmp/tmp3y4p37sl/frame_0004_depth.png'
16:44.316  render           | Saved: '/tmp/tmp3y4p37sl/frame_0004_seg.png'
16:44.319  render           | Saved: '/tmp/tmp3y4p37sl/frame_0004_rgb.png'
16:44.727  render           | Saved: '/tmp/tmp3y4p37sl/frame_0005_depth.png'
16:44.728  render           | Saved: '/tmp/tmp3y4p37sl/frame_0005_seg.png'
16:44.731  render           | Saved: '/tmp/tmp3y4p37sl/frame_0005_rgb.png'
16:45.123  render           | Saved: '/tmp/tmp3y4p37sl/frame_0006_depth.png'
16:45.124  render           | Saved: '/tmp/tmp3y4p37sl/frame_0006_seg.png'
16:45.127  render           | Saved: '/tmp/tmp3y4p37sl/frame_0006_rgb.png'
16:45.521  render           | Saved: '/tmp/tmp3y4p37sl/frame_0007_depth.png'
16:45.522  render           | Saved: '/tmp/tmp3y4p37sl/frame_0007_seg.png'
16:45.525  render           | Saved: '/tmp/tmp3y4p37sl/frame_0007_rgb.png'
16:45.909  render           | Saved: '/tmp/tmp3y4p37sl/frame_0008_seg.png'
16:45.910  render           | Saved: '/tmp/tmp3y4p37sl/frame_0008_depth.png'
16:45.913  render           | Saved: '/tmp/tmp3y4p37sl/frame_0008_rgb.png'
16:46.301  render           | Saved: '/tmp/tmp3y4p37sl/frame_0009_seg.png'
16:46.302  render           | Saved: '/tmp/tmp3y4p37sl/frame_0009_depth.png'
16:46.305  render           | Saved: '/tmp/tmp3y4p37sl/frame_0009_rgb.png'
16:46.689  render           | Saved: '/tmp/tmp3y4p37sl/frame_0010_seg.png'
16:46.690  render           | Saved: '/tmp/tmp3y4p37sl/frame_0010_depth.png'
16:46.693  render           | Saved: '/tmp/tmp3y4p37sl/frame_0010_rgb.png'
16:47.088  render           | Saved: '/tmp/tmp3y4p37sl/frame_0011_depth.png'
16:47.089  render           | Saved: '/tmp/tmp3y4p37sl/frame_0011_seg.png'
16:47.092  render           | Saved: '/tmp/tmp3y4p37sl/frame_0011_rgb.png'
16:47.478  render           | Saved: '/tmp/tmp3y4p37sl/frame_0012_depth.png'
16:47.479  render           | Saved: '/tmp/tmp3y4p37sl/frame_0012_seg.png'
16:47.482  render           | Saved: '/tmp/tmp3y4p37sl/frame_0012_rgb.png'
16:47.887  render           | Saved: '/tmp/tmp3y4p37sl/frame_0013_depth.png'
16:47.888  render           | Saved: '/tmp/tmp3y4p37sl/frame_0013_seg.png'
16:47.891  render           | Saved: '/tmp/tmp3y4p37sl/frame_0013_rgb.png'
16:48.280  render           | Saved: '/tmp/tmp3y4p37sl/frame_0014_depth.png'
16:48.281  render           | Saved: '/tmp/tmp3y4p37sl/frame_0014_seg.png'
16:48.284  render           | Saved: '/tmp/tmp3y4p37sl/frame_0014_rgb.png'
16:48.661  render           | Saved: '/tmp/tmp3y4p37sl/frame_0015_depth.png'
16:48.662  render           | Saved: '/tmp/tmp3y4p37sl/frame_0015_seg.png'
16:48.665  render           | Saved: '/tmp/tmp3y4p37sl/frame_0015_rgb.png'
16:49.041  render           | Saved: '/tmp/tmp3y4p37sl/frame_0016_depth.png'
16:49.041  render           | Saved: '/tmp/tmp3y4p37sl/frame_0016_seg.png'
16:49.044  render           | Saved: '/tmp/tmp3y4p37sl/frame_0016_rgb.png'
16:49.426  render           | Saved: '/tmp/tmp3y4p37sl/frame_0017_seg.png'
16:49.427  render           | Saved: '/tmp/tmp3y4p37sl/frame_0017_depth.png'
16:49.430  render           | Saved: '/tmp/tmp3y4p37sl/frame_0017_rgb.png'
16:49.804  render           | Saved: '/tmp/tmp3y4p37sl/frame_0018_seg.png'
16:49.804  render           | Saved: '/tmp/tmp3y4p37sl/frame_0018_depth.png'
16:49.808  render           | Saved: '/tmp/tmp3y4p37sl/frame_0018_rgb.png'
16:50.183  render           | Saved: '/tmp/tmp3y4p37sl/frame_0019_depth.png'
16:50.184  render           | Saved: '/tmp/tmp3y4p37sl/frame_0019_seg.png'
16:50.187  render           | Saved: '/tmp/tmp3y4p37sl/frame_0019_rgb.png'
16:50.561  render           | Saved: '/tmp/tmp3y4p37sl/frame_0020_depth.png'
16:50.562  render           | Saved: '/tmp/tmp3y4p37sl/frame_0020_seg.png'
16:50.565  render           | Saved: '/tmp/tmp3y4p37sl/frame_0020_rgb.png'
16:50.984  render           | Saved: '/tmp/tmp3y4p37sl/frame_0021_depth.png'
16:50.985  render           | Saved: '/tmp/tmp3y4p37sl/frame_0021_seg.png'
16:50.988  render           | Saved: '/tmp/tmp3y4p37sl/frame_0021_rgb.png'
16:51.362  render           | Saved: '/tmp/tmp3y4p37sl/frame_0022_depth.png'
16:51.363  render           | Saved: '/tmp/tmp3y4p37sl/frame_0022_seg.png'
16:51.366  render           | Saved: '/tmp/tmp3y4p37sl/frame_0022_rgb.png'
16:51.782  render           | Saved: '/tmp/tmp3y4p37sl/frame_0023_depth.png'
16:51.783  render           | Saved: '/tmp/tmp3y4p37sl/frame_0023_seg.png'
16:51.786  render           | Saved: '/tmp/tmp3y4p37sl/frame_0023_rgb.png'
16:52.184  render           | Saved: '/tmp/tmp3y4p37sl/frame_0024_depth.png'
16:52.184  render           | Saved: '/tmp/tmp3y4p37sl/frame_0024_seg.png'
16:52.188  render           | Saved: '/tmp/tmp3y4p37sl/frame_0024_rgb.png'
16:52.561  render           | Saved: '/tmp/tmp3y4p37sl/frame_0025_depth.png'
16:52.562  render           | Saved: '/tmp/tmp3y4p37sl/frame_0025_seg.png'
16:52.564  render           | Saved: '/tmp/tmp3y4p37sl/frame_0025_rgb.png'
16:52.935  render           | Saved: '/tmp/tmp3y4p37sl/frame_0026_seg.png'
16:52.936  render           | Saved: '/tmp/tmp3y4p37sl/frame_0026_depth.png'
16:52.939  render           | Saved: '/tmp/tmp3y4p37sl/frame_0026_rgb.png'
16:53.316  render           | Saved: '/tmp/tmp3y4p37sl/frame_0027_seg.png'
16:53.317  render           | Saved: '/tmp/tmp3y4p37sl/frame_0027_depth.png'
16:53.320  render           | Saved: '/tmp/tmp3y4p37sl/frame_0027_rgb.png'
16:53.695  render           | Saved: '/tmp/tmp3y4p37sl/frame_0028_depth.png'
16:53.696  render           | Saved: '/tmp/tmp3y4p37sl/frame_0028_seg.png'
16:53.699  render           | Saved: '/tmp/tmp3y4p37sl/frame_0028_rgb.png'
16:54.079  render           | Saved: '/tmp/tmp3y4p37sl/frame_0029_depth.png'
16:54.080  render           | Saved: '/tmp/tmp3y4p37sl/frame_0029_seg.png'
16:54.083  render           | Saved: '/tmp/tmp3y4p37sl/frame_0029_rgb.png'
16:54.452  render           | Saved: '/tmp/tmp3y4p37sl/frame_0030_depth.png'
16:54.453  render           | Saved: '/tmp/tmp3y4p37sl/frame_0030_seg.png'
16:54.456  render           | Saved: '/tmp/tmp3y4p37sl/frame_0030_rgb.png'
16:54.831  render           | Saved: '/tmp/tmp3y4p37sl/frame_0031_depth.png'
16:54.832  render           | Saved: '/tmp/tmp3y4p37sl/frame_0031_seg.png'
16:54.835  render           | Saved: '/tmp/tmp3y4p37sl/frame_0031_rgb.png'
16:55.206  render           | Saved: '/tmp/tmp3y4p37sl/frame_0032_depth.png'
16:55.207  render           | Saved: '/tmp/tmp3y4p37sl/frame_0032_seg.png'
16:55.210  render           | Saved: '/tmp/tmp3y4p37sl/frame_0032_rgb.png'
16:55.576  render           | Saved: '/tmp/tmp3y4p37sl/frame_0033_depth.png'
16:55.577  render           | Saved: '/tmp/tmp3y4p37sl/frame_0033_seg.png'
16:55.580  render           | Saved: '/tmp/tmp3y4p37sl/frame_0033_rgb.png'
16:55.967  render           | Saved: '/tmp/tmp3y4p37sl/frame_0034_depth.png'
16:55.968  render           | Saved: '/tmp/tmp3y4p37sl/frame_0034_seg.png'
16:55.971  render           | Saved: '/tmp/tmp3y4p37sl/frame_0034_rgb.png'
16:56.349  render           | Saved: '/tmp/tmp3y4p37sl/frame_0035_seg.png'
16:56.349  render           | Saved: '/tmp/tmp3y4p37sl/frame_0035_depth.png'
16:56.352  render           | Saved: '/tmp/tmp3y4p37sl/frame_0035_rgb.png'
16:56.727  render           | Saved: '/tmp/tmp3y4p37sl/frame_0036_seg.png'
16:56.728  render           | Saved: '/tmp/tmp3y4p37sl/frame_0036_depth.png'
16:56.731  render           | Saved: '/tmp/tmp3y4p37sl/frame_0036_rgb.png'
16:57.119  render           | Saved: '/tmp/tmp3y4p37sl/frame_0037_depth.png'
16:57.120  render           | Saved: '/tmp/tmp3y4p37sl/frame_0037_seg.png'
16:57.123  render           | Saved: '/tmp/tmp3y4p37sl/frame_0037_rgb.png'
16:57.518  render           | Saved: '/tmp/tmp3y4p37sl/frame_0038_depth.png'
16:57.519  render           | Saved: '/tmp/tmp3y4p37sl/frame_0038_seg.png'
16:57.522  render           | Saved: '/tmp/tmp3y4p37sl/frame_0038_rgb.png'
16:57.920  render           | Saved: '/tmp/tmp3y4p37sl/frame_0039_depth.png'
16:57.921  render           | Saved: '/tmp/tmp3y4p37sl/frame_0039_seg.png'
16:57.925  render           | Saved: '/tmp/tmp3y4p37sl/frame_0039_rgb.png'
16:58.308  render           | Saved: '/tmp/tmp3y4p37sl/frame_0040_depth.png'
16:58.309  render           | Saved: '/tmp/tmp3y4p37sl/frame_0040_seg.png'
16:58.312  render           | Saved: '/tmp/tmp3y4p37sl/frame_0040_rgb.png'
16:58.695  render           | Saved: '/tmp/tmp3y4p37sl/frame_0041_depth.png'
16:58.696  render           | Saved: '/tmp/tmp3y4p37sl/frame_0041_seg.png'
16:58.699  render           | Saved: '/tmp/tmp3y4p37sl/frame_0041_rgb.png'
16:59.082  render           | Saved: '/tmp/tmp3y4p37sl/frame_0042_depth.png'
16:59.083  render           | Saved: '/tmp/tmp3y4p37sl/frame_0042_seg.png'
16:59.086  render           | Saved: '/tmp/tmp3y4p37sl/frame_0042_rgb.png'
16:59.468  render           | Saved: '/tmp/tmp3y4p37sl/frame_0043_depth.png'
16:59.469  render           | Saved: '/tmp/tmp3y4p37sl/frame_0043_seg.png'
16:59.472  render           | Saved: '/tmp/tmp3y4p37sl/frame_0043_rgb.png'
16:59.849  render           | Saved: '/tmp/tmp3y4p37sl/frame_0044_seg.png'
16:59.850  render           | Saved: '/tmp/tmp3y4p37sl/frame_0044_depth.png'
16:59.853  render           | Saved: '/tmp/tmp3y4p37sl/frame_0044_rgb.png'
17:00.254  render           | Saved: '/tmp/tmp3y4p37sl/frame_0045_seg.png'
17:00.255  render           | Saved: '/tmp/tmp3y4p37sl/frame_0045_depth.png'
17:00.258  render           | Saved: '/tmp/tmp3y4p37sl/frame_0045_rgb.png'
17:00.648  render           | Saved: '/tmp/tmp3y4p37sl/frame_0046_depth.png'
17:00.649  render           | Saved: '/tmp/tmp3y4p37sl/frame_0046_seg.png'
17:00.653  render           | Saved: '/tmp/tmp3y4p37sl/frame_0046_rgb.png'
17:01.055  render           | Saved: '/tmp/tmp3y4p37sl/frame_0047_depth.png'
17:01.056  render           | Saved: '/tmp/tmp3y4p37sl/frame_0047_seg.png'
17:01.059  render           | Saved: '/tmp/tmp3y4p37sl/frame_0047_rgb.png'
17:01.447  render           | Saved: '/tmp/tmp3y4p37sl/frame_0048_depth.png'
17:01.448  render           | Saved: '/tmp/tmp3y4p37sl/frame_0048_seg.png'
17:01.451  render           | Saved: '/tmp/tmp3y4p37sl/frame_0048_rgb.png'
17:01.833  render           | Saved: '/tmp/tmp3y4p37sl/frame_0049_depth.png'
17:01.834  render           | Saved: '/tmp/tmp3y4p37sl/frame_0049_seg.png'
17:01.837  render           | Saved: '/tmp/tmp3y4p37sl/frame_0049_rgb.png'
17:02.233  render           | Saved: '/tmp/tmp3y4p37sl/frame_0050_depth.png'
17:02.234  render           | Saved: '/tmp/tmp3y4p37sl/frame_0050_seg.png'
17:02.237  render           | Saved: '/tmp/tmp3y4p37sl/frame_0050_rgb.png'
17:02.627  render           | Saved: '/tmp/tmp3y4p37sl/frame_0051_depth.png'
17:02.627  render           | Saved: '/tmp/tmp3y4p37sl/frame_0051_seg.png'
17:02.630  render           | Saved: '/tmp/tmp3y4p37sl/frame_0051_rgb.png'
17:03.023  render           | Saved: '/tmp/tmp3y4p37sl/frame_0052_depth.png'
17:03.024  render           | Saved: '/tmp/tmp3y4p37sl/frame_0052_seg.png'
17:03.027  render           | Saved: '/tmp/tmp3y4p37sl/frame_0052_rgb.png'
17:03.410  render           | Saved: '/tmp/tmp3y4p37sl/frame_0053_seg.png'
17:03.411  render           | Saved: '/tmp/tmp3y4p37sl/frame_0053_depth.png'
17:03.414  render           | Saved: '/tmp/tmp3y4p37sl/frame_0053_rgb.png'
17:03.807  render           | Saved: '/tmp/tmp3y4p37sl/frame_0054_seg.png'
17:03.808  render           | Saved: '/tmp/tmp3y4p37sl/frame_0054_depth.png'
17:03.811  render           | Saved: '/tmp/tmp3y4p37sl/frame_0054_rgb.png'
17:04.198  render           | Saved: '/tmp/tmp3y4p37sl/frame_0055_depth.png'
17:04.199  render           | Saved: '/tmp/tmp3y4p37sl/frame_0055_seg.png'
17:04.202  render           | Saved: '/tmp/tmp3y4p37sl/frame_0055_rgb.png'
17:04.588  render           | Saved: '/tmp/tmp3y4p37sl/frame_0056_depth.png'
17:04.589  render           | Saved: '/tmp/tmp3y4p37sl/frame_0056_seg.png'
17:04.592  render           | Saved: '/tmp/tmp3y4p37sl/frame_0056_rgb.png'
17:04.987  render           | Saved: '/tmp/tmp3y4p37sl/frame_0057_depth.png'
17:04.988  render           | Saved: '/tmp/tmp3y4p37sl/frame_0057_seg.png'
17:04.991  render           | Saved: '/tmp/tmp3y4p37sl/frame_0057_rgb.png'
17:05.374  render           | Saved: '/tmp/tmp3y4p37sl/frame_0058_depth.png'
17:05.375  render           | Saved: '/tmp/tmp3y4p37sl/frame_0058_seg.png'
17:05.378  render           | Saved: '/tmp/tmp3y4p37sl/frame_0058_rgb.png'
17:05.760  render           | Saved: '/tmp/tmp3y4p37sl/frame_0059_depth.png'
17:05.761  render           | Saved: '/tmp/tmp3y4p37sl/frame_0059_seg.png'
17:05.764  render           | Saved: '/tmp/tmp3y4p37sl/frame_0059_rgb.png'
17:06.154  render           | Saved: '/tmp/tmp3y4p37sl/frame_0060_depth.png'
17:06.155  render           | Saved: '/tmp/tmp3y4p37sl/frame_0060_seg.png'
17:06.158  render           | Saved: '/tmp/tmp3y4p37sl/frame_0060_rgb.png'
17:06.531  render           | Saved: '/tmp/tmp3y4p37sl/frame_0061_depth.png'
17:06.532  render           | Saved: '/tmp/tmp3y4p37sl/frame_0061_seg.png'
17:06.535  render           | Saved: '/tmp/tmp3y4p37sl/frame_0061_rgb.png'
17:06.914  render           | Saved: '/tmp/tmp3y4p37sl/frame_0062_seg.png'
17:06.915  render           | Saved: '/tmp/tmp3y4p37sl/frame_0062_depth.png'
17:06.918  render           | Saved: '/tmp/tmp3y4p37sl/frame_0062_rgb.png'
17:07.294  render           | Saved: '/tmp/tmp3y4p37sl/frame_0063_seg.png'
17:07.295  render           | Saved: '/tmp/tmp3y4p37sl/frame_0063_depth.png'
17:07.298  render           | Saved: '/tmp/tmp3y4p37sl/frame_0063_rgb.png'
19:05.463  render           | Saved: '/tmp/tmpxez4z5bk/frame_0000_depth.png'
19:05.464  render           | Saved: '/tmp/tmpxez4z5bk/frame_0000_seg.png'
19:05.467  render           | Saved: '/tmp/tmpxez4z5bk/frame_0000_rgb.png'
19:05.841  render           | Saved: '/tmp/tmpxez4z5bk/frame_0001_depth.png'
19:05.842  render           | Saved: '/tmp/tmpxez4z5bk/frame_0001_seg.png'
19:05.845  render           | Saved: '/tmp/tmpxez4z5bk/frame_0001_rgb.png'
19:06.212  render           | Saved: '/tmp/tmpxez4z5bk/frame_0002_seg.png'
19:06.213  render           | Saved: '/tmp/tmpxez4z5bk/frame_0002_depth.png'
19:06.216  render           | Saved: '/tmp/tmpxez4z5bk/frame_0002_rgb.png'
19:06.592  render           | Saved: '/tmp/tmpxez4z5bk/frame_0003_seg.png'
19:06.593  render           | Saved: '/tmp/tmpxez4z5bk/frame_0003_depth.png'
19:06.596  render           | Saved: '/tmp/tmpxez4z5bk/frame_0003_rgb.png'
19:07.002  render           | Saved: '/tmp/tmpxez4z5bk/frame_0004_depth.png'
19:07.003  render           | Saved: '/tmp/tmpxez4z5bk/frame_0004_seg.png'
19:07.006  render           | Saved: '/tmp/tmpxez4z5bk/frame_0004_rgb.png'
19:07.388  render           | Saved: '/tmp/tmpxez4z5bk/frame_0005_depth.png'
19:07.389  render           | Saved: '/tmp/tmpxez4z5bk/frame_0005_seg.png'
19:07.393  render           | Saved: '/tmp/tmpxez4z5bk/frame_0005_rgb.png'
19:07.777  render           | Saved: '/tmp/tmpxez4z5bk/frame_0006_depth.png'
19:07.778  render           | Saved: '/tmp/tmpxez4z5bk/frame_0006_seg.png'
19:07.781  render           | Saved: '/tmp/tmpxez4z5bk/frame_0006_rgb.png'
19:08.162  render           | Saved: '/tmp/tmpxez4z5bk/frame_0007_depth.png'
19:08.163  render           | Saved: '/tmp/tmpxez4z5bk/frame_0007_seg.png'
19:08.166  render           | Saved: '/tmp/tmpxez4z5bk/frame_0007_rgb.png'
19:08.550  render           | Saved: '/tmp/tmpxez4z5bk/frame_0008_depth.png'
19:08.551  render           | Saved: '/tmp/tmpxez4z5bk/frame_0008_seg.png'
19:08.554  render           | Saved: '/tmp/tmpxez4z5bk/frame_0008_rgb.png'
19:08.930  render           | Saved: '/tmp/tmpxez4z5bk/frame_0009_depth.png'
19:08.931  render           | Saved: '/tmp/tmpxez4z5bk/frame_0009_seg.png'
19:08.934  render           | Saved: '/tmp/tmpxez4z5bk/frame_0009_rgb.png'
19:09.327  render           | Saved: '/tmp/tmpxez4z5bk/frame_0010_depth.png'
19:09.328  render           | Saved: '/tmp/tmpxez4z5bk/frame_0010_seg.png'
19:09.331  render           | Saved: '/tmp/tmpxez4z5bk/frame_0010_rgb.png'
19:09.706  render           | Saved: '/tmp/tmpxez4z5bk/frame_0011_seg.png'
19:09.707  render           | Saved: '/tmp/tmpxez4z5bk/frame_0011_depth.png'
19:09.710  render           | Saved: '/tmp/tmpxez4z5bk/frame_0011_rgb.png'
19:10.082  render           | Saved: '/tmp/tmpxez4z5bk/frame_0012_seg.png'
19:10.083  render           | Saved: '/tmp/tmpxez4z5bk/frame_0012_depth.png'
19:10.086  render           | Saved: '/tmp/tmpxez4z5bk/frame_0012_rgb.png'
19:10.469  render           | Saved: '/tmp/tmpxez4z5bk/frame_0013_depth.png'
19:10.470  render           | Saved: '/tmp/tmpxez4z5bk/frame_0013_seg.png'
19:10.473  render           | Saved: '/tmp/tmpxez4z5bk/frame_0013_rgb.png'
19:10.855  render           | Saved: '/tmp/tmpxez4z5bk/frame_0014_depth.png'
19:10.856  render           | Saved: '/tmp/tmpxez4z5bk/frame_0014_seg.png'
19:10.859  render           | Saved: '/tmp/tmpxez4z5bk/frame_0014_rgb.png'
19:11.245  render           | Saved: '/tmp/tmpxez4z5bk/frame_0015_depth.png'
19:11.246  render           | Saved: '/tmp/tmpxez4z5bk/frame_0015_seg.png'
19:11.249  render           | Saved: '/tmp/tmpxez4z5bk/frame_0015_rgb.png'
19:11.650  render           | Saved: '/tmp/tmpxez4z5bk/frame_0016_depth.png'
19:11.651  render           | Saved: '/tmp/tmpxez4z5bk/frame_0016_seg.png'
19:11.654  render           | Saved: '/tmp/tmpxez4z5bk/frame_0016_rgb.png'
19:12.043  render           | Saved: '/tmp/tmpxez4z5bk/frame_0017_depth.png'
19:12.044  render           | Saved: '/tmp/tmpxez4z5bk/frame_0017_seg.png'
19:12.047  render           | Saved: '/tmp/tmpxez4z5bk/frame_0017_rgb.png'
19:12.424  render           | Saved: '/tmp/tmpxez4z5bk/frame_0018_depth.png'
19:12.425  render           | Saved: '/tmp/tmpxez4z5bk/frame_0018_seg.png'
19:12.428  render           | Saved: '/tmp/tmpxez4z5bk/frame_0018_rgb.png'
19:12.811  render           | Saved: '/tmp/tmpxez4z5bk/frame_0019_seg.png'
19:12.812  render           | Saved: '/tmp/tmpxez4z5bk/frame_0019_depth.png'
19:12.815  render           | Saved: '/tmp/tmpxez4z5bk/frame_0019_rgb.png'
19:13.195  render           | Saved: '/tmp/tmpxez4z5bk/frame_0020_seg.png'
19:13.196  render           | Saved: '/tmp/tmpxez4z5bk/frame_0020_depth.png'
19:13.199  render           | Saved: '/tmp/tmpxez4z5bk/frame_0020_rgb.png'
19:13.582  render           | Saved: '/tmp/tmpxez4z5bk/frame_0021_seg.png'
19:13.583  render           | Saved: '/tmp/tmpxez4z5bk/frame_0021_depth.png'
19:13.587  render           | Saved: '/tmp/tmpxez4z5bk/frame_0021_rgb.png'
19:13.963  render           | Saved: '/tmp/tmpxez4z5bk/frame_0022_depth.png'
19:13.964  render           | Saved: '/tmp/tmpxez4z5bk/frame_0022_seg.png'
19:13.967  render           | Saved: '/tmp/tmpxez4z5bk/frame_0022_rgb.png'
19:14.346  render           | Saved: '/tmp/tmpxez4z5bk/frame_0023_depth.png'
19:14.347  render           | Saved: '/tmp/tmpxez4z5bk/frame_0023_seg.png'
19:14.350  render           | Saved: '/tmp/tmpxez4z5bk/frame_0023_rgb.png'
19:14.753  render           | Saved: '/tmp/tmpxez4z5bk/frame_0024_depth.png'
19:14.753  render           | Saved: '/tmp/tmpxez4z5bk/frame_0024_seg.png'
19:14.756  render           | Saved: '/tmp/tmpxez4z5bk/frame_0024_rgb.png'
19:15.143  render           | Saved: '/tmp/tmpxez4z5bk/frame_0025_depth.png'
19:15.144  render           | Saved: '/tmp/tmpxez4z5bk/frame_0025_seg.png'
19:15.147  render           | Saved: '/tmp/tmpxez4z5bk/frame_0025_rgb.png'
19:15.531  render           | Saved: '/tmp/tmpxez4z5bk/frame_0026_depth.png'
19:15.531  render           | Saved: '/tmp/tmpxez4z5bk/frame_0026_seg.png'
19:15.534  render           | Saved: '/tmp/tmpxez4z5bk/frame_0026_rgb.png'
19:15.921  render           | Saved: '/tmp/tmpxez4z5bk/frame_0027_depth.png'
19:15.922  render           | Saved: '/tmp/tmpxez4z5bk/frame_0027_seg.png'
19:15.925  render           | Saved: '/tmp/tmpxez4z5bk/frame_0027_rgb.png'
19:16.310  render           | Saved: '/tmp/tmpxez4z5bk/frame_0028_seg.png'
19:16.310  render           | Saved: '/tmp/tmpxez4z5bk/frame_0028_depth.png'
19:16.313  render           | Saved: '/tmp/tmpxez4z5bk/frame_0028_rgb.png'
19:16.690  render           | Saved: '/tmp/tmpxez4z5bk/frame_0029_seg.png'
19:16.690  render           | Saved: '/tmp/tmpxez4z5bk/frame_0029_depth.png'
19:16.693  render           | Saved: '/tmp/tmpxez4z5bk/frame_0029_rgb.png'
19:17.066  render           | Saved: '/tmp/tmpxez4z5bk/frame_0030_seg.png'
19:17.066  render           | Saved: '/tmp/tmpxez4z5bk/frame_0030_depth.png'
19:17.070  render           | Saved: '/tmp/tmpxez4z5bk/frame_0030_rgb.png'
19:17.448  render           | Saved: '/tmp/tmpxez4z5bk/frame_0031_depth.png'
19:17.449  render           | Saved: '/tmp/tmpxez4z5bk/frame_0031_seg.png'
19:17.452  render           | Saved: '/tmp/tmpxez4z5bk/frame_0031_rgb.png'
19:17.825  render           | Saved: '/tmp/tmpxez4z5bk/frame_0032_depth.png'
19:17.826  render           | Saved: '/tmp/tmpxez4z5bk/frame_0032_seg.png'
19:17.829  render           | Saved: '/tmp/tmpxez4z5bk/frame_0032_rgb.png'
19:18.201  render           | Saved: '/tmp/tmpxez4z5bk/frame_0033_depth.png'
19:18.202  render           | Saved: '/tmp/tmpxez4z5bk/frame_0033_seg.png'
19:18.205  render           | Saved: '/tmp/tmpxez4z5bk/frame_0033_rgb.png'
19:18.584  render           | Saved: '/tmp/tmpxez4z5bk/frame_0034_depth.png'
19:18.585  render           | Saved: '/tmp/tmpxez4z5bk/frame_0034_seg.png'
19:18.588  render           | Saved: '/tmp/tmpxez4z5bk/frame_0034_rgb.png'
19:18.987  render           | Saved: '/tmp/tmpxez4z5bk/frame_0035_depth.png'
19:18.988  render           | Saved: '/tmp/tmpxez4z5bk/frame_0035_seg.png'
19:18.991  render           | Saved: '/tmp/tmpxez4z5bk/frame_0035_rgb.png'
19:19.401  render           | Saved: '/tmp/tmpxez4z5bk/frame_0036_depth.png'
19:19.402  render           | Saved: '/tmp/tmpxez4z5bk/frame_0036_seg.png'
19:19.405  render           | Saved: '/tmp/tmpxez4z5bk/frame_0036_rgb.png'
19:19.774  render           | Saved: '/tmp/tmpxez4z5bk/frame_0037_seg.png'
19:19.775  render           | Saved: '/tmp/tmpxez4z5bk/frame_0037_depth.png'
19:19.778  render           | Saved: '/tmp/tmpxez4z5bk/frame_0037_rgb.png'
19:20.149  render           | Saved: '/tmp/tmpxez4z5bk/frame_0038_seg.png'
19:20.150  render           | Saved: '/tmp/tmpxez4z5bk/frame_0038_depth.png'
19:20.153  render           | Saved: '/tmp/tmpxez4z5bk/frame_0038_rgb.png'
19:20.535  render           | Saved: '/tmp/tmpxez4z5bk/frame_0039_depth.png'
19:20.536  render           | Saved: '/tmp/tmpxez4z5bk/frame_0039_seg.png'
19:20.539  render           | Saved: '/tmp/tmpxez4z5bk/frame_0039_rgb.png'
19:20.912  render           | Saved: '/tmp/tmpxez4z5bk/frame_0040_depth.png'
19:20.913  render           | Saved: '/tmp/tmpxez4z5bk/frame_0040_seg.png'
19:20.916  render           | Saved: '/tmp/tmpxez4z5bk/frame_0040_rgb.png'
19:21.297  render           | Saved: '/tmp/tmpxez4z5bk/frame_0041_depth.png'
19:21.298  render           | Saved: '/tmp/tmpxez4z5bk/frame_0041_seg.png'
19:21.301  render           | Saved: '/tmp/tmpxez4z5bk/frame_0041_rgb.png'
19:21.685  render           | Saved: '/tmp/tmpxez4z5bk/frame_0042_depth.png'
19:21.685  render           | Saved: '/tmp/tmpxez4z5bk/frame_0042_seg.png'
19:21.689  render           | Saved: '/tmp/tmpxez4z5bk/frame_0042_rgb.png'
19:22.062  render           | Saved: '/tmp/tmpxez4z5bk/frame_0043_depth.png'
19:22.063  render           | Saved: '/tmp/tmpxez4z5bk/frame_0043_seg.png'
19:22.066  render           | Saved: '/tmp/tmpxez4z5bk/frame_0043_rgb.png'
19:22.445  render           | Saved: '/tmp/tmpxez4z5bk/frame_0044_depth.png'
19:22.446  render           | Saved: '/tmp/tmpxez4z5bk/frame_0044_seg.png'
19:22.450  render           | Saved: '/tmp/tmpxez4z5bk/frame_0044_rgb.png'
19:22.826  render           | Saved: '/tmp/tmpxez4z5bk/frame_0045_depth.png'
19:22.827  render           | Saved: '/tmp/tmpxez4z5bk/frame_0045_seg.png'
19:22.830  render           | Saved: '/tmp/tmpxez4z5bk/frame_0045_rgb.png'
19:23.206  render           | Saved: '/tmp/tmpxez4z5bk/frame_0046_seg.png'
19:23.207  render           | Saved: '/tmp/tmpxez4z5bk/frame_0046_depth.png'
19:23.210  render           | Saved: '/tmp/tmpxez4z5bk/frame_0046_rgb.png'
19:23.587  render           | Saved: '/tmp/tmpxez4z5bk/frame_0047_seg.png'
19:23.587  render           | Saved: '/tmp/tmpxez4z5bk/frame_0047_depth.png'
19:23.591  render           | Saved: '/tmp/tmpxez4z5bk/frame_0047_rgb.png'
19:23.964  render           | Saved: '/tmp/tmpxez4z5bk/frame_0048_depth.png'
19:23.965  render           | Saved: '/tmp/tmpxez4z5bk/frame_0048_seg.png'
19:23.969  render           | Saved: '/tmp/tmpxez4z5bk/frame_0048_rgb.png'
19:24.340  render           | Saved: '/tmp/tmpxez4z5bk/frame_0049_depth.png'
19:24.341  render           | Saved: '/tmp/tmpxez4z5bk/frame_0049_seg.png'
19:24.344  render           | Saved: '/tmp/tmpxez4z5bk/frame_0049_rgb.png'
19:24.711  render           | Saved: '/tmp/tmpxez4z5bk/frame_0050_depth.png'
19:24.712  render           | Saved: '/tmp/tmpxez4z5bk/frame_0050_seg.png'
19:24.715  render           | Saved: '/tmp/tmpxez4z5bk/frame_0050_rgb.png'
19:25.087  render           | Saved: '/tmp/tmpxez4z5bk/frame_0051_depth.png'
19:25.088  render           | Saved: '/tmp/tmpxez4z5bk/frame_0051_seg.png'
19:25.091  render           | Saved: '/tmp/tmpxez4z5bk/frame_0051_rgb.png'
19:25.459  render           | Saved: '/tmp/tmpxez4z5bk/frame_0052_depth.png'
19:25.459  render           | Saved: '/tmp/tmpxez4z5bk/frame_0052_seg.png'
19:25.463  render           | Saved: '/tmp/tmpxez4z5bk/frame_0052_rgb.png'
19:25.835  render           | Saved: '/tmp/tmpxez4z5bk/frame_0053_depth.png'
19:25.836  render           | Saved: '/tmp/tmpxez4z5bk/frame_0053_seg.png'
19:25.840  render           | Saved: '/tmp/tmpxez4z5bk/frame_0053_rgb.png'
19:26.212  render           | Saved: '/tmp/tmpxez4z5bk/frame_0054_depth.png'
19:26.213  render           | Saved: '/tmp/tmpxez4z5bk/frame_0054_seg.png'
19:26.216  render           | Saved: '/tmp/tmpxez4z5bk/frame_0054_rgb.png'
19:26.582  render           | Saved: '/tmp/tmpxez4z5bk/frame_0055_seg.png'
19:26.583  render           | Saved: '/tmp/tmpxez4z5bk/frame_0055_depth.png'
19:26.586  render           | Saved: '/tmp/tmpxez4z5bk/frame_0055_rgb.png'
19:26.951  render           | Saved: '/tmp/tmpxez4z5bk/frame_0056_seg.png'
19:26.952  render           | Saved: '/tmp/tmpxez4z5bk/frame_0056_depth.png'
19:26.955  render           | Saved: '/tmp/tmpxez4z5bk/frame_0056_rgb.png'
19:27.327  render           | Saved: '/tmp/tmpxez4z5bk/frame_0057_depth.png'
19:27.328  render           | Saved: '/tmp/tmpxez4z5bk/frame_0057_seg.png'
19:27.331  render           | Saved: '/tmp/tmpxez4z5bk/frame_0057_rgb.png'
19:27.699  render           | Saved: '/tmp/tmpxez4z5bk/frame_0058_depth.png'
19:27.700  render           | Saved: '/tmp/tmpxez4z5bk/frame_0058_seg.png'
19:27.703  render           | Saved: '/tmp/tmpxez4z5bk/frame_0058_rgb.png'
19:28.068  render           | Saved: '/tmp/tmpxez4z5bk/frame_0059_depth.png'
19:28.069  render           | Saved: '/tmp/tmpxez4z5bk/frame_0059_seg.png'
19:28.072  render           | Saved: '/tmp/tmpxez4z5bk/frame_0059_rgb.png'
19:28.447  render           | Saved: '/tmp/tmpxez4z5bk/frame_0060_depth.png'
19:28.448  render           | Saved: '/tmp/tmpxez4z5bk/frame_0060_seg.png'
19:28.452  render           | Saved: '/tmp/tmpxez4z5bk/frame_0060_rgb.png'
19:28.817  render           | Saved: '/tmp/tmpxez4z5bk/frame_0061_depth.png'
19:28.817  render           | Saved: '/tmp/tmpxez4z5bk/frame_0061_seg.png'
19:28.821  render           | Saved: '/tmp/tmpxez4z5bk/frame_0061_rgb.png'
19:29.187  render           | Saved: '/tmp/tmpxez4z5bk/frame_0062_depth.png'
19:29.188  render           | Saved: '/tmp/tmpxez4z5bk/frame_0062_seg.png'
19:29.191  render           | Saved: '/tmp/tmpxez4z5bk/frame_0062_rgb.png'
19:29.557  render           | Saved: '/tmp/tmpxez4z5bk/frame_0063_depth.png'
19:29.558  render           | Saved: '/tmp/tmpxez4z5bk/frame_0063_seg.png'
19:29.561  render           | Saved: '/tmp/tmpxez4z5bk/frame_0063_rgb.png'
19:30.015  render           | Saved: '/tmp/tmp7bpr1zrb/frame_0000_seg.png'
19:30.016  render           | Saved: '/tmp/tmp7bpr1zrb/frame_0000_depth.png'
19:30.019  render           | Saved: '/tmp/tmp7bpr1zrb/frame_0000_rgb.png'
19:30.380  render           | Saved: '/tmp/tmp7bpr1zrb/frame_0001_depth.png'
19:30.380  render           | Saved: '/tmp/tmp7bpr1zrb/frame_0001_seg.png'
19:30.383  render           | Saved: '/tmp/tmp7bpr1zrb/frame_0001_rgb.png'
19:30.741  render           | Saved: '/tmp/tmp7bpr1zrb/frame_0002_depth.png'
19:30.742  render           | Saved: '/tmp/tmp7bpr1zrb/frame_0002_seg.png'
19:30.745  render           | Saved: '/tmp/tmp7bpr1zrb/frame_0002_rgb.png'
19:31.104  render           | Saved: '/tmp/tmp7bpr1zrb/frame_0003_depth.png'
19:31.105  render           | Saved: '/tmp/tmp7bpr1zrb/frame_0003_seg.png'
19:31.108  render           | Saved: '/tmp/tmp7bpr1zrb/frame_0003_rgb.png'
19:31.466  render           | Saved: '/tmp/tmp7bpr1zrb/frame_0004_depth.png'
19:31.467  render           | Saved: '/tmp/tmp7bpr1zrb/frame_0004_seg.png'
19:31.470  render           | Saved: '/tmp/tmp7bpr1zrb/frame_0004_rgb.png'
19:31.825  render           | Saved: '/tmp/tmp7bpr1zrb/frame_0005_depth.png'
19:31.826  render           | Saved: '/tmp/tmp7bpr1zrb/frame_0005_seg.png'
19:31.829  render           | Saved: '/tmp/tmp7bpr1zrb/frame_0005_rgb.png'
19:32.202  render           | Saved: '/tmp/tmp7bpr1zrb/frame_0006_depth.png'
19:32.203  render           | Saved: '/tmp/tmp7bpr1zrb/frame_0006_seg.png'
19:32.206  render           | Saved: '/tmp/tmp7bpr1zrb/frame_0006_rgb.png'
19:32.571  render           | Saved: '/tmp/tmp7bpr1zrb/frame_0007_seg.png'
19:32.572  render           | Saved: '/tmp/tmp7bpr1zrb/frame_0007_depth.png'
19:32.575  render           | Saved: '/tmp/tmp7bpr1zrb/frame_0007_rgb.png'
19:32.931  render           | Saved: '/tmp/tmp7bpr1zrb/frame_0008_seg.png'
19:32.932  render           | Saved: '/tmp/tmp7bpr1zrb/frame_0008_depth.png'
19:32.935  render           | Saved: '/tmp/tmp7bpr1zrb/frame_0008_rgb.png'
19:33.296  render           | Saved: '/tmp/tmp7bpr1zrb/frame_0009_depth.png'
19:33.297  render           | Saved: '/tmp/tmp7bpr1zrb/frame_0009_seg.png'
19:33.301  render           | Saved: '/tmp/tmp7bpr1zrb/frame_0009_rgb.png'
19:33.658  render           | Saved: '/tmp/tmp7bpr1zrb/frame_0010_depth.png'
19:33.659  render           | Saved: '/tmp/tmp7bpr1zrb/frame_0010_seg.png'
19:33.663  render           | Saved: '/tmp/tmp7bpr1zrb/frame_0010_rgb.png'
19:34.035  render           | Saved: '/tmp/tmp7bpr1zrb/frame_0011_depth.png'
19:34.036  render           | Saved: '/tmp/tmp7bpr1zrb/frame_0011_seg.png'
19:34.039  render           | Saved: '/tmp/tmp7bpr1zrb/frame_0011_rgb.png'
19:34.404  render           | Saved: '/tmp/tmp7bpr1zrb/frame_0012_depth.png'
19:34.405  render           | Saved: '/tmp/tmp7bpr1zrb/frame_0012_seg.png'
19:34.409  render           | Saved: '/tmp/tmp7bpr1zrb/frame_0012_rgb.png'
19:34.788  render           | Saved: '/tmp/tmp7bpr1zrb/frame_0013_depth.png'
19:34.789  render           | Saved: '/tmp/tmp7bpr1zrb/frame_0013_seg.png'
19:34.792  render           | Saved: '/tmp/tmp7bpr1zrb/frame_0013_rgb.png'
19:35.167  render           | Saved: '/tmp/tmp7bpr1zrb/frame_0014_depth.png'
19:35.167  render           | Saved: '/tmp/tmp7bpr1zrb/frame_0014_seg.png'
19:35.171  render           | Saved: '/tmp/tmp7bpr1zrb/frame_0014_rgb.png'
19:35.544  render           | Saved: '/tmp/tmp7bpr1zrb/frame_0015_depth.png'
19:35.545  render           | Saved: '/tmp/tmp7bpr1zrb/frame_0015_seg.png'
19:35.548  render           | Saved: '/tmp/tmp7bpr1zrb/frame_0015_rgb.png'
19:35.933  render           | Saved: '/tmp/tmp7bpr1zrb/frame_0016_seg.png'
19:35.935  render           | Saved: '/tmp/tmp7bpr1zrb/frame_0016_depth.png'
19:35.938  render           | Saved: '/tmp/tmp7bpr1zrb/frame_0016_rgb.png'
19:36.328  render           | Saved: '/tmp/tmp7bpr1zrb/frame_0017_seg.png'
19:36.329  render           | Saved: '/tmp/tmp7bpr1zrb/frame_0017_depth.png'
19:36.332  render           | Saved: '/tmp/tmp7bpr1zrb/frame_0017_rgb.png'
19:36.712  render           | Saved: '/tmp/tmp7bpr1zrb/frame_0018_depth.png'
19:36.713  render           | Saved: '/tmp/tmp7bpr1zrb/frame_0018_seg.png'
19:36.716  render           | Saved: '/tmp/tmp7bpr1zrb/frame_0018_rgb.png'
19:37.091  render           | Saved: '/tmp/tmp7bpr1zrb/frame_0019_depth.png'
19:37.092  render           | Saved: '/tmp/tmp7bpr1zrb/frame_0019_seg.png'
19:37.095  render           | Saved: '/tmp/tmp7bpr1zrb/frame_0019_rgb.png'
19:37.465  render           | Saved: '/tmp/tmp7bpr1zrb/frame_0020_depth.png'
19:37.466  render           | Saved: '/tmp/tmp7bpr1zrb/frame_0020_seg.png'
19:37.469  render           | Saved: '/tmp/tmp7bpr1zrb/frame_0020_rgb.png'
19:37.846  render           | Saved: '/tmp/tmp7bpr1zrb/frame_0021_depth.png'
19:37.847  render           | Saved: '/tmp/tmp7bpr1zrb/frame_0021_seg.png'
19:37.850  render           | Saved: '/tmp/tmp7bpr1zrb/frame_0021_rgb.png'
19:38.229  render           | Saved: '/tmp/tmp7bpr1zrb/frame_0022_depth.png'
19:38.230  render           | Saved: '/tmp/tmp7bpr1zrb/frame_0022_seg.png'
19:38.233  render           | Saved: '/tmp/tmp7bpr1zrb/frame_0022_rgb.png'
19:38.630  render           | Saved: '/tmp/tmp7bpr1zrb/frame_0023_depth.png'
19:38.631  render           | Saved: '/tmp/tmp7bpr1zrb/frame_0023_seg.png'
19:38.635  render           | Saved: '/tmp/tmp7bpr1zrb/frame_0023_rgb.png'
19:39.020  render           | Saved: '/tmp/tmp7bpr1zrb/frame_0024_depth.png'
19:39.021  render           | Saved: '/tmp/tmp7bpr1zrb/frame_0024_seg.png'
19:39.024  render           | Saved: '/tmp/tmp7bpr1zrb/frame_0024_rgb.png'
19:39.404  render           | Saved: '/tmp/tmp7bpr1zrb/frame_0025_seg.png'
19:39.405  render           | Saved: '/tmp/tmp7bpr1zrb/frame_0025_depth.png'
19:39.409  render           | Saved: '/tmp/tmp7bpr1zrb/frame_0025_rgb.png'
19:39.814  render           | Saved: '/tmp/tmp7bpr1zrb/frame_0026_seg.png'
19:39.815  render           | Saved: '/tmp/tmp7bpr1zrb/frame_0026_depth.png'
19:39.819  render           | Saved: '/tmp/tmp7bpr1zrb/frame_0026_rgb.png'
19:40.201  render           | Saved: '/tmp/tmp7bpr1zrb/frame_0027_depth.png'
19:40.202  render           | Saved: '/tmp/tmp7bpr1zrb/frame_0027_seg.png'
19:40.205  render           | Saved: '/tmp/tmp7bpr1zrb/frame_0027_rgb.png'
19:40.570  render           | Saved: '/tmp/tmp7bpr1zrb/frame_0028_depth.png'
19:40.570  render           | Saved: '/tmp/tmp7bpr1zrb/frame_0028_seg.png'
19:40.573  render           | Saved: '/tmp/tmp7bpr1zrb/frame_0028_rgb.png'
19:40.932  render           | Saved: '/tmp/tmp7bpr1zrb/frame_0029_depth.png'
19:40.932  render           | Saved: '/tmp/tmp7bpr1zrb/frame_0029_seg.png'
19:40.935  render           | Saved: '/tmp/tmp7bpr1zrb/frame_0029_rgb.png'
19:41.300  render           | Saved: '/tmp/tmp7bpr1zrb/frame_0030_depth.png'
19:41.301  render           | Saved: '/tmp/tmp7bpr1zrb/frame_0030_seg.png'
19:41.304  render           | Saved: '/tmp/tmp7bpr1zrb/frame_0030_rgb.png'
19:41.660  render           | Saved: '/tmp/tmp7bpr1zrb/frame_0031_depth.png'
19:41.661  render           | Saved: '/tmp/tmp7bpr1zrb/frame_0031_seg.png'
19:41.664  render           | Saved: '/tmp/tmp7bpr1zrb/frame_0031_rgb.png'
19:42.019  render           | Saved: '/tmp/tmp7bpr1zrb/frame_0032_depth.png'
19:42.020  render           | Saved: '/tmp/tmp7bpr1zrb/frame_0032_seg.png'
19:42.023  render           | Saved: '/tmp/tmp7bpr1zrb/frame_0032_rgb.png'
19:42.399  render           | Saved: '/tmp/tmp7bpr1zrb/frame_0033_depth.png'
19:42.400  render           | Saved: '/tmp/tmp7bpr1zrb/frame_0033_seg.png'
19:42.403  render           | Saved: '/tmp/tmp7bpr1zrb/frame_0033_rgb.png'
19:42.783  render           | Saved: '/tmp/tmp7bpr1zrb/frame_0034_seg.png'
19:42.784  render           | Saved: '/tmp/tmp7bpr1zrb/frame_0034_depth.png'
19:42.787  render           | Saved: '/tmp/tmp7bpr1zrb/frame_0034_rgb.png'
19:43.141  render           | Saved: '/tmp/tmp7bpr1zrb/frame_0035_seg.png'
19:43.142  render           | Saved: '/tmp/tmp7bpr1zrb/frame_0035_depth.png'
19:43.145  render           | Saved: '/tmp/tmp7bpr1zrb/frame_0035_rgb.png'
19:43.504  render           | Saved: '/tmp/tmp7bpr1zrb/frame_0036_depth.png'
19:43.505  render           | Saved: '/tmp/tmp7bpr1zrb/frame_0036_seg.png'
19:43.508  render           | Saved: '/tmp/tmp7bpr1zrb/frame_0036_rgb.png'
19:43.871  render           | Saved: '/tmp/tmp7bpr1zrb/frame_0037_depth.png'
19:43.872  render           | Saved: '/tmp/tmp7bpr1zrb/frame_0037_seg.png'
19:43.875  render           | Saved: '/tmp/tmp7bpr1zrb/frame_0037_rgb.png'
19:44.229  render           | Saved: '/tmp/tmp7bpr1zrb/frame_0038_depth.png'
19:44.230  render           | Saved: '/tmp/tmp7bpr1zrb/frame_0038_seg.png'
19:44.233  render           | Saved: '/tmp/tmp7bpr1zrb/frame_0038_rgb.png'
19:44.586  render           | Saved: '/tmp/tmp7bpr1zrb/frame_0039_depth.png'
19:44.587  render           | Saved: '/tmp/tmp7bpr1zrb/frame_0039_seg.png'
19:44.590  render           | Saved: '/tmp/tmp7bpr1zrb/frame_0039_rgb.png'
19:44.951  render           | Saved: '/tmp/tmp7bpr1zrb/frame_0040_depth.png'
19:44.952  render           | Saved: '/tmp/tmp7bpr1zrb/frame_0040_seg.png'
19:44.955  render           | Saved: '/tmp/tmp7bpr1zrb/frame_0040_rgb.png'
19:45.311  render           | Saved: '/tmp/tmp7bpr1zrb/frame_0041_depth.png'
19:45.312  render           | Saved: '/tmp/tmp7bpr1zrb/frame_0041_seg.png'
19:45.315  render           | Saved: '/tmp/tmp7bpr1zrb/frame_0041_rgb.png'
19:45.670  render           | Saved: '/tmp/tmp7bpr1zrb/frame_0042_depth.png'
19:45.671  render           | Saved: '/tmp/tmp7bpr1zrb/frame_0042_seg.png'
19:45.674  render           | Saved: '/tmp/tmp7bpr1zrb/frame_0042_rgb.png'
19:46.038  render           | Saved: '/tmp/tmp7bpr1zrb/frame_0043_seg.png'
19:46.038  render           | Saved: '/tmp/tmp7bpr1zrb/frame_0043_depth.png'
19:46.041  render           | Saved: '/tmp/tmp7bpr1zrb/frame_0043_rgb.png'
19:46.405  render           | Saved: '/tmp/tmp7bpr1zrb/frame_0044_seg.png'
19:46.406  render           | Saved: '/tmp/tmp7bpr1zrb/frame_0044_depth.png'
19:46.409  render           | Saved: '/tmp/tmp7bpr1zrb/frame_0044_rgb.png'
19:46.776  render           | Saved: '/tmp/tmp7bpr1zrb/frame_0045_depth.png'
19:46.777  render           | Saved: '/tmp/tmp7bpr1zrb/frame_0045_seg.png'
19:46.780  render           | Saved: '/tmp/tmp7bpr1zrb/frame_0045_rgb.png'
19:47.140  render           | Saved: '/tmp/tmp7bpr1zrb/frame_0046_depth.png'
19:47.141  render           | Saved: '/tmp/tmp7bpr1zrb/frame_0046_seg.png'
19:47.144  render           | Saved: '/tmp/tmp7bpr1zrb/frame_0046_rgb.png'
19:47.504  render           | Saved: '/tmp/tmp7bpr1zrb/frame_0047_depth.png'
19:47.505  render           | Saved: '/tmp/tmp7bpr1zrb/frame_0047_seg.png'
19:47.508  render           | Saved: '/tmp/tmp7bpr1zrb/frame_0047_rgb.png'
19:47.890  render           | Saved: '/tmp/tmp7bpr1zrb/frame_0048_depth.png'
19:47.891  render           | Saved: '/tmp/tmp7bpr1zrb/frame_0048_seg.png'
19:47.894  render           | Saved: '/tmp/tmp7bpr1zrb/frame_0048_rgb.png'
19:48.263  render           | Saved: '/tmp/tmp7bpr1zrb/frame_0049_depth.png'
19:48.264  render           | Saved: '/tmp/tmp7bpr1zrb/frame_0049_seg.png'
19:48.267  render           | Saved: '/tmp/tmp7bpr1zrb/frame_0049_rgb.png'
19:48.623  render           | Saved: '/tmp/tmp7bpr1zrb/frame_0050_depth.png'
19:48.624  render           | Saved: '/tmp/tmp7bpr1zrb/frame_0050_seg.png'
19:48.627  render           | Saved: '/tmp/tmp7bpr1zrb/frame_0050_rgb.png'
19:49.001  render           | Saved: '/tmp/tmp7bpr1zrb/frame_0051_depth.png'
19:49.002  render           | Saved: '/tmp/tmp7bpr1zrb/frame_0051_seg.png'
19:49.006  render           | Saved: '/tmp/tmp7bpr1zrb/frame_0051_rgb.png'
19:49.390  render           | Saved: '/tmp/tmp7bpr1zrb/frame_0052_seg.png'
19:49.391  render           | Saved: '/tmp/tmp7bpr1zrb/frame_0052_depth.png'
19:49.394  render           | Saved: '/tmp/tmp7bpr1zrb/frame_0052_rgb.png'
19:49.760  render           | Saved: '/tmp/tmp7bpr1zrb/frame_0053_seg.png'
19:49.761  render           | Saved: '/tmp/tmp7bpr1zrb/frame_0053_depth.png'
19:49.764  render           | Saved: '/tmp/tmp7bpr1zrb/frame_0053_rgb.png'
19:50.124  render           | Saved: '/tmp/tmp7bpr1zrb/frame_0054_depth.png'
19:50.125  render           | Saved: '/tmp/tmp7bpr1zrb/frame_0054_seg.png'
19:50.129  render           | Saved: '/tmp/tmp7bpr1zrb/frame_0054_rgb.png'
19:50.496  render           | Saved: '/tmp/tmp7bpr1zrb/frame_0055_depth.png'
19:50.497  render           | Saved: '/tmp/tmp7bpr1zrb/frame_0055_seg.png'
19:50.500  render           | Saved: '/tmp/tmp7bpr1zrb/frame_0055_rgb.png'
19:50.881  render           | Saved: '/tmp/tmp7bpr1zrb/frame_0056_depth.png'
19:50.882  render           | Saved: '/tmp/tmp7bpr1zrb/frame_0056_seg.png'
19:50.887  render           | Saved: '/tmp/tmp7bpr1zrb/frame_0056_rgb.png'
19:51.269  render           | Saved: '/tmp/tmp7bpr1zrb/frame_0057_depth.png'
19:51.270  render           | Saved: '/tmp/tmp7bpr1zrb/frame_0057_seg.png'
19:51.273  render           | Saved: '/tmp/tmp7bpr1zrb/frame_0057_rgb.png'
19:51.636  render           | Saved: '/tmp/tmp7bpr1zrb/frame_0058_depth.png'
19:51.637  render           | Saved: '/tmp/tmp7bpr1zrb/frame_0058_seg.png'
19:51.640  render           | Saved: '/tmp/tmp7bpr1zrb/frame_0058_rgb.png'
19:52.017  render           | Saved: '/tmp/tmp7bpr1zrb/frame_0059_depth.png'
19:52.018  render           | Saved: '/tmp/tmp7bpr1zrb/frame_0059_seg.png'
19:52.022  render           | Saved: '/tmp/tmp7bpr1zrb/frame_0059_rgb.png'
19:52.397  render           | Saved: '/tmp/tmp7bpr1zrb/frame_0060_depth.png'
19:52.398  render           | Saved: '/tmp/tmp7bpr1zrb/frame_0060_seg.png'
19:52.401  render           | Saved: '/tmp/tmp7bpr1zrb/frame_0060_rgb.png'
19:52.770  render           | Saved: '/tmp/tmp7bpr1zrb/frame_0061_seg.png'
19:52.771  render           | Saved: '/tmp/tmp7bpr1zrb/frame_0061_depth.png'
19:52.774  render           | Saved: '/tmp/tmp7bpr1zrb/frame_0061_rgb.png'
19:53.144  render           | Saved: '/tmp/tmp7bpr1zrb/frame_0062_seg.png'
19:53.145  render           | Saved: '/tmp/tmp7bpr1zrb/frame_0062_depth.png'
19:53.148  render           | Saved: '/tmp/tmp7bpr1zrb/frame_0062_rgb.png'
19:53.515  render           | Saved: '/tmp/tmp7bpr1zrb/frame_0063_depth.png'
19:53.516  render           | Saved: '/tmp/tmp7bpr1zrb/frame_0063_seg.png'
19:53.519  render           | Saved: '/tmp/tmp7bpr1zrb/frame_0063_rgb.png'
21:47.008  render           | Saved: '/tmp/tmp1cint4bm/frame_0000_seg.png'
21:47.009  render           | Saved: '/tmp/tmp1cint4bm/frame_0000_depth.png'
21:47.012  render           | Saved: '/tmp/tmp1cint4bm/frame_0000_rgb.png'
21:47.421  render           | Saved: '/tmp/tmp1cint4bm/frame_0001_depth.png'
21:47.422  render           | Saved: '/tmp/tmp1cint4bm/frame_0001_seg.png'
21:47.425  render           | Saved: '/tmp/tmp1cint4bm/frame_0001_rgb.png'
21:47.821  render           | Saved: '/tmp/tmp1cint4bm/frame_0002_depth.png'
21:47.822  render           | Saved: '/tmp/tmp1cint4bm/frame_0002_seg.png'
21:47.825  render           | Saved: '/tmp/tmp1cint4bm/frame_0002_rgb.png'
21:48.220  render           | Saved: '/tmp/tmp1cint4bm/frame_0003_depth.png'
21:48.221  render           | Saved: '/tmp/tmp1cint4bm/frame_0003_seg.png'
21:48.224  render           | Saved: '/tmp/tmp1cint4bm/frame_0003_rgb.png'
21:48.619  render           | Saved: '/tmp/tmp1cint4bm/frame_0004_depth.png'
21:48.620  render           | Saved: '/tmp/tmp1cint4bm/frame_0004_seg.png'
21:48.623  render           | Saved: '/tmp/tmp1cint4bm/frame_0004_rgb.png'
21:49.017  render           | Saved: '/tmp/tmp1cint4bm/frame_0005_depth.png'
21:49.018  render           | Saved: '/tmp/tmp1cint4bm/frame_0005_seg.png'
21:49.021  render           | Saved: '/tmp/tmp1cint4bm/frame_0005_rgb.png'
21:49.406  render           | Saved: '/tmp/tmp1cint4bm/frame_0006_depth.png'
21:49.407  render           | Saved: '/tmp/tmp1cint4bm/frame_0006_seg.png'
21:49.410  render           | Saved: '/tmp/tmp1cint4bm/frame_0006_rgb.png'
21:49.795  render           | Saved: '/tmp/tmp1cint4bm/frame_0007_seg.png'
21:49.796  render           | Saved: '/tmp/tmp1cint4bm/frame_0007_depth.png'
21:49.799  render           | Saved: '/tmp/tmp1cint4bm/frame_0007_rgb.png'
21:50.183  render           | Saved: '/tmp/tmp1cint4bm/frame_0008_seg.png'
21:50.184  render           | Saved: '/tmp/tmp1cint4bm/frame_0008_depth.png'
21:50.187  render           | Saved: '/tmp/tmp1cint4bm/frame_0008_rgb.png'
21:50.578  render           | Saved: '/tmp/tmp1cint4bm/frame_0009_depth.png'
21:50.579  render           | Saved: '/tmp/tmp1cint4bm/frame_0009_seg.png'
21:50.583  render           | Saved: '/tmp/tmp1cint4bm/frame_0009_rgb.png'
21:50.975  render           | Saved: '/tmp/tmp1cint4bm/frame_0010_depth.png'
21:50.975  render           | Saved: '/tmp/tmp1cint4bm/frame_0010_seg.png'
21:50.979  render           | Saved: '/tmp/tmp1cint4bm/frame_0010_rgb.png'
21:51.365  render           | Saved: '/tmp/tmp1cint4bm/frame_0011_depth.png'
21:51.366  render           | Saved: '/tmp/tmp1cint4bm/frame_0011_seg.png'
21:51.369  render           | Saved: '/tmp/tmp1cint4bm/frame_0011_rgb.png'
21:51.761  render           | Saved: '/tmp/tmp1cint4bm/frame_0012_depth.png'
21:51.762  render           | Saved: '/tmp/tmp1cint4bm/frame_0012_seg.png'
21:51.765  render           | Saved: '/tmp/tmp1cint4bm/frame_0012_rgb.png'
21:52.146  render           | Saved: '/tmp/tmp1cint4bm/frame_0013_depth.png'
21:52.147  render           | Saved: '/tmp/tmp1cint4bm/frame_0013_seg.png'
21:52.150  render           | Saved: '/tmp/tmp1cint4bm/frame_0013_rgb.png'
21:52.533  render           | Saved: '/tmp/tmp1cint4bm/frame_0014_depth.png'
21:52.534  render           | Saved: '/tmp/tmp1cint4bm/frame_0014_seg.png'
21:52.537  render           | Saved: '/tmp/tmp1cint4bm/frame_0014_rgb.png'
21:52.965  render           | Saved: '/tmp/tmp1cint4bm/frame_0015_depth.png'
21:52.966  render           | Saved: '/tmp/tmp1cint4bm/frame_0015_seg.png'
21:52.969  render           | Saved: '/tmp/tmp1cint4bm/frame_0015_rgb.png'
21:53.349  render           | Saved: '/tmp/tmp1cint4bm/frame_0016_seg.png'
21:53.350  render           | Saved: '/tmp/tmp1cint4bm/frame_0016_depth.png'
21:53.353  render           | Saved: '/tmp/tmp1cint4bm/frame_0016_rgb.png'
21:53.735  render           | Saved: '/tmp/tmp1cint4bm/frame_0017_seg.png'
21:53.736  render           | Saved: '/tmp/tmp1cint4bm/frame_0017_depth.png'
21:53.739  render           | Saved: '/tmp/tmp1cint4bm/frame_0017_rgb.png'
21:54.127  render           | Saved: '/tmp/tmp1cint4bm/frame_0018_depth.png'
21:54.127  render           | Saved: '/tmp/tmp1cint4bm/frame_0018_seg.png'
21:54.130  render           | Saved: '/tmp/tmp1cint4bm/frame_0018_rgb.png'
21:54.511  render           | Saved: '/tmp/tmp1cint4bm/frame_0019_depth.png'
21:54.511  render           | Saved: '/tmp/tmp1cint4bm/frame_0019_seg.png'
21:54.514  render           | Saved: '/tmp/tmp1cint4bm/frame_0019_rgb.png'
21:54.897  render           | Saved: '/tmp/tmp1cint4bm/frame_0020_depth.png'
21:54.898  render           | Saved: '/tmp/tmp1cint4bm/frame_0020_seg.png'
21:54.901  render           | Saved: '/tmp/tmp1cint4bm/frame_0020_rgb.png'
21:55.296  render           | Saved: '/tmp/tmp1cint4bm/frame_0021_depth.png'
21:55.297  render           | Saved: '/tmp/tmp1cint4bm/frame_0021_seg.png'
21:55.300  render           | Saved: '/tmp/tmp1cint4bm/frame_0021_rgb.png'
21:55.687  render           | Saved: '/tmp/tmp1cint4bm/frame_0022_depth.png'
21:55.688  render           | Saved: '/tmp/tmp1cint4bm/frame_0022_seg.png'
21:55.691  render           | Saved: '/tmp/tmp1cint4bm/frame_0022_rgb.png'
21:56.074  render           | Saved: '/tmp/tmp1cint4bm/frame_0023_depth.png'
21:56.075  render           | Saved: '/tmp/tmp1cint4bm/frame_0023_seg.png'
21:56.078  render           | Saved: '/tmp/tmp1cint4bm/frame_0023_rgb.png'
21:56.462  render           | Saved: '/tmp/tmp1cint4bm/frame_0024_depth.png'
21:56.463  render           | Saved: '/tmp/tmp1cint4bm/frame_0024_seg.png'
21:56.466  render           | Saved: '/tmp/tmp1cint4bm/frame_0024_rgb.png'
21:56.850  render           | Saved: '/tmp/tmp1cint4bm/frame_0025_seg.png'
21:56.851  render           | Saved: '/tmp/tmp1cint4bm/frame_0025_depth.png'
21:56.854  render           | Saved: '/tmp/tmp1cint4bm/frame_0025_rgb.png'
21:57.237  render           | Saved: '/tmp/tmp1cint4bm/frame_0026_seg.png'
21:57.237  render           | Saved: '/tmp/tmp1cint4bm/frame_0026_depth.png'
21:57.241  render           | Saved: '/tmp/tmp1cint4bm/frame_0026_rgb.png'
21:57.632  render           | Saved: '/tmp/tmp1cint4bm/frame_0027_depth.png'
21:57.633  render           | Saved: '/tmp/tmp1cint4bm/frame_0027_seg.png'
21:57.636  render           | Saved: '/tmp/tmp1cint4bm/frame_0027_rgb.png'
21:58.023  render           | Saved: '/tmp/tmp1cint4bm/frame_0028_depth.png'
21:58.023  render           | Saved: '/tmp/tmp1cint4bm/frame_0028_seg.png'
21:58.027  render           | Saved: '/tmp/tmp1cint4bm/frame_0028_rgb.png'
21:58.408  render           | Saved: '/tmp/tmp1cint4bm/frame_0029_depth.png'
21:58.409  render           | Saved: '/tmp/tmp1cint4bm/frame_0029_seg.png'
21:58.413  render           | Saved: '/tmp/tmp1cint4bm/frame_0029_rgb.png'
21:58.805  render           | Saved: '/tmp/tmp1cint4bm/frame_0030_depth.png'
21:58.805  render           | Saved: '/tmp/tmp1cint4bm/frame_0030_seg.png'
21:58.808  render           | Saved: '/tmp/tmp1cint4bm/frame_0030_rgb.png'
21:59.203  render           | Saved: '/tmp/tmp1cint4bm/frame_0031_depth.png'
21:59.204  render           | Saved: '/tmp/tmp1cint4bm/frame_0031_seg.png'
21:59.207  render           | Saved: '/tmp/tmp1cint4bm/frame_0031_rgb.png'
21:59.635  render           | Saved: '/tmp/tmp1cint4bm/frame_0032_depth.png'
21:59.635  render           | Saved: '/tmp/tmp1cint4bm/frame_0032_seg.png'
21:59.638  render           | Saved: '/tmp/tmp1cint4bm/frame_0032_rgb.png'
22:00.033  render           | Saved: '/tmp/tmp1cint4bm/frame_0033_depth.png'
22:00.034  render           | Saved: '/tmp/tmp1cint4bm/frame_0033_seg.png'
22:00.037  render           | Saved: '/tmp/tmp1cint4bm/frame_0033_rgb.png'
22:00.428  render           | Saved: '/tmp/tmp1cint4bm/frame_0034_seg.png'
22:00.429  render           | Saved: '/tmp/tmp1cint4bm/frame_0034_depth.png'
22:00.432  render           | Saved: '/tmp/tmp1cint4bm/frame_0034_rgb.png'
22:00.819  render           | Saved: '/tmp/tmp1cint4bm/frame_0035_seg.png'
22:00.820  render           | Saved: '/tmp/tmp1cint4bm/frame_0035_depth.png'
22:00.823  render           | Saved: '/tmp/tmp1cint4bm/frame_0035_rgb.png'
22:01.215  render           | Saved: '/tmp/tmp1cint4bm/frame_0036_depth.png'
22:01.216  render           | Saved: '/tmp/tmp1cint4bm/frame_0036_seg.png'
22:01.219  render           | Saved: '/tmp/tmp1cint4bm/frame_0036_rgb.png'
22:01.622  render           | Saved: '/tmp/tmp1cint4bm/frame_0037_depth.png'
22:01.623  render           | Saved: '/tmp/tmp1cint4bm/frame_0037_seg.png'
22:01.626  render           | Saved: '/tmp/tmp1cint4bm/frame_0037_rgb.png'
22:02.035  render           | Saved: '/tmp/tmp1cint4bm/frame_0038_depth.png'
22:02.036  render           | Saved: '/tmp/tmp1cint4bm/frame_0038_seg.png'
22:02.039  render           | Saved: '/tmp/tmp1cint4bm/frame_0038_rgb.png'
22:02.423  render           | Saved: '/tmp/tmp1cint4bm/frame_0039_depth.png'
22:02.424  render           | Saved: '/tmp/tmp1cint4bm/frame_0039_seg.png'
22:02.427  render           | Saved: '/tmp/tmp1cint4bm/frame_0039_rgb.png'
22:02.811  render           | Saved: '/tmp/tmp1cint4bm/frame_0040_depth.png'
22:02.812  render           | Saved: '/tmp/tmp1cint4bm/frame_0040_seg.png'
22:02.815  render           | Saved: '/tmp/tmp1cint4bm/frame_0040_rgb.png'
22:03.206  render           | Saved: '/tmp/tmp1cint4bm/frame_0041_depth.png'
22:03.207  render           | Saved: '/tmp/tmp1cint4bm/frame_0041_seg.png'
22:03.210  render           | Saved: '/tmp/tmp1cint4bm/frame_0041_rgb.png'
22:03.602  render           | Saved: '/tmp/tmp1cint4bm/frame_0042_depth.png'
22:03.602  render           | Saved: '/tmp/tmp1cint4bm/frame_0042_seg.png'
22:03.606  render           | Saved: '/tmp/tmp1cint4bm/frame_0042_rgb.png'
22:03.991  render           | Saved: '/tmp/tmp1cint4bm/frame_0043_seg.png'
22:03.991  render           | Saved: '/tmp/tmp1cint4bm/frame_0043_depth.png'
22:03.995  render           | Saved: '/tmp/tmp1cint4bm/frame_0043_rgb.png'
22:04.384  render           | Saved: '/tmp/tmp1cint4bm/frame_0044_seg.png'
22:04.385  render           | Saved: '/tmp/tmp1cint4bm/frame_0044_depth.png'
22:04.388  render           | Saved: '/tmp/tmp1cint4bm/frame_0044_rgb.png'
22:04.775  render           | Saved: '/tmp/tmp1cint4bm/frame_0045_depth.png'
22:04.776  render           | Saved: '/tmp/tmp1cint4bm/frame_0045_seg.png'
22:04.779  render           | Saved: '/tmp/tmp1cint4bm/frame_0045_rgb.png'
22:05.174  render           | Saved: '/tmp/tmp1cint4bm/frame_0046_depth.png'
22:05.174  render           | Saved: '/tmp/tmp1cint4bm/frame_0046_seg.png'
22:05.177  render           | Saved: '/tmp/tmp1cint4bm/frame_0046_rgb.png'
22:05.566  render           | Saved: '/tmp/tmp1cint4bm/frame_0047_depth.png'
22:05.567  render           | Saved: '/tmp/tmp1cint4bm/frame_0047_seg.png'
22:05.570  render           | Saved: '/tmp/tmp1cint4bm/frame_0047_rgb.png'
22:05.950  render           | Saved: '/tmp/tmp1cint4bm/frame_0048_depth.png'
22:05.951  render           | Saved: '/tmp/tmp1cint4bm/frame_0048_seg.png'
22:05.954  render           | Saved: '/tmp/tmp1cint4bm/frame_0048_rgb.png'
22:06.341  render           | Saved: '/tmp/tmp1cint4bm/frame_0049_depth.png'
22:06.342  render           | Saved: '/tmp/tmp1cint4bm/frame_0049_seg.png'
22:06.345  render           | Saved: '/tmp/tmp1cint4bm/frame_0049_rgb.png'
22:06.731  render           | Saved: '/tmp/tmp1cint4bm/frame_0050_depth.png'
22:06.732  render           | Saved: '/tmp/tmp1cint4bm/frame_0050_seg.png'
22:06.735  render           | Saved: '/tmp/tmp1cint4bm/frame_0050_rgb.png'
22:07.119  render           | Saved: '/tmp/tmp1cint4bm/frame_0051_depth.png'
22:07.120  render           | Saved: '/tmp/tmp1cint4bm/frame_0051_seg.png'
22:07.123  render           | Saved: '/tmp/tmp1cint4bm/frame_0051_rgb.png'
22:07.508  render           | Saved: '/tmp/tmp1cint4bm/frame_0052_seg.png'
22:07.509  render           | Saved: '/tmp/tmp1cint4bm/frame_0052_depth.png'
22:07.512  render           | Saved: '/tmp/tmp1cint4bm/frame_0052_rgb.png'
22:07.902  render           | Saved: '/tmp/tmp1cint4bm/frame_0053_seg.png'
22:07.903  render           | Saved: '/tmp/tmp1cint4bm/frame_0053_depth.png'
22:07.906  render           | Saved: '/tmp/tmp1cint4bm/frame_0053_rgb.png'
22:08.297  render           | Saved: '/tmp/tmp1cint4bm/frame_0054_depth.png'
22:08.298  render           | Saved: '/tmp/tmp1cint4bm/frame_0054_seg.png'
22:08.301  render           | Saved: '/tmp/tmp1cint4bm/frame_0054_rgb.png'
22:08.692  render           | Saved: '/tmp/tmp1cint4bm/frame_0055_depth.png'
22:08.693  render           | Saved: '/tmp/tmp1cint4bm/frame_0055_seg.png'
22:08.697  render           | Saved: '/tmp/tmp1cint4bm/frame_0055_rgb.png'
22:09.085  render           | Saved: '/tmp/tmp1cint4bm/frame_0056_depth.png'
22:09.086  render           | Saved: '/tmp/tmp1cint4bm/frame_0056_seg.png'
22:09.089  render           | Saved: '/tmp/tmp1cint4bm/frame_0056_rgb.png'
22:09.477  render           | Saved: '/tmp/tmp1cint4bm/frame_0057_depth.png'
22:09.477  render           | Saved: '/tmp/tmp1cint4bm/frame_0057_seg.png'
22:09.480  render           | Saved: '/tmp/tmp1cint4bm/frame_0057_rgb.png'
22:09.868  render           | Saved: '/tmp/tmp1cint4bm/frame_0058_depth.png'
22:09.868  render           | Saved: '/tmp/tmp1cint4bm/frame_0058_seg.png'
22:09.871  render           | Saved: '/tmp/tmp1cint4bm/frame_0058_rgb.png'
22:10.255  render           | Saved: '/tmp/tmp1cint4bm/frame_0059_depth.png'
22:10.256  render           | Saved: '/tmp/tmp1cint4bm/frame_0059_seg.png'
22:10.259  render           | Saved: '/tmp/tmp1cint4bm/frame_0059_rgb.png'
22:10.660  render           | Saved: '/tmp/tmp1cint4bm/frame_0060_depth.png'
22:10.661  render           | Saved: '/tmp/tmp1cint4bm/frame_0060_seg.png'
22:10.664  render           | Saved: '/tmp/tmp1cint4bm/frame_0060_rgb.png'
22:11.064  render           | Saved: '/tmp/tmp1cint4bm/frame_0061_seg.png'
22:11.065  render           | Saved: '/tmp/tmp1cint4bm/frame_0061_depth.png'
22:11.068  render           | Saved: '/tmp/tmp1cint4bm/frame_0061_rgb.png'
22:11.460  render           | Saved: '/tmp/tmp1cint4bm/frame_0062_seg.png'
22:11.461  render           | Saved: '/tmp/tmp1cint4bm/frame_0062_depth.png'
22:11.464  render           | Saved: '/tmp/tmp1cint4bm/frame_0062_rgb.png'
22:11.873  render           | Saved: '/tmp/tmp1cint4bm/frame_0063_depth.png'
22:11.874  render           | Saved: '/tmp/tmp1cint4bm/frame_0063_seg.png'
22:11.879  render           | Saved: '/tmp/tmp1cint4bm/frame_0063_rgb.png'
22:12.379  render           | Saved: '/tmp/tmpvyeyc2t2/frame_0000_depth.png'
22:12.380  render           | Saved: '/tmp/tmpvyeyc2t2/frame_0000_seg.png'
22:12.383  render           | Saved: '/tmp/tmpvyeyc2t2/frame_0000_rgb.png'
22:12.781  render           | Saved: '/tmp/tmpvyeyc2t2/frame_0001_seg.png'
22:12.782  render           | Saved: '/tmp/tmpvyeyc2t2/frame_0001_depth.png'
22:12.785  render           | Saved: '/tmp/tmpvyeyc2t2/frame_0001_rgb.png'
22:13.179  render           | Saved: '/tmp/tmpvyeyc2t2/frame_0002_seg.png'
22:13.180  render           | Saved: '/tmp/tmpvyeyc2t2/frame_0002_depth.png'
22:13.183  render           | Saved: '/tmp/tmpvyeyc2t2/frame_0002_rgb.png'
22:13.580  render           | Saved: '/tmp/tmpvyeyc2t2/frame_0003_depth.png'
22:13.581  render           | Saved: '/tmp/tmpvyeyc2t2/frame_0003_seg.png'
22:13.584  render           | Saved: '/tmp/tmpvyeyc2t2/frame_0003_rgb.png'
22:13.981  render           | Saved: '/tmp/tmpvyeyc2t2/frame_0004_depth.png'
22:13.982  render           | Saved: '/tmp/tmpvyeyc2t2/frame_0004_seg.png'
22:13.985  render           | Saved: '/tmp/tmpvyeyc2t2/frame_0004_rgb.png'
22:14.390  render           | Saved: '/tmp/tmpvyeyc2t2/frame_0005_depth.png'
22:14.391  render           | Saved: '/tmp/tmpvyeyc2t2/frame_0005_seg.png'
22:14.394  render           | Saved: '/tmp/tmpvyeyc2t2/frame_0005_rgb.png'
22:14.791  render           | Saved: '/tmp/tmpvyeyc2t2/frame_0006_depth.png'
22:14.791  render           | Saved: '/tmp/tmpvyeyc2t2/frame_0006_seg.png'
22:14.795  render           | Saved: '/tmp/tmpvyeyc2t2/frame_0006_rgb.png'
22:15.193  render           | Saved: '/tmp/tmpvyeyc2t2/frame_0007_depth.png'
22:15.194  render           | Saved: '/tmp/tmpvyeyc2t2/frame_0007_seg.png'
22:15.197  render           | Saved: '/tmp/tmpvyeyc2t2/frame_0007_rgb.png'
22:15.598  render           | Saved: '/tmp/tmpvyeyc2t2/frame_0008_depth.png'
22:15.599  render           | Saved: '/tmp/tmpvyeyc2t2/frame_0008_seg.png'
22:15.603  render           | Saved: '/tmp/tmpvyeyc2t2/frame_0008_rgb.png'
22:16.000  render           | Saved: '/tmp/tmpvyeyc2t2/frame_0009_seg.png'
22:16.002  render           | Saved: '/tmp/tmpvyeyc2t2/frame_0009_depth.png'
22:16.005  render           | Saved: '/tmp/tmpvyeyc2t2/frame_0009_rgb.png'
22:16.419  render           | Saved: '/tmp/tmpvyeyc2t2/frame_0010_seg.png'
22:16.420  render           | Saved: '/tmp/tmpvyeyc2t2/frame_0010_depth.png'
22:16.423  render           | Saved: '/tmp/tmpvyeyc2t2/frame_0010_rgb.png'
22:16.812  render           | Saved: '/tmp/tmpvyeyc2t2/frame_0011_seg.png'
22:16.813  render           | Saved: '/tmp/tmpvyeyc2t2/frame_0011_depth.png'
22:16.816  render           | Saved: '/tmp/tmpvyeyc2t2/frame_0011_rgb.png'
22:17.207  render           | Saved: '/tmp/tmpvyeyc2t2/frame_0012_depth.png'
22:17.207  render           | Saved: '/tmp/tmpvyeyc2t2/frame_0012_seg.png'
22:17.211  render           | Saved: '/tmp/tmpvyeyc2t2/frame_0012_rgb.png'
22:17.625  render           | Saved: '/tmp/tmpvyeyc2t2/frame_0013_depth.png'
22:17.626  render           | Saved: '/tmp/tmpvyeyc2t2/frame_0013_seg.png'
22:17.629  render           | Saved: '/tmp/tmpvyeyc2t2/frame_0013_rgb.png'
22:18.034  render           | Saved: '/tmp/tmpvyeyc2t2/frame_0014_depth.png'
22:18.035  render           | Saved: '/tmp/tmpvyeyc2t2/frame_0014_seg.png'
22:18.038  render           | Saved: '/tmp/tmpvyeyc2t2/frame_0014_rgb.png'
22:18.441  render           | Saved: '/tmp/tmpvyeyc2t2/frame_0015_depth.png'
22:18.442  render           | Saved: '/tmp/tmpvyeyc2t2/frame_0015_seg.png'
22:18.445  render           | Saved: '/tmp/tmpvyeyc2t2/frame_0015_rgb.png'
22:18.841  render           | Saved: '/tmp/tmpvyeyc2t2/frame_0016_depth.png'
22:18.842  render           | Saved: '/tmp/tmpvyeyc2t2/frame_0016_seg.png'
22:18.845  render           | Saved: '/tmp/tmpvyeyc2t2/frame_0016_rgb.png'
22:19.246  render           | Saved: '/tmp/tmpvyeyc2t2/frame_0017_depth.png'
22:19.247  render           | Saved: '/tmp/tmpvyeyc2t2/frame_0017_seg.png'
22:19.250  render           | Saved: '/tmp/tmpvyeyc2t2/frame_0017_rgb.png'
22:19.655  render           | Saved: '/tmp/tmpvyeyc2t2/frame_0018_seg.png'
22:19.656  render           | Saved: '/tmp/tmpvyeyc2t2/frame_0018_depth.png'
22:19.659  render           | Saved: '/tmp/tmpvyeyc2t2/frame_0018_rgb.png'
22:20.053  render           | Saved: '/tmp/tmpvyeyc2t2/frame_0019_seg.png'
22:20.054  render           | Saved: '/tmp/tmpvyeyc2t2/frame_0019_depth.png'
22:20.057  render           | Saved: '/tmp/tmpvyeyc2t2/frame_0019_rgb.png'
22:20.457  render           | Saved: '/tmp/tmpvyeyc2t2/frame_0020_seg.png'
22:20.458  render           | Saved: '/tmp/tmpvyeyc2t2/frame_0020_depth.png'
22:20.461  render           | Saved: '/tmp/tmpvyeyc2t2/frame_0020_rgb.png'
22:20.856  render           | Saved: '/tmp/tmpvyeyc2t2/frame_0021_depth.png'
22:20.857  render           | Saved: '/tmp/tmpvyeyc2t2/frame_0021_seg.png'
22:20.860  render           | Saved: '/tmp/tmpvyeyc2t2/frame_0021_rgb.png'
22:21.256  render           | Saved: '/tmp/tmpvyeyc2t2/frame_0022_depth.png'
22:21.256  render           | Saved: '/tmp/tmpvyeyc2t2/frame_0022_seg.png'
22:21.260  render           | Saved: '/tmp/tmpvyeyc2t2/frame_0022_rgb.png'
22:21.653  render           | Saved: '/tmp/tmpvyeyc2t2/frame_0023_depth.png'
22:21.654  render           | Saved: '/tmp/tmpvyeyc2t2/frame_0023_seg.png'
22:21.657  render           | Saved: '/tmp/tmpvyeyc2t2/frame_0023_rgb.png'
22:22.048  render           | Saved: '/tmp/tmpvyeyc2t2/frame_0024_depth.png'
22:22.049  render           | Saved: '/tmp/tmpvyeyc2t2/frame_0024_seg.png'
22:22.052  render           | Saved: '/tmp/tmpvyeyc2t2/frame_0024_rgb.png'
22:22.445  render           | Saved: '/tmp/tmpvyeyc2t2/frame_0025_depth.png'
22:22.446  render           | Saved: '/tmp/tmpvyeyc2t2/frame_0025_seg.png'
22:22.449  render           | Saved: '/tmp/tmpvyeyc2t2/frame_0025_rgb.png'
22:22.842  render           | Saved: '/tmp/tmpvyeyc2t2/frame_0026_depth.png'
22:22.843  render           | Saved: '/tmp/tmpvyeyc2t2/frame_0026_seg.png'
22:22.847  render           | Saved: '/tmp/tmpvyeyc2t2/frame_0026_rgb.png'
22:23.239  render           | Saved: '/tmp/tmpvyeyc2t2/frame_0027_seg.png'
22:23.240  render           | Saved: '/tmp/tmpvyeyc2t2/frame_0027_depth.png'
22:23.244  render           | Saved: '/tmp/tmpvyeyc2t2/frame_0027_rgb.png'
22:23.656  render           | Saved: '/tmp/tmpvyeyc2t2/frame_0028_seg.png'
22:23.657  render           | Saved: '/tmp/tmpvyeyc2t2/frame_0028_depth.png'
22:23.661  render           | Saved: '/tmp/tmpvyeyc2t2/frame_0028_rgb.png'
22:24.079  render           | Saved: '/tmp/tmpvyeyc2t2/frame_0029_depth.png'
22:24.079  render           | Saved: '/tmp/tmpvyeyc2t2/frame_0029_seg.png'
22:24.083  render           | Saved: '/tmp/tmpvyeyc2t2/frame_0029_rgb.png'
22:24.479  render           | Saved: '/tmp/tmpvyeyc2t2/frame_0030_depth.png'
22:24.479  render           | Saved: '/tmp/tmpvyeyc2t2/frame_0030_seg.png'
22:24.483  render           | Saved: '/tmp/tmpvyeyc2t2/frame_0030_rgb.png'
22:24.875  render           | Saved: '/tmp/tmpvyeyc2t2/frame_0031_depth.png'
22:24.876  render           | Saved: '/tmp/tmpvyeyc2t2/frame_0031_seg.png'
22:24.879  render           | Saved: '/tmp/tmpvyeyc2t2/frame_0031_rgb.png'
22:25.272  render           | Saved: '/tmp/tmpvyeyc2t2/frame_0032_depth.png'
22:25.273  render           | Saved: '/tmp/tmpvyeyc2t2/frame_0032_seg.png'
22:25.276  render           | Saved: '/tmp/tmpvyeyc2t2/frame_0032_rgb.png'
22:25.678  render           | Saved: '/tmp/tmpvyeyc2t2/frame_0033_depth.png'
22:25.679  render           | Saved: '/tmp/tmpvyeyc2t2/frame_0033_seg.png'
22:25.682  render           | Saved: '/tmp/tmpvyeyc2t2/frame_0033_rgb.png'
22:26.085  render           | Saved: '/tmp/tmpvyeyc2t2/frame_0034_depth.png'
22:26.086  render           | Saved: '/tmp/tmpvyeyc2t2/frame_0034_seg.png'
22:26.089  render           | Saved: '/tmp/tmpvyeyc2t2/frame_0034_rgb.png'
22:26.500  render           | Saved: '/tmp/tmpvyeyc2t2/frame_0035_depth.png'
22:26.501  render           | Saved: '/tmp/tmpvyeyc2t2/frame_0035_seg.png'
22:26.504  render           | Saved: '/tmp/tmpvyeyc2t2/frame_0035_rgb.png'
22:26.905  render           | Saved: '/tmp/tmpvyeyc2t2/frame_0036_seg.png'
22:26.906  render           | Saved: '/tmp/tmpvyeyc2t2/frame_0036_depth.png'
22:26.910  render           | Saved: '/tmp/tmpvyeyc2t2/frame_0036_rgb.png'
22:27.321  render           | Saved: '/tmp/tmpvyeyc2t2/frame_0037_seg.png'
22:27.322  render           | Saved: '/tmp/tmpvyeyc2t2/frame_0037_depth.png'
22:27.326  render           | Saved: '/tmp/tmpvyeyc2t2/frame_0037_rgb.png'
22:27.728  render           | Saved: '/tmp/tmpvyeyc2t2/frame_0038_depth.png'
22:27.728  render           | Saved: '/tmp/tmpvyeyc2t2/frame_0038_seg.png'
22:27.731  render           | Saved: '/tmp/tmpvyeyc2t2/frame_0038_rgb.png'
22:28.141  render           | Saved: '/tmp/tmpvyeyc2t2/frame_0039_depth.png'
22:28.143  render           | Saved: '/tmp/tmpvyeyc2t2/frame_0039_seg.png'
22:28.146  render           | Saved: '/tmp/tmpvyeyc2t2/frame_0039_rgb.png'
22:28.544  render           | Saved: '/tmp/tmpvyeyc2t2/frame_0040_depth.png'
22:28.545  render           | Saved: '/tmp/tmpvyeyc2t2/frame_0040_seg.png'
22:28.548  render           | Saved: '/tmp/tmpvyeyc2t2/frame_0040_rgb.png'
22:28.951  render           | Saved: '/tmp/tmpvyeyc2t2/frame_0041_depth.png'
22:28.952  render           | Saved: '/tmp/tmpvyeyc2t2/frame_0041_seg.png'
22:28.955  render           | Saved: '/tmp/tmpvyeyc2t2/frame_0041_rgb.png'
22:29.371  render           | Saved: '/tmp/tmpvyeyc2t2/frame_0042_depth.png'
22:29.372  render           | Saved: '/tmp/tmpvyeyc2t2/frame_0042_seg.png'
22:29.376  render           | Saved: '/tmp/tmpvyeyc2t2/frame_0042_rgb.png'
22:29.775  render           | Saved: '/tmp/tmpvyeyc2t2/frame_0043_depth.png'
22:29.775  render           | Saved: '/tmp/tmpvyeyc2t2/frame_0043_seg.png'
22:29.778  render           | Saved: '/tmp/tmpvyeyc2t2/frame_0043_rgb.png'
22:30.176  render           | Saved: '/tmp/tmpvyeyc2t2/frame_0044_depth.png'
22:30.177  render           | Saved: '/tmp/tmpvyeyc2t2/frame_0044_seg.png'
22:30.180  render           | Saved: '/tmp/tmpvyeyc2t2/frame_0044_rgb.png'
22:30.587  render           | Saved: '/tmp/tmpvyeyc2t2/frame_0045_seg.png'
22:30.588  render           | Saved: '/tmp/tmpvyeyc2t2/frame_0045_depth.png'
22:30.591  render           | Saved: '/tmp/tmpvyeyc2t2/frame_0045_rgb.png'
22:30.989  render           | Saved: '/tmp/tmpvyeyc2t2/frame_0046_seg.png'
22:30.990  render           | Saved: '/tmp/tmpvyeyc2t2/frame_0046_depth.png'
22:30.993  render           | Saved: '/tmp/tmpvyeyc2t2/frame_0046_rgb.png'
22:31.391  render           | Saved: '/tmp/tmpvyeyc2t2/frame_0047_depth.png'
22:31.392  render           | Saved: '/tmp/tmpvyeyc2t2/frame_0047_seg.png'
22:31.395  render           | Saved: '/tmp/tmpvyeyc2t2/frame_0047_rgb.png'
22:31.785  render           | Saved: '/tmp/tmpvyeyc2t2/frame_0048_depth.png'
22:31.786  render           | Saved: '/tmp/tmpvyeyc2t2/frame_0048_seg.png'
22:31.789  render           | Saved: '/tmp/tmpvyeyc2t2/frame_0048_rgb.png'
22:32.178  render           | Saved: '/tmp/tmpvyeyc2t2/frame_0049_depth.png'
22:32.179  render           | Saved: '/tmp/tmpvyeyc2t2/frame_0049_seg.png'
22:32.182  render           | Saved: '/tmp/tmpvyeyc2t2/frame_0049_rgb.png'
22:32.573  render           | Saved: '/tmp/tmpvyeyc2t2/frame_0050_depth.png'
22:32.574  render           | Saved: '/tmp/tmpvyeyc2t2/frame_0050_seg.png'
22:32.577  render           | Saved: '/tmp/tmpvyeyc2t2/frame_0050_rgb.png'
22:32.972  render           | Saved: '/tmp/tmpvyeyc2t2/frame_0051_depth.png'
22:32.973  render           | Saved: '/tmp/tmpvyeyc2t2/frame_0051_seg.png'
22:32.976  render           | Saved: '/tmp/tmpvyeyc2t2/frame_0051_rgb.png'
22:33.365  render           | Saved: '/tmp/tmpvyeyc2t2/frame_0052_depth.png'
22:33.366  render           | Saved: '/tmp/tmpvyeyc2t2/frame_0052_seg.png'
22:33.369  render           | Saved: '/tmp/tmpvyeyc2t2/frame_0052_rgb.png'
22:33.759  render           | Saved: '/tmp/tmpvyeyc2t2/frame_0053_depth.png'
22:33.760  render           | Saved: '/tmp/tmpvyeyc2t2/frame_0053_seg.png'
22:33.763  render           | Saved: '/tmp/tmpvyeyc2t2/frame_0053_rgb.png'
22:34.151  render           | Saved: '/tmp/tmpvyeyc2t2/frame_0054_seg.png'
22:34.152  render           | Saved: '/tmp/tmpvyeyc2t2/frame_0054_depth.png'
22:34.155  render           | Saved: '/tmp/tmpvyeyc2t2/frame_0054_rgb.png'
22:34.547  render           | Saved: '/tmp/tmpvyeyc2t2/frame_0055_seg.png'
22:34.548  render           | Saved: '/tmp/tmpvyeyc2t2/frame_0055_depth.png'
22:34.551  render           | Saved: '/tmp/tmpvyeyc2t2/frame_0055_rgb.png'
22:34.943  render           | Saved: '/tmp/tmpvyeyc2t2/frame_0056_depth.png'
22:34.944  render           | Saved: '/tmp/tmpvyeyc2t2/frame_0056_seg.png'
22:34.947  render           | Saved: '/tmp/tmpvyeyc2t2/frame_0056_rgb.png'
22:35.341  render           | Saved: '/tmp/tmpvyeyc2t2/frame_0057_depth.png'
22:35.342  render           | Saved: '/tmp/tmpvyeyc2t2/frame_0057_seg.png'
22:35.345  render           | Saved: '/tmp/tmpvyeyc2t2/frame_0057_rgb.png'
22:35.735  render           | Saved: '/tmp/tmpvyeyc2t2/frame_0058_depth.png'
22:35.736  render           | Saved: '/tmp/tmpvyeyc2t2/frame_0058_seg.png'
22:35.739  render           | Saved: '/tmp/tmpvyeyc2t2/frame_0058_rgb.png'
22:36.130  render           | Saved: '/tmp/tmpvyeyc2t2/frame_0059_depth.png'
22:36.131  render           | Saved: '/tmp/tmpvyeyc2t2/frame_0059_seg.png'
22:36.134  render           | Saved: '/tmp/tmpvyeyc2t2/frame_0059_rgb.png'
22:36.529  render           | Saved: '/tmp/tmpvyeyc2t2/frame_0060_depth.png'
22:36.530  render           | Saved: '/tmp/tmpvyeyc2t2/frame_0060_seg.png'
22:36.533  render           | Saved: '/tmp/tmpvyeyc2t2/frame_0060_rgb.png'
22:36.927  render           | Saved: '/tmp/tmpvyeyc2t2/frame_0061_depth.png'
22:36.928  render           | Saved: '/tmp/tmpvyeyc2t2/frame_0061_seg.png'
22:36.931  render           | Saved: '/tmp/tmpvyeyc2t2/frame_0061_rgb.png'
22:37.335  render           | Saved: '/tmp/tmpvyeyc2t2/frame_0062_depth.png'
22:37.335  render           | Saved: '/tmp/tmpvyeyc2t2/frame_0062_seg.png'
22:37.339  render           | Saved: '/tmp/tmpvyeyc2t2/frame_0062_rgb.png'
22:37.739  render           | Saved: '/tmp/tmpvyeyc2t2/frame_0063_seg.png'
22:37.740  render           | Saved: '/tmp/tmpvyeyc2t2/frame_0063_depth.png'
22:37.743  render           | Saved: '/tmp/tmpvyeyc2t2/frame_0063_rgb.png'
24:29.636  render           | Saved: '/tmp/tmp_1rkod1m/frame_0000_depth.png'
24:29.637  render           | Saved: '/tmp/tmp_1rkod1m/frame_0000_seg.png'
24:29.640  render           | Saved: '/tmp/tmp_1rkod1m/frame_0000_rgb.png'
24:30.039  render           | Saved: '/tmp/tmp_1rkod1m/frame_0001_depth.png'
24:30.040  render           | Saved: '/tmp/tmp_1rkod1m/frame_0001_seg.png'
24:30.043  render           | Saved: '/tmp/tmp_1rkod1m/frame_0001_rgb.png'
24:30.452  render           | Saved: '/tmp/tmp_1rkod1m/frame_0002_depth.png'
24:30.454  render           | Saved: '/tmp/tmp_1rkod1m/frame_0002_seg.png'
24:30.464  render           | Saved: '/tmp/tmp_1rkod1m/frame_0002_rgb.png'
24:30.854  render           | Saved: '/tmp/tmp_1rkod1m/frame_0003_seg.png'
24:30.855  render           | Saved: '/tmp/tmp_1rkod1m/frame_0003_depth.png'
24:30.858  render           | Saved: '/tmp/tmp_1rkod1m/frame_0003_rgb.png'
24:31.258  render           | Saved: '/tmp/tmp_1rkod1m/frame_0004_seg.png'
24:31.259  render           | Saved: '/tmp/tmp_1rkod1m/frame_0004_depth.png'
24:31.262  render           | Saved: '/tmp/tmp_1rkod1m/frame_0004_rgb.png'
24:31.649  render           | Saved: '/tmp/tmp_1rkod1m/frame_0005_depth.png'
24:31.650  render           | Saved: '/tmp/tmp_1rkod1m/frame_0005_seg.png'
24:31.653  render           | Saved: '/tmp/tmp_1rkod1m/frame_0005_rgb.png'
24:32.041  render           | Saved: '/tmp/tmp_1rkod1m/frame_0006_depth.png'
24:32.042  render           | Saved: '/tmp/tmp_1rkod1m/frame_0006_seg.png'
24:32.045  render           | Saved: '/tmp/tmp_1rkod1m/frame_0006_rgb.png'
24:32.425  render           | Saved: '/tmp/tmp_1rkod1m/frame_0007_depth.png'
24:32.426  render           | Saved: '/tmp/tmp_1rkod1m/frame_0007_seg.png'
24:32.429  render           | Saved: '/tmp/tmp_1rkod1m/frame_0007_rgb.png'
24:32.816  render           | Saved: '/tmp/tmp_1rkod1m/frame_0008_depth.png'
24:32.817  render           | Saved: '/tmp/tmp_1rkod1m/frame_0008_seg.png'
24:32.820  render           | Saved: '/tmp/tmp_1rkod1m/frame_0008_rgb.png'
24:33.206  render           | Saved: '/tmp/tmp_1rkod1m/frame_0009_depth.png'
24:33.207  render           | Saved: '/tmp/tmp_1rkod1m/frame_0009_seg.png'
24:33.210  render           | Saved: '/tmp/tmp_1rkod1m/frame_0009_rgb.png'
24:33.596  render           | Saved: '/tmp/tmp_1rkod1m/frame_0010_depth.png'
24:33.596  render           | Saved: '/tmp/tmp_1rkod1m/frame_0010_seg.png'
24:33.599  render           | Saved: '/tmp/tmp_1rkod1m/frame_0010_rgb.png'
24:33.980  render           | Saved: '/tmp/tmp_1rkod1m/frame_0011_depth.png'
24:33.981  render           | Saved: '/tmp/tmp_1rkod1m/frame_0011_seg.png'
24:33.984  render           | Saved: '/tmp/tmp_1rkod1m/frame_0011_rgb.png'
24:34.370  render           | Saved: '/tmp/tmp_1rkod1m/frame_0012_seg.png'
24:34.371  render           | Saved: '/tmp/tmp_1rkod1m/frame_0012_depth.png'
24:34.374  render           | Saved: '/tmp/tmp_1rkod1m/frame_0012_rgb.png'
24:34.754  render           | Saved: '/tmp/tmp_1rkod1m/frame_0013_seg.png'
24:34.755  render           | Saved: '/tmp/tmp_1rkod1m/frame_0013_depth.png'
24:34.758  render           | Saved: '/tmp/tmp_1rkod1m/frame_0013_rgb.png'
24:35.145  render           | Saved: '/tmp/tmp_1rkod1m/frame_0014_depth.png'
24:35.146  render           | Saved: '/tmp/tmp_1rkod1m/frame_0014_seg.png'
24:35.149  render           | Saved: '/tmp/tmp_1rkod1m/frame_0014_rgb.png'
24:35.538  render           | Saved: '/tmp/tmp_1rkod1m/frame_0015_depth.png'
24:35.539  render           | Saved: '/tmp/tmp_1rkod1m/frame_0015_seg.png'
24:35.542  render           | Saved: '/tmp/tmp_1rkod1m/frame_0015_rgb.png'
24:35.940  render           | Saved: '/tmp/tmp_1rkod1m/frame_0016_depth.png'
24:35.941  render           | Saved: '/tmp/tmp_1rkod1m/frame_0016_seg.png'
24:35.944  render           | Saved: '/tmp/tmp_1rkod1m/frame_0016_rgb.png'
24:36.329  render           | Saved: '/tmp/tmp_1rkod1m/frame_0017_depth.png'
24:36.329  render           | Saved: '/tmp/tmp_1rkod1m/frame_0017_seg.png'
24:36.333  render           | Saved: '/tmp/tmp_1rkod1m/frame_0017_rgb.png'
24:36.721  render           | Saved: '/tmp/tmp_1rkod1m/frame_0018_depth.png'
24:36.722  render           | Saved: '/tmp/tmp_1rkod1m/frame_0018_seg.png'
24:36.725  render           | Saved: '/tmp/tmp_1rkod1m/frame_0018_rgb.png'
24:37.127  render           | Saved: '/tmp/tmp_1rkod1m/frame_0019_depth.png'
24:37.127  render           | Saved: '/tmp/tmp_1rkod1m/frame_0019_seg.png'
24:37.131  render           | Saved: '/tmp/tmp_1rkod1m/frame_0019_rgb.png'
24:37.514  render           | Saved: '/tmp/tmp_1rkod1m/frame_0020_depth.png'
24:37.515  render           | Saved: '/tmp/tmp_1rkod1m/frame_0020_seg.png'
24:37.518  render           | Saved: '/tmp/tmp_1rkod1m/frame_0020_rgb.png'
24:37.895  render           | Saved: '/tmp/tmp_1rkod1m/frame_0021_seg.png'
24:37.895  render           | Saved: '/tmp/tmp_1rkod1m/frame_0021_depth.png'
24:37.899  render           | Saved: '/tmp/tmp_1rkod1m/frame_0021_rgb.png'
24:38.282  render           | Saved: '/tmp/tmp_1rkod1m/frame_0022_seg.png'
24:38.283  render           | Saved: '/tmp/tmp_1rkod1m/frame_0022_depth.png'
24:38.286  render           | Saved: '/tmp/tmp_1rkod1m/frame_0022_rgb.png'
24:38.676  render           | Saved: '/tmp/tmp_1rkod1m/frame_0023_depth.png'
24:38.677  render           | Saved: '/tmp/tmp_1rkod1m/frame_0023_seg.png'
24:38.680  render           | Saved: '/tmp/tmp_1rkod1m/frame_0023_rgb.png'
24:39.064  render           | Saved: '/tmp/tmp_1rkod1m/frame_0024_depth.png'
24:39.065  render           | Saved: '/tmp/tmp_1rkod1m/frame_0024_seg.png'
24:39.069  render           | Saved: '/tmp/tmp_1rkod1m/frame_0024_rgb.png'
24:39.456  render           | Saved: '/tmp/tmp_1rkod1m/frame_0025_depth.png'
24:39.457  render           | Saved: '/tmp/tmp_1rkod1m/frame_0025_seg.png'
24:39.460  render           | Saved: '/tmp/tmp_1rkod1m/frame_0025_rgb.png'
24:39.843  render           | Saved: '/tmp/tmp_1rkod1m/frame_0026_depth.png'
24:39.844  render           | Saved: '/tmp/tmp_1rkod1m/frame_0026_seg.png'
24:39.848  render           | Saved: '/tmp/tmp_1rkod1m/frame_0026_rgb.png'
24:40.231  render           | Saved: '/tmp/tmp_1rkod1m/frame_0027_depth.png'
24:40.232  render           | Saved: '/tmp/tmp_1rkod1m/frame_0027_seg.png'
24:40.235  render           | Saved: '/tmp/tmp_1rkod1m/frame_0027_rgb.png'
24:40.612  render           | Saved: '/tmp/tmp_1rkod1m/frame_0028_depth.png'
24:40.613  render           | Saved: '/tmp/tmp_1rkod1m/frame_0028_seg.png'
24:40.616  render           | Saved: '/tmp/tmp_1rkod1m/frame_0028_rgb.png'
24:40.999  render           | Saved: '/tmp/tmp_1rkod1m/frame_0029_seg.png'
24:41.000  render           | Saved: '/tmp/tmp_1rkod1m/frame_0029_depth.png'
24:41.003  render           | Saved: '/tmp/tmp_1rkod1m/frame_0029_rgb.png'
24:41.376  render           | Saved: '/tmp/tmp_1rkod1m/frame_0030_seg.png'
24:41.377  render           | Saved: '/tmp/tmp_1rkod1m/frame_0030_depth.png'
24:41.380  render           | Saved: '/tmp/tmp_1rkod1m/frame_0030_rgb.png'
24:41.754  render           | Saved: '/tmp/tmp_1rkod1m/frame_0031_seg.png'
24:41.755  render           | Saved: '/tmp/tmp_1rkod1m/frame_0031_depth.png'
24:41.758  render           | Saved: '/tmp/tmp_1rkod1m/frame_0031_rgb.png'
24:42.131  render           | Saved: '/tmp/tmp_1rkod1m/frame_0032_depth.png'
24:42.132  render           | Saved: '/tmp/tmp_1rkod1m/frame_0032_seg.png'
24:42.135  render           | Saved: '/tmp/tmp_1rkod1m/frame_0032_rgb.png'
24:42.506  render           | Saved: '/tmp/tmp_1rkod1m/frame_0033_depth.png'
24:42.507  render           | Saved: '/tmp/tmp_1rkod1m/frame_0033_seg.png'
24:42.510  render           | Saved: '/tmp/tmp_1rkod1m/frame_0033_rgb.png'
24:42.886  render           | Saved: '/tmp/tmp_1rkod1m/frame_0034_depth.png'
24:42.887  render           | Saved: '/tmp/tmp_1rkod1m/frame_0034_seg.png'
24:42.890  render           | Saved: '/tmp/tmp_1rkod1m/frame_0034_rgb.png'
24:43.269  render           | Saved: '/tmp/tmp_1rkod1m/frame_0035_depth.png'
24:43.270  render           | Saved: '/tmp/tmp_1rkod1m/frame_0035_seg.png'
24:43.273  render           | Saved: '/tmp/tmp_1rkod1m/frame_0035_rgb.png'
24:43.650  render           | Saved: '/tmp/tmp_1rkod1m/frame_0036_depth.png'
24:43.651  render           | Saved: '/tmp/tmp_1rkod1m/frame_0036_seg.png'
24:43.654  render           | Saved: '/tmp/tmp_1rkod1m/frame_0036_rgb.png'
24:44.024  render           | Saved: '/tmp/tmp_1rkod1m/frame_0037_depth.png'
24:44.025  render           | Saved: '/tmp/tmp_1rkod1m/frame_0037_seg.png'
24:44.029  render           | Saved: '/tmp/tmp_1rkod1m/frame_0037_rgb.png'
24:44.406  render           | Saved: '/tmp/tmp_1rkod1m/frame_0038_seg.png'
24:44.407  render           | Saved: '/tmp/tmp_1rkod1m/frame_0038_depth.png'
24:44.410  render           | Saved: '/tmp/tmp_1rkod1m/frame_0038_rgb.png'
24:44.785  render           | Saved: '/tmp/tmp_1rkod1m/frame_0039_seg.png'
24:44.786  render           | Saved: '/tmp/tmp_1rkod1m/frame_0039_depth.png'
24:44.789  render           | Saved: '/tmp/tmp_1rkod1m/frame_0039_rgb.png'
24:45.176  render           | Saved: '/tmp/tmp_1rkod1m/frame_0040_seg.png'
24:45.177  render           | Saved: '/tmp/tmp_1rkod1m/frame_0040_depth.png'
24:45.181  render           | Saved: '/tmp/tmp_1rkod1m/frame_0040_rgb.png'
24:45.567  render           | Saved: '/tmp/tmp_1rkod1m/frame_0041_depth.png'
24:45.568  render           | Saved: '/tmp/tmp_1rkod1m/frame_0041_seg.png'
24:45.571  render           | Saved: '/tmp/tmp_1rkod1m/frame_0041_rgb.png'
24:45.968  render           | Saved: '/tmp/tmp_1rkod1m/frame_0042_depth.png'
24:45.969  render           | Saved: '/tmp/tmp_1rkod1m/frame_0042_seg.png'
24:45.972  render           | Saved: '/tmp/tmp_1rkod1m/frame_0042_rgb.png'
24:46.349  render           | Saved: '/tmp/tmp_1rkod1m/frame_0043_depth.png'
24:46.350  render           | Saved: '/tmp/tmp_1rkod1m/frame_0043_seg.png'
24:46.353  render           | Saved: '/tmp/tmp_1rkod1m/frame_0043_rgb.png'
24:46.730  render           | Saved: '/tmp/tmp_1rkod1m/frame_0044_depth.png'
24:46.731  render           | Saved: '/tmp/tmp_1rkod1m/frame_0044_seg.png'
24:46.734  render           | Saved: '/tmp/tmp_1rkod1m/frame_0044_rgb.png'
24:47.106  render           | Saved: '/tmp/tmp_1rkod1m/frame_0045_depth.png'
24:47.107  render           | Saved: '/tmp/tmp_1rkod1m/frame_0045_seg.png'
24:47.110  render           | Saved: '/tmp/tmp_1rkod1m/frame_0045_rgb.png'
24:47.497  render           | Saved: '/tmp/tmp_1rkod1m/frame_0046_depth.png'
24:47.498  render           | Saved: '/tmp/tmp_1rkod1m/frame_0046_seg.png'
24:47.501  render           | Saved: '/tmp/tmp_1rkod1m/frame_0046_rgb.png'
24:47.882  render           | Saved: '/tmp/tmp_1rkod1m/frame_0047_seg.png'
24:47.883  render           | Saved: '/tmp/tmp_1rkod1m/frame_0047_depth.png'
24:47.886  render           | Saved: '/tmp/tmp_1rkod1m/frame_0047_rgb.png'
24:48.272  render           | Saved: '/tmp/tmp_1rkod1m/frame_0048_seg.png'
24:48.273  render           | Saved: '/tmp/tmp_1rkod1m/frame_0048_depth.png'
24:48.276  render           | Saved: '/tmp/tmp_1rkod1m/frame_0048_rgb.png'
24:48.649  render           | Saved: '/tmp/tmp_1rkod1m/frame_0049_depth.png'
24:48.650  render           | Saved: '/tmp/tmp_1rkod1m/frame_0049_seg.png'
24:48.653  render           | Saved: '/tmp/tmp_1rkod1m/frame_0049_rgb.png'
24:49.030  render           | Saved: '/tmp/tmp_1rkod1m/frame_0050_depth.png'
24:49.031  render           | Saved: '/tmp/tmp_1rkod1m/frame_0050_seg.png'
24:49.034  render           | Saved: '/tmp/tmp_1rkod1m/frame_0050_rgb.png'
24:49.408  render           | Saved: '/tmp/tmp_1rkod1m/frame_0051_depth.png'
24:49.409  render           | Saved: '/tmp/tmp_1rkod1m/frame_0051_seg.png'
24:49.412  render           | Saved: '/tmp/tmp_1rkod1m/frame_0051_rgb.png'
24:49.788  render           | Saved: '/tmp/tmp_1rkod1m/frame_0052_depth.png'
24:49.788  render           | Saved: '/tmp/tmp_1rkod1m/frame_0052_seg.png'
24:49.791  render           | Saved: '/tmp/tmp_1rkod1m/frame_0052_rgb.png'
24:50.166  render           | Saved: '/tmp/tmp_1rkod1m/frame_0053_depth.png'
24:50.167  render           | Saved: '/tmp/tmp_1rkod1m/frame_0053_seg.png'
24:50.170  render           | Saved: '/tmp/tmp_1rkod1m/frame_0053_rgb.png'
24:50.551  render           | Saved: '/tmp/tmp_1rkod1m/frame_0054_depth.png'
24:50.552  render           | Saved: '/tmp/tmp_1rkod1m/frame_0054_seg.png'
24:50.555  render           | Saved: '/tmp/tmp_1rkod1m/frame_0054_rgb.png'
24:50.976  render           | Saved: '/tmp/tmp_1rkod1m/frame_0055_depth.png'
24:50.977  render           | Saved: '/tmp/tmp_1rkod1m/frame_0055_seg.png'
24:50.980  render           | Saved: '/tmp/tmp_1rkod1m/frame_0055_rgb.png'
24:51.367  render           | Saved: '/tmp/tmp_1rkod1m/frame_0056_seg.png'
24:51.368  render           | Saved: '/tmp/tmp_1rkod1m/frame_0056_depth.png'
24:51.371  render           | Saved: '/tmp/tmp_1rkod1m/frame_0056_rgb.png'
24:51.743  render           | Saved: '/tmp/tmp_1rkod1m/frame_0057_seg.png'
24:51.744  render           | Saved: '/tmp/tmp_1rkod1m/frame_0057_depth.png'
24:51.747  render           | Saved: '/tmp/tmp_1rkod1m/frame_0057_rgb.png'
24:52.132  render           | Saved: '/tmp/tmp_1rkod1m/frame_0058_depth.png'
24:52.133  render           | Saved: '/tmp/tmp_1rkod1m/frame_0058_seg.png'
24:52.136  render           | Saved: '/tmp/tmp_1rkod1m/frame_0058_rgb.png'
24:52.508  render           | Saved: '/tmp/tmp_1rkod1m/frame_0059_depth.png'
24:52.509  render           | Saved: '/tmp/tmp_1rkod1m/frame_0059_seg.png'
24:52.512  render           | Saved: '/tmp/tmp_1rkod1m/frame_0059_rgb.png'
24:52.891  render           | Saved: '/tmp/tmp_1rkod1m/frame_0060_depth.png'
24:52.892  render           | Saved: '/tmp/tmp_1rkod1m/frame_0060_seg.png'
24:52.895  render           | Saved: '/tmp/tmp_1rkod1m/frame_0060_rgb.png'
24:53.278  render           | Saved: '/tmp/tmp_1rkod1m/frame_0061_depth.png'
24:53.279  render           | Saved: '/tmp/tmp_1rkod1m/frame_0061_seg.png'
24:53.282  render           | Saved: '/tmp/tmp_1rkod1m/frame_0061_rgb.png'
24:53.676  render           | Saved: '/tmp/tmp_1rkod1m/frame_0062_depth.png'
24:53.677  render           | Saved: '/tmp/tmp_1rkod1m/frame_0062_seg.png'
24:53.680  render           | Saved: '/tmp/tmp_1rkod1m/frame_0062_rgb.png'
24:54.062  render           | Saved: '/tmp/tmp_1rkod1m/frame_0063_depth.png'
24:54.063  render           | Saved: '/tmp/tmp_1rkod1m/frame_0063_seg.png'
24:54.066  render           | Saved: '/tmp/tmp_1rkod1m/frame_0063_rgb.png'
24:54.530  render           | Saved: '/tmp/tmpgu__yzpo/frame_0000_depth.png'
24:54.531  render           | Saved: '/tmp/tmpgu__yzpo/frame_0000_seg.png'
24:54.534  render           | Saved: '/tmp/tmpgu__yzpo/frame_0000_rgb.png'
24:54.907  render           | Saved: '/tmp/tmpgu__yzpo/frame_0001_depth.png'
24:54.908  render           | Saved: '/tmp/tmpgu__yzpo/frame_0001_seg.png'
24:54.911  render           | Saved: '/tmp/tmpgu__yzpo/frame_0001_rgb.png'
24:55.288  render           | Saved: '/tmp/tmpgu__yzpo/frame_0002_depth.png'
24:55.289  render           | Saved: '/tmp/tmpgu__yzpo/frame_0002_seg.png'
24:55.293  render           | Saved: '/tmp/tmpgu__yzpo/frame_0002_rgb.png'
24:55.666  render           | Saved: '/tmp/tmpgu__yzpo/frame_0003_depth.png'
24:55.667  render           | Saved: '/tmp/tmpgu__yzpo/frame_0003_seg.png'
24:55.671  render           | Saved: '/tmp/tmpgu__yzpo/frame_0003_rgb.png'
24:56.038  render           | Saved: '/tmp/tmpgu__yzpo/frame_0004_depth.png'
24:56.039  render           | Saved: '/tmp/tmpgu__yzpo/frame_0004_seg.png'
24:56.042  render           | Saved: '/tmp/tmpgu__yzpo/frame_0004_rgb.png'
24:56.411  render           | Saved: '/tmp/tmpgu__yzpo/frame_0005_seg.png'
24:56.412  render           | Saved: '/tmp/tmpgu__yzpo/frame_0005_depth.png'
24:56.415  render           | Saved: '/tmp/tmpgu__yzpo/frame_0005_rgb.png'
24:56.792  render           | Saved: '/tmp/tmpgu__yzpo/frame_0006_seg.png'
24:56.793  render           | Saved: '/tmp/tmpgu__yzpo/frame_0006_depth.png'
24:56.796  render           | Saved: '/tmp/tmpgu__yzpo/frame_0006_rgb.png'
24:57.162  render           | Saved: '/tmp/tmpgu__yzpo/frame_0007_depth.png'
24:57.163  render           | Saved: '/tmp/tmpgu__yzpo/frame_0007_seg.png'
24:57.166  render           | Saved: '/tmp/tmpgu__yzpo/frame_0007_rgb.png'
24:57.542  render           | Saved: '/tmp/tmpgu__yzpo/frame_0008_depth.png'
24:57.543  render           | Saved: '/tmp/tmpgu__yzpo/frame_0008_seg.png'
24:57.546  render           | Saved: '/tmp/tmpgu__yzpo/frame_0008_rgb.png'
24:57.918  render           | Saved: '/tmp/tmpgu__yzpo/frame_0009_depth.png'
24:57.919  render           | Saved: '/tmp/tmpgu__yzpo/frame_0009_seg.png'
24:57.922  render           | Saved: '/tmp/tmpgu__yzpo/frame_0009_rgb.png'
24:58.288  render           | Saved: '/tmp/tmpgu__yzpo/frame_0010_depth.png'
24:58.289  render           | Saved: '/tmp/tmpgu__yzpo/frame_0010_seg.png'
24:58.292  render           | Saved: '/tmp/tmpgu__yzpo/frame_0010_rgb.png'
24:58.681  render           | Saved: '/tmp/tmpgu__yzpo/frame_0011_depth.png'
24:58.682  render           | Saved: '/tmp/tmpgu__yzpo/frame_0011_seg.png'
24:58.685  render           | Saved: '/tmp/tmpgu__yzpo/frame_0011_rgb.png'
24:59.056  render           | Saved: '/tmp/tmpgu__yzpo/frame_0012_depth.png'
24:59.057  render           | Saved: '/tmp/tmpgu__yzpo/frame_0012_seg.png'
24:59.061  render           | Saved: '/tmp/tmpgu__yzpo/frame_0012_rgb.png'
24:59.431  render           | Saved: '/tmp/tmpgu__yzpo/frame_0013_depth.png'
24:59.432  render           | Saved: '/tmp/tmpgu__yzpo/frame_0013_seg.png'
24:59.435  render           | Saved: '/tmp/tmpgu__yzpo/frame_0013_rgb.png'
24:59.817  render           | Saved: '/tmp/tmpgu__yzpo/frame_0014_seg.png'
24:59.818  render           | Saved: '/tmp/tmpgu__yzpo/frame_0014_depth.png'
24:59.821  render           | Saved: '/tmp/tmpgu__yzpo/frame_0014_rgb.png'
25:00.203  render           | Saved: '/tmp/tmpgu__yzpo/frame_0015_seg.png'
25:00.204  render           | Saved: '/tmp/tmpgu__yzpo/frame_0015_depth.png'
25:00.207  render           | Saved: '/tmp/tmpgu__yzpo/frame_0015_rgb.png'
25:00.581  render           | Saved: '/tmp/tmpgu__yzpo/frame_0016_depth.png'
25:00.582  render           | Saved: '/tmp/tmpgu__yzpo/frame_0016_seg.png'
25:00.585  render           | Saved: '/tmp/tmpgu__yzpo/frame_0016_rgb.png'
25:00.968  render           | Saved: '/tmp/tmpgu__yzpo/frame_0017_depth.png'
25:00.973  render           | Saved: '/tmp/tmpgu__yzpo/frame_0017_seg.png'
25:00.978  render           | Saved: '/tmp/tmpgu__yzpo/frame_0017_rgb.png'
25:01.348  render           | Saved: '/tmp/tmpgu__yzpo/frame_0018_depth.png'
25:01.349  render           | Saved: '/tmp/tmpgu__yzpo/frame_0018_seg.png'
25:01.352  render           | Saved: '/tmp/tmpgu__yzpo/frame_0018_rgb.png'
25:01.717  render           | Saved: '/tmp/tmpgu__yzpo/frame_0019_depth.png'
25:01.718  render           | Saved: '/tmp/tmpgu__yzpo/frame_0019_seg.png'
25:01.721  render           | Saved: '/tmp/tmpgu__yzpo/frame_0019_rgb.png'
25:02.088  render           | Saved: '/tmp/tmpgu__yzpo/frame_0020_depth.png'
25:02.089  render           | Saved: '/tmp/tmpgu__yzpo/frame_0020_seg.png'
25:02.092  render           | Saved: '/tmp/tmpgu__yzpo/frame_0020_rgb.png'
25:02.460  render           | Saved: '/tmp/tmpgu__yzpo/frame_0021_depth.png'
25:02.461  render           | Saved: '/tmp/tmpgu__yzpo/frame_0021_seg.png'
25:02.464  render           | Saved: '/tmp/tmpgu__yzpo/frame_0021_rgb.png'
25:02.834  render           | Saved: '/tmp/tmpgu__yzpo/frame_0022_depth.png'
25:02.834  render           | Saved: '/tmp/tmpgu__yzpo/frame_0022_seg.png'
25:02.838  render           | Saved: '/tmp/tmpgu__yzpo/frame_0022_rgb.png'
25:03.207  render           | Saved: '/tmp/tmpgu__yzpo/frame_0023_seg.png'
25:03.208  render           | Saved: '/tmp/tmpgu__yzpo/frame_0023_depth.png'
25:03.211  render           | Saved: '/tmp/tmpgu__yzpo/frame_0023_rgb.png'
25:03.586  render           | Saved: '/tmp/tmpgu__yzpo/frame_0024_seg.png'
25:03.587  render           | Saved: '/tmp/tmpgu__yzpo/frame_0024_depth.png'
25:03.590  render           | Saved: '/tmp/tmpgu__yzpo/frame_0024_rgb.png'
25:03.959  render           | Saved: '/tmp/tmpgu__yzpo/frame_0025_depth.png'
25:03.959  render           | Saved: '/tmp/tmpgu__yzpo/frame_0025_seg.png'
25:03.963  render           | Saved: '/tmp/tmpgu__yzpo/frame_0025_rgb.png'
25:04.334  render           | Saved: '/tmp/tmpgu__yzpo/frame_0026_depth.png'
25:04.335  render           | Saved: '/tmp/tmpgu__yzpo/frame_0026_seg.png'
25:04.339  render           | Saved: '/tmp/tmpgu__yzpo/frame_0026_rgb.png'
25:04.709  render           | Saved: '/tmp/tmpgu__yzpo/frame_0027_depth.png'
25:04.710  render           | Saved: '/tmp/tmpgu__yzpo/frame_0027_seg.png'
25:04.713  render           | Saved: '/tmp/tmpgu__yzpo/frame_0027_rgb.png'
25:05.082  render           | Saved: '/tmp/tmpgu__yzpo/frame_0028_depth.png'
25:05.083  render           | Saved: '/tmp/tmpgu__yzpo/frame_0028_seg.png'
25:05.086  render           | Saved: '/tmp/tmpgu__yzpo/frame_0028_rgb.png'
25:05.470  render           | Saved: '/tmp/tmpgu__yzpo/frame_0029_depth.png'
25:05.471  render           | Saved: '/tmp/tmpgu__yzpo/frame_0029_seg.png'
25:05.474  render           | Saved: '/tmp/tmpgu__yzpo/frame_0029_rgb.png'
25:05.852  render           | Saved: '/tmp/tmpgu__yzpo/frame_0030_depth.png'
25:05.853  render           | Saved: '/tmp/tmpgu__yzpo/frame_0030_seg.png'
25:05.857  render           | Saved: '/tmp/tmpgu__yzpo/frame_0030_rgb.png'
25:06.236  render           | Saved: '/tmp/tmpgu__yzpo/frame_0031_depth.png'
25:06.237  render           | Saved: '/tmp/tmpgu__yzpo/frame_0031_seg.png'
25:06.241  render           | Saved: '/tmp/tmpgu__yzpo/frame_0031_rgb.png'
25:06.619  render           | Saved: '/tmp/tmpgu__yzpo/frame_0032_seg.png'
25:06.620  render           | Saved: '/tmp/tmpgu__yzpo/frame_0032_depth.png'
25:06.624  render           | Saved: '/tmp/tmpgu__yzpo/frame_0032_rgb.png'
25:07.002  render           | Saved: '/tmp/tmpgu__yzpo/frame_0033_seg.png'
25:07.003  render           | Saved: '/tmp/tmpgu__yzpo/frame_0033_depth.png'
25:07.006  render           | Saved: '/tmp/tmpgu__yzpo/frame_0033_rgb.png'
25:07.378  render           | Saved: '/tmp/tmpgu__yzpo/frame_0034_depth.png'
25:07.379  render           | Saved: '/tmp/tmpgu__yzpo/frame_0034_seg.png'
25:07.382  render           | Saved: '/tmp/tmpgu__yzpo/frame_0034_rgb.png'
25:07.752  render           | Saved: '/tmp/tmpgu__yzpo/frame_0035_depth.png'
25:07.753  render           | Saved: '/tmp/tmpgu__yzpo/frame_0035_seg.png'
25:07.756  render           | Saved: '/tmp/tmpgu__yzpo/frame_0035_rgb.png'
25:08.134  render           | Saved: '/tmp/tmpgu__yzpo/frame_0036_depth.png'
25:08.135  render           | Saved: '/tmp/tmpgu__yzpo/frame_0036_seg.png'
25:08.138  render           | Saved: '/tmp/tmpgu__yzpo/frame_0036_rgb.png'
25:08.511  render           | Saved: '/tmp/tmpgu__yzpo/frame_0037_depth.png'
25:08.512  render           | Saved: '/tmp/tmpgu__yzpo/frame_0037_seg.png'
25:08.516  render           | Saved: '/tmp/tmpgu__yzpo/frame_0037_rgb.png'
25:08.890  render           | Saved: '/tmp/tmpgu__yzpo/frame_0038_depth.png'
25:08.890  render           | Saved: '/tmp/tmpgu__yzpo/frame_0038_seg.png'
25:08.893  render           | Saved: '/tmp/tmpgu__yzpo/frame_0038_rgb.png'
25:09.265  render           | Saved: '/tmp/tmpgu__yzpo/frame_0039_depth.png'
25:09.266  render           | Saved: '/tmp/tmpgu__yzpo/frame_0039_seg.png'
25:09.269  render           | Saved: '/tmp/tmpgu__yzpo/frame_0039_rgb.png'
25:09.653  render           | Saved: '/tmp/tmpgu__yzpo/frame_0040_depth.png'
25:09.654  render           | Saved: '/tmp/tmpgu__yzpo/frame_0040_seg.png'
25:09.657  render           | Saved: '/tmp/tmpgu__yzpo/frame_0040_rgb.png'
25:10.022  render           | Saved: '/tmp/tmpgu__yzpo/frame_0041_seg.png'
25:10.023  render           | Saved: '/tmp/tmpgu__yzpo/frame_0041_depth.png'
25:10.026  render           | Saved: '/tmp/tmpgu__yzpo/frame_0041_rgb.png'
25:10.415  render           | Saved: '/tmp/tmpgu__yzpo/frame_0042_seg.png'
25:10.416  render           | Saved: '/tmp/tmpgu__yzpo/frame_0042_depth.png'
25:10.419  render           | Saved: '/tmp/tmpgu__yzpo/frame_0042_rgb.png'
25:10.792  render           | Saved: '/tmp/tmpgu__yzpo/frame_0043_depth.png'
25:10.793  render           | Saved: '/tmp/tmpgu__yzpo/frame_0043_seg.png'
25:10.796  render           | Saved: '/tmp/tmpgu__yzpo/frame_0043_rgb.png'
25:11.175  render           | Saved: '/tmp/tmpgu__yzpo/frame_0044_depth.png'
25:11.175  render           | Saved: '/tmp/tmpgu__yzpo/frame_0044_seg.png'
25:11.178  render           | Saved: '/tmp/tmpgu__yzpo/frame_0044_rgb.png'
25:11.545  render           | Saved: '/tmp/tmpgu__yzpo/frame_0045_depth.png'
25:11.545  render           | Saved: '/tmp/tmpgu__yzpo/frame_0045_seg.png'
25:11.549  render           | Saved: '/tmp/tmpgu__yzpo/frame_0045_rgb.png'
25:11.921  render           | Saved: '/tmp/tmpgu__yzpo/frame_0046_depth.png'
25:11.922  render           | Saved: '/tmp/tmpgu__yzpo/frame_0046_seg.png'
25:11.925  render           | Saved: '/tmp/tmpgu__yzpo/frame_0046_rgb.png'
25:12.295  render           | Saved: '/tmp/tmpgu__yzpo/frame_0047_depth.png'
25:12.295  render           | Saved: '/tmp/tmpgu__yzpo/frame_0047_seg.png'
25:12.298  render           | Saved: '/tmp/tmpgu__yzpo/frame_0047_rgb.png'
25:12.665  render           | Saved: '/tmp/tmpgu__yzpo/frame_0048_depth.png'
25:12.666  render           | Saved: '/tmp/tmpgu__yzpo/frame_0048_seg.png'
25:12.669  render           | Saved: '/tmp/tmpgu__yzpo/frame_0048_rgb.png'
25:13.038  render           | Saved: '/tmp/tmpgu__yzpo/frame_0049_seg.png'
25:13.039  render           | Saved: '/tmp/tmpgu__yzpo/frame_0049_depth.png'
25:13.042  render           | Saved: '/tmp/tmpgu__yzpo/frame_0049_rgb.png'
25:13.412  render           | Saved: '/tmp/tmpgu__yzpo/frame_0050_seg.png'
25:13.413  render           | Saved: '/tmp/tmpgu__yzpo/frame_0050_depth.png'
25:13.416  render           | Saved: '/tmp/tmpgu__yzpo/frame_0050_rgb.png'
25:13.783  render           | Saved: '/tmp/tmpgu__yzpo/frame_0051_seg.png'
25:13.784  render           | Saved: '/tmp/tmpgu__yzpo/frame_0051_depth.png'
25:13.787  render           | Saved: '/tmp/tmpgu__yzpo/frame_0051_rgb.png'
25:14.159  render           | Saved: '/tmp/tmpgu__yzpo/frame_0052_depth.png'
25:14.160  render           | Saved: '/tmp/tmpgu__yzpo/frame_0052_seg.png'
25:14.163  render           | Saved: '/tmp/tmpgu__yzpo/frame_0052_rgb.png'
25:14.528  render           | Saved: '/tmp/tmpgu__yzpo/frame_0053_depth.png'
25:14.529  render           | Saved: '/tmp/tmpgu__yzpo/frame_0053_seg.png'
25:14.532  render           | Saved: '/tmp/tmpgu__yzpo/frame_0053_rgb.png'
25:14.900  render           | Saved: '/tmp/tmpgu__yzpo/frame_0054_depth.png'
25:14.901  render           | Saved: '/tmp/tmpgu__yzpo/frame_0054_seg.png'
25:14.904  render           | Saved: '/tmp/tmpgu__yzpo/frame_0054_rgb.png'
25:15.282  render           | Saved: '/tmp/tmpgu__yzpo/frame_0055_depth.png'
25:15.283  render           | Saved: '/tmp/tmpgu__yzpo/frame_0055_seg.png'
25:15.286  render           | Saved: '/tmp/tmpgu__yzpo/frame_0055_rgb.png'
25:15.669  render           | Saved: '/tmp/tmpgu__yzpo/frame_0056_depth.png'
25:15.670  render           | Saved: '/tmp/tmpgu__yzpo/frame_0056_seg.png'
25:15.674  render           | Saved: '/tmp/tmpgu__yzpo/frame_0056_rgb.png'
25:16.045  render           | Saved: '/tmp/tmpgu__yzpo/frame_0057_depth.png'
25:16.046  render           | Saved: '/tmp/tmpgu__yzpo/frame_0057_seg.png'
25:16.049  render           | Saved: '/tmp/tmpgu__yzpo/frame_0057_rgb.png'
25:16.428  render           | Saved: '/tmp/tmpgu__yzpo/frame_0058_seg.png'
25:16.429  render           | Saved: '/tmp/tmpgu__yzpo/frame_0058_depth.png'
25:16.432  render           | Saved: '/tmp/tmpgu__yzpo/frame_0058_rgb.png'
25:16.811  render           | Saved: '/tmp/tmpgu__yzpo/frame_0059_seg.png'
25:16.812  render           | Saved: '/tmp/tmpgu__yzpo/frame_0059_depth.png'
25:16.815  render           | Saved: '/tmp/tmpgu__yzpo/frame_0059_rgb.png'
25:17.190  render           | Saved: '/tmp/tmpgu__yzpo/frame_0060_seg.png'
25:17.191  render           | Saved: '/tmp/tmpgu__yzpo/frame_0060_depth.png'
25:17.195  render           | Saved: '/tmp/tmpgu__yzpo/frame_0060_rgb.png'
25:17.582  render           | Saved: '/tmp/tmpgu__yzpo/frame_0061_depth.png'
25:17.583  render           | Saved: '/tmp/tmpgu__yzpo/frame_0061_seg.png'
25:17.587  render           | Saved: '/tmp/tmpgu__yzpo/frame_0061_rgb.png'
25:17.968  render           | Saved: '/tmp/tmpgu__yzpo/frame_0062_depth.png'
25:17.969  render           | Saved: '/tmp/tmpgu__yzpo/frame_0062_seg.png'
25:17.972  render           | Saved: '/tmp/tmpgu__yzpo/frame_0062_rgb.png'
25:18.363  render           | Saved: '/tmp/tmpgu__yzpo/frame_0063_depth.png'
25:18.364  render           | Saved: '/tmp/tmpgu__yzpo/frame_0063_seg.png'
25:18.368  render           | Saved: '/tmp/tmpgu__yzpo/frame_0063_rgb.png'
27:12.149  render           | Saved: '/tmp/tmpzbw2yz3b/frame_0000_depth.png'
27:12.150  render           | Saved: '/tmp/tmpzbw2yz3b/frame_0000_seg.png'
27:12.153  render           | Saved: '/tmp/tmpzbw2yz3b/frame_0000_rgb.png'
27:12.544  render           | Saved: '/tmp/tmpzbw2yz3b/frame_0001_depth.png'
27:12.545  render           | Saved: '/tmp/tmpzbw2yz3b/frame_0001_seg.png'
27:12.548  render           | Saved: '/tmp/tmpzbw2yz3b/frame_0001_rgb.png'
27:12.934  render           | Saved: '/tmp/tmpzbw2yz3b/frame_0002_depth.png'
27:12.935  render           | Saved: '/tmp/tmpzbw2yz3b/frame_0002_seg.png'
27:12.938  render           | Saved: '/tmp/tmpzbw2yz3b/frame_0002_rgb.png'
27:13.318  render           | Saved: '/tmp/tmpzbw2yz3b/frame_0003_depth.png'
27:13.319  render           | Saved: '/tmp/tmpzbw2yz3b/frame_0003_seg.png'
27:13.322  render           | Saved: '/tmp/tmpzbw2yz3b/frame_0003_rgb.png'
27:13.732  render           | Saved: '/tmp/tmpzbw2yz3b/frame_0004_seg.png'
27:13.732  render           | Saved: '/tmp/tmpzbw2yz3b/frame_0004_depth.png'
27:13.736  render           | Saved: '/tmp/tmpzbw2yz3b/frame_0004_rgb.png'
27:14.126  render           | Saved: '/tmp/tmpzbw2yz3b/frame_0005_seg.png'
27:14.127  render           | Saved: '/tmp/tmpzbw2yz3b/frame_0005_depth.png'
27:14.130  render           | Saved: '/tmp/tmpzbw2yz3b/frame_0005_rgb.png'
27:14.522  render           | Saved: '/tmp/tmpzbw2yz3b/frame_0006_depth.png'
27:14.523  render           | Saved: '/tmp/tmpzbw2yz3b/frame_0006_seg.png'
27:14.526  render           | Saved: '/tmp/tmpzbw2yz3b/frame_0006_rgb.png'
27:14.924  render           | Saved: '/tmp/tmpzbw2yz3b/frame_0007_depth.png'
27:14.925  render           | Saved: '/tmp/tmpzbw2yz3b/frame_0007_seg.png'
27:14.927  render           | Saved: '/tmp/tmpzbw2yz3b/frame_0007_rgb.png'
27:15.336  render           | Saved: '/tmp/tmpzbw2yz3b/frame_0008_depth.png'
27:15.337  render           | Saved: '/tmp/tmpzbw2yz3b/frame_0008_seg.png'
27:15.340  render           | Saved: '/tmp/tmpzbw2yz3b/frame_0008_rgb.png'
27:15.734  render           | Saved: '/tmp/tmpzbw2yz3b/frame_0009_depth.png'
27:15.735  render           | Saved: '/tmp/tmpzbw2yz3b/frame_0009_seg.png'
27:15.738  render           | Saved: '/tmp/tmpzbw2yz3b/frame_0009_rgb.png'
27:16.136  render           | Saved: '/tmp/tmpzbw2yz3b/frame_0010_depth.png'
27:16.136  render           | Saved: '/tmp/tmpzbw2yz3b/frame_0010_seg.png'
27:16.140  render           | Saved: '/tmp/tmpzbw2yz3b/frame_0010_rgb.png'
27:16.531  render           | Saved: '/tmp/tmpzbw2yz3b/frame_0011_depth.png'
27:16.532  render           | Saved: '/tmp/tmpzbw2yz3b/frame_0011_seg.png'
27:16.535  render           | Saved: '/tmp/tmpzbw2yz3b/frame_0011_rgb.png'
27:16.943  render           | Saved: '/tmp/tmpzbw2yz3b/frame_0012_depth.png'
27:16.944  render           | Saved: '/tmp/tmpzbw2yz3b/frame_0012_seg.png'
27:16.947  render           | Saved: '/tmp/tmpzbw2yz3b/frame_0012_rgb.png'
27:17.337  render           | Saved: '/tmp/tmpzbw2yz3b/frame_0013_seg.png'
27:17.338  render           | Saved: '/tmp/tmpzbw2yz3b/frame_0013_depth.png'
27:17.341  render           | Saved: '/tmp/tmpzbw2yz3b/frame_0013_rgb.png'
27:17.744  render           | Saved: '/tmp/tmpzbw2yz3b/frame_0014_seg.png'
27:17.745  render           | Saved: '/tmp/tmpzbw2yz3b/frame_0014_depth.png'
27:17.749  render           | Saved: '/tmp/tmpzbw2yz3b/frame_0014_rgb.png'
27:18.175  render           | Saved: '/tmp/tmpzbw2yz3b/frame_0015_depth.png'
27:18.176  render           | Saved: '/tmp/tmpzbw2yz3b/frame_0015_seg.png'
27:18.179  render           | Saved: '/tmp/tmpzbw2yz3b/frame_0015_rgb.png'
27:18.588  render           | Saved: '/tmp/tmpzbw2yz3b/frame_0016_depth.png'
27:18.589  render           | Saved: '/tmp/tmpzbw2yz3b/frame_0016_seg.png'
27:18.593  render           | Saved: '/tmp/tmpzbw2yz3b/frame_0016_rgb.png'
27:19.006  render           | Saved: '/tmp/tmpzbw2yz3b/frame_0017_depth.png'
27:19.006  render           | Saved: '/tmp/tmpzbw2yz3b/frame_0017_seg.png'
27:19.010  render           | Saved: '/tmp/tmpzbw2yz3b/frame_0017_rgb.png'
27:19.407  render           | Saved: '/tmp/tmpzbw2yz3b/frame_0018_depth.png'
27:19.408  render           | Saved: '/tmp/tmpzbw2yz3b/frame_0018_seg.png'
27:19.411  render           | Saved: '/tmp/tmpzbw2yz3b/frame_0018_rgb.png'
27:19.810  render           | Saved: '/tmp/tmpzbw2yz3b/frame_0019_depth.png'
27:19.811  render           | Saved: '/tmp/tmpzbw2yz3b/frame_0019_seg.png'
27:19.814  render           | Saved: '/tmp/tmpzbw2yz3b/frame_0019_rgb.png'
27:20.215  render           | Saved: '/tmp/tmpzbw2yz3b/frame_0020_depth.png'
27:20.215  render           | Saved: '/tmp/tmpzbw2yz3b/frame_0020_seg.png'
27:20.219  render           | Saved: '/tmp/tmpzbw2yz3b/frame_0020_rgb.png'
27:20.623  render           | Saved: '/tmp/tmpzbw2yz3b/frame_0021_depth.png'
27:20.623  render           | Saved: '/tmp/tmpzbw2yz3b/frame_0021_seg.png'
27:20.627  render           | Saved: '/tmp/tmpzbw2yz3b/frame_0021_rgb.png'
27:21.019  render           | Saved: '/tmp/tmpzbw2yz3b/frame_0022_seg.png'
27:21.020  render           | Saved: '/tmp/tmpzbw2yz3b/frame_0022_depth.png'
27:21.023  render           | Saved: '/tmp/tmpzbw2yz3b/frame_0022_rgb.png'
27:21.432  render           | Saved: '/tmp/tmpzbw2yz3b/frame_0023_seg.png'
27:21.433  render           | Saved: '/tmp/tmpzbw2yz3b/frame_0023_depth.png'
27:21.436  render           | Saved: '/tmp/tmpzbw2yz3b/frame_0023_rgb.png'
27:21.831  render           | Saved: '/tmp/tmpzbw2yz3b/frame_0024_depth.png'
27:21.832  render           | Saved: '/tmp/tmpzbw2yz3b/frame_0024_seg.png'
27:21.835  render           | Saved: '/tmp/tmpzbw2yz3b/frame_0024_rgb.png'
27:22.223  render           | Saved: '/tmp/tmpzbw2yz3b/frame_0025_depth.png'
27:22.224  render           | Saved: '/tmp/tmpzbw2yz3b/frame_0025_seg.png'
27:22.227  render           | Saved: '/tmp/tmpzbw2yz3b/frame_0025_rgb.png'
27:22.621  render           | Saved: '/tmp/tmpzbw2yz3b/frame_0026_depth.png'
27:22.622  render           | Saved: '/tmp/tmpzbw2yz3b/frame_0026_seg.png'
27:22.625  render           | Saved: '/tmp/tmpzbw2yz3b/frame_0026_rgb.png'
27:23.015  render           | Saved: '/tmp/tmpzbw2yz3b/frame_0027_depth.png'
27:23.016  render           | Saved: '/tmp/tmpzbw2yz3b/frame_0027_seg.png'
27:23.019  render           | Saved: '/tmp/tmpzbw2yz3b/frame_0027_rgb.png'
27:23.408  render           | Saved: '/tmp/tmpzbw2yz3b/frame_0028_depth.png'
27:23.409  render           | Saved: '/tmp/tmpzbw2yz3b/frame_0028_seg.png'
27:23.412  render           | Saved: '/tmp/tmpzbw2yz3b/frame_0028_rgb.png'
27:23.806  render           | Saved: '/tmp/tmpzbw2yz3b/frame_0029_depth.png'
27:23.807  render           | Saved: '/tmp/tmpzbw2yz3b/frame_0029_seg.png'
27:23.811  render           | Saved: '/tmp/tmpzbw2yz3b/frame_0029_rgb.png'
27:24.200  render           | Saved: '/tmp/tmpzbw2yz3b/frame_0030_depth.png'
27:24.201  render           | Saved: '/tmp/tmpzbw2yz3b/frame_0030_seg.png'
27:24.204  render           | Saved: '/tmp/tmpzbw2yz3b/frame_0030_rgb.png'
27:24.598  render           | Saved: '/tmp/tmpzbw2yz3b/frame_0031_seg.png'
27:24.599  render           | Saved: '/tmp/tmpzbw2yz3b/frame_0031_depth.png'
27:24.602  render           | Saved: '/tmp/tmpzbw2yz3b/frame_0031_rgb.png'
27:24.988  render           | Saved: '/tmp/tmpzbw2yz3b/frame_0032_seg.png'
27:24.989  render           | Saved: '/tmp/tmpzbw2yz3b/frame_0032_depth.png'
27:24.992  render           | Saved: '/tmp/tmpzbw2yz3b/frame_0032_rgb.png'
27:25.399  render           | Saved: '/tmp/tmpzbw2yz3b/frame_0033_depth.png'
27:25.400  render           | Saved: '/tmp/tmpzbw2yz3b/frame_0033_seg.png'
27:25.403  render           | Saved: '/tmp/tmpzbw2yz3b/frame_0033_rgb.png'
27:25.804  render           | Saved: '/tmp/tmpzbw2yz3b/frame_0034_depth.png'
27:25.805  render           | Saved: '/tmp/tmpzbw2yz3b/frame_0034_seg.png'
27:25.808  render           | Saved: '/tmp/tmpzbw2yz3b/frame_0034_rgb.png'
27:26.207  render           | Saved: '/tmp/tmpzbw2yz3b/frame_0035_depth.png'
27:26.208  render           | Saved: '/tmp/tmpzbw2yz3b/frame_0035_seg.png'
27:26.211  render           | Saved: '/tmp/tmpzbw2yz3b/frame_0035_rgb.png'
27:26.596  render           | Saved: '/tmp/tmpzbw2yz3b/frame_0036_depth.png'
27:26.597  render           | Saved: '/tmp/tmpzbw2yz3b/frame_0036_seg.png'
27:26.600  render           | Saved: '/tmp/tmpzbw2yz3b/frame_0036_rgb.png'
27:27.027  render           | Saved: '/tmp/tmpzbw2yz3b/frame_0037_depth.png'
27:27.027  render           | Saved: '/tmp/tmpzbw2yz3b/frame_0037_seg.png'
27:27.030  render           | Saved: '/tmp/tmpzbw2yz3b/frame_0037_rgb.png'
27:27.431  render           | Saved: '/tmp/tmpzbw2yz3b/frame_0038_depth.png'
27:27.432  render           | Saved: '/tmp/tmpzbw2yz3b/frame_0038_seg.png'
27:27.435  render           | Saved: '/tmp/tmpzbw2yz3b/frame_0038_rgb.png'
27:27.835  render           | Saved: '/tmp/tmpzbw2yz3b/frame_0039_seg.png'
27:27.836  render           | Saved: '/tmp/tmpzbw2yz3b/frame_0039_depth.png'
27:27.839  render           | Saved: '/tmp/tmpzbw2yz3b/frame_0039_rgb.png'
27:28.229  render           | Saved: '/tmp/tmpzbw2yz3b/frame_0040_seg.png'
27:28.230  render           | Saved: '/tmp/tmpzbw2yz3b/frame_0040_depth.png'
27:28.233  render           | Saved: '/tmp/tmpzbw2yz3b/frame_0040_rgb.png'
27:28.623  render           | Saved: '/tmp/tmpzbw2yz3b/frame_0041_seg.png'
27:28.624  render           | Saved: '/tmp/tmpzbw2yz3b/frame_0041_depth.png'
27:28.627  render           | Saved: '/tmp/tmpzbw2yz3b/frame_0041_rgb.png'
27:29.023  render           | Saved: '/tmp/tmpzbw2yz3b/frame_0042_depth.png'
27:29.024  render           | Saved: '/tmp/tmpzbw2yz3b/frame_0042_seg.png'
27:29.027  render           | Saved: '/tmp/tmpzbw2yz3b/frame_0042_rgb.png'
27:29.440  render           | Saved: '/tmp/tmpzbw2yz3b/frame_0043_depth.png'
27:29.441  render           | Saved: '/tmp/tmpzbw2yz3b/frame_0043_seg.png'
27:29.444  render           | Saved: '/tmp/tmpzbw2yz3b/frame_0043_rgb.png'
27:29.839  render           | Saved: '/tmp/tmpzbw2yz3b/frame_0044_depth.png'
27:29.840  render           | Saved: '/tmp/tmpzbw2yz3b/frame_0044_seg.png'
27:29.843  render           | Saved: '/tmp/tmpzbw2yz3b/frame_0044_rgb.png'
27:30.235  render           | Saved: '/tmp/tmpzbw2yz3b/frame_0045_depth.png'
27:30.236  render           | Saved: '/tmp/tmpzbw2yz3b/frame_0045_seg.png'
27:30.239  render           | Saved: '/tmp/tmpzbw2yz3b/frame_0045_rgb.png'
27:30.634  render           | Saved: '/tmp/tmpzbw2yz3b/frame_0046_depth.png'
27:30.635  render           | Saved: '/tmp/tmpzbw2yz3b/frame_0046_seg.png'
27:30.639  render           | Saved: '/tmp/tmpzbw2yz3b/frame_0046_rgb.png'
27:31.028  render           | Saved: '/tmp/tmpzbw2yz3b/frame_0047_depth.png'
27:31.029  render           | Saved: '/tmp/tmpzbw2yz3b/frame_0047_seg.png'
27:31.032  render           | Saved: '/tmp/tmpzbw2yz3b/frame_0047_rgb.png'
27:31.447  render           | Saved: '/tmp/tmpzbw2yz3b/frame_0048_seg.png'
27:31.448  render           | Saved: '/tmp/tmpzbw2yz3b/frame_0048_depth.png'
27:31.451  render           | Saved: '/tmp/tmpzbw2yz3b/frame_0048_rgb.png'
27:31.838  render           | Saved: '/tmp/tmpzbw2yz3b/frame_0049_seg.png'
27:31.839  render           | Saved: '/tmp/tmpzbw2yz3b/frame_0049_depth.png'
27:31.843  render           | Saved: '/tmp/tmpzbw2yz3b/frame_0049_rgb.png'
27:32.232  render           | Saved: '/tmp/tmpzbw2yz3b/frame_0050_seg.png'
27:32.233  render           | Saved: '/tmp/tmpzbw2yz3b/frame_0050_depth.png'
27:32.236  render           | Saved: '/tmp/tmpzbw2yz3b/frame_0050_rgb.png'
27:32.620  render           | Saved: '/tmp/tmpzbw2yz3b/frame_0051_depth.png'
27:32.621  render           | Saved: '/tmp/tmpzbw2yz3b/frame_0051_seg.png'
27:32.624  render           | Saved: '/tmp/tmpzbw2yz3b/frame_0051_rgb.png'
27:33.010  render           | Saved: '/tmp/tmpzbw2yz3b/frame_0052_depth.png'
27:33.010  render           | Saved: '/tmp/tmpzbw2yz3b/frame_0052_seg.png'
27:33.013  render           | Saved: '/tmp/tmpzbw2yz3b/frame_0052_rgb.png'
27:33.400  render           | Saved: '/tmp/tmpzbw2yz3b/frame_0053_depth.png'
27:33.401  render           | Saved: '/tmp/tmpzbw2yz3b/frame_0053_seg.png'
27:33.404  render           | Saved: '/tmp/tmpzbw2yz3b/frame_0053_rgb.png'
27:33.789  render           | Saved: '/tmp/tmpzbw2yz3b/frame_0054_depth.png'
27:33.790  render           | Saved: '/tmp/tmpzbw2yz3b/frame_0054_seg.png'
27:33.793  render           | Saved: '/tmp/tmpzbw2yz3b/frame_0054_rgb.png'
27:34.183  render           | Saved: '/tmp/tmpzbw2yz3b/frame_0055_depth.png'
27:34.184  render           | Saved: '/tmp/tmpzbw2yz3b/frame_0055_seg.png'
27:34.188  render           | Saved: '/tmp/tmpzbw2yz3b/frame_0055_rgb.png'
27:34.580  render           | Saved: '/tmp/tmpzbw2yz3b/frame_0056_depth.png'
27:34.581  render           | Saved: '/tmp/tmpzbw2yz3b/frame_0056_seg.png'
27:34.584  render           | Saved: '/tmp/tmpzbw2yz3b/frame_0056_rgb.png'
27:34.978  render           | Saved: '/tmp/tmpzbw2yz3b/frame_0057_seg.png'
27:34.979  render           | Saved: '/tmp/tmpzbw2yz3b/frame_0057_depth.png'
27:34.981  render           | Saved: '/tmp/tmpzbw2yz3b/frame_0057_rgb.png'
27:35.376  render           | Saved: '/tmp/tmpzbw2yz3b/frame_0058_seg.png'
27:35.377  render           | Saved: '/tmp/tmpzbw2yz3b/frame_0058_depth.png'
27:35.380  render           | Saved: '/tmp/tmpzbw2yz3b/frame_0058_rgb.png'
27:35.790  render           | Saved: '/tmp/tmpzbw2yz3b/frame_0059_depth.png'
27:35.791  render           | Saved: '/tmp/tmpzbw2yz3b/frame_0059_seg.png'
27:35.794  render           | Saved: '/tmp/tmpzbw2yz3b/frame_0059_rgb.png'
27:36.192  render           | Saved: '/tmp/tmpzbw2yz3b/frame_0060_depth.png'
27:36.193  render           | Saved: '/tmp/tmpzbw2yz3b/frame_0060_seg.png'
27:36.196  render           | Saved: '/tmp/tmpzbw2yz3b/frame_0060_rgb.png'
27:36.603  render           | Saved: '/tmp/tmpzbw2yz3b/frame_0061_depth.png'
27:36.604  render           | Saved: '/tmp/tmpzbw2yz3b/frame_0061_seg.png'
27:36.608  render           | Saved: '/tmp/tmpzbw2yz3b/frame_0061_rgb.png'
27:37.017  render           | Saved: '/tmp/tmpzbw2yz3b/frame_0062_depth.png'
27:37.018  render           | Saved: '/tmp/tmpzbw2yz3b/frame_0062_seg.png'
27:37.021  render           | Saved: '/tmp/tmpzbw2yz3b/frame_0062_rgb.png'
27:37.436  render           | Saved: '/tmp/tmpzbw2yz3b/frame_0063_depth.png'
27:37.438  render           | Saved: '/tmp/tmpzbw2yz3b/frame_0063_seg.png'
27:37.441  render           | Saved: '/tmp/tmpzbw2yz3b/frame_0063_rgb.png'
27:38.003  render           | Saved: '/tmp/tmpa0vw8xb1/frame_0000_seg.png'
27:38.004  render           | Saved: '/tmp/tmpa0vw8xb1/frame_0000_depth.png'
27:38.007  render           | Saved: '/tmp/tmpa0vw8xb1/frame_0000_rgb.png'
27:38.378  render           | Saved: '/tmp/tmpa0vw8xb1/frame_0001_seg.png'
27:38.379  render           | Saved: '/tmp/tmpa0vw8xb1/frame_0001_depth.png'
27:38.383  render           | Saved: '/tmp/tmpa0vw8xb1/frame_0001_rgb.png'
27:38.758  render           | Saved: '/tmp/tmpa0vw8xb1/frame_0002_depth.png'
27:38.758  render           | Saved: '/tmp/tmpa0vw8xb1/frame_0002_seg.png'
27:38.762  render           | Saved: '/tmp/tmpa0vw8xb1/frame_0002_rgb.png'
27:39.144  render           | Saved: '/tmp/tmpa0vw8xb1/frame_0003_depth.png'
27:39.145  render           | Saved: '/tmp/tmpa0vw8xb1/frame_0003_seg.png'
27:39.148  render           | Saved: '/tmp/tmpa0vw8xb1/frame_0003_rgb.png'
27:39.531  render           | Saved: '/tmp/tmpa0vw8xb1/frame_0004_depth.png'
27:39.533  render           | Saved: '/tmp/tmpa0vw8xb1/frame_0004_seg.png'
27:39.537  render           | Saved: '/tmp/tmpa0vw8xb1/frame_0004_rgb.png'
27:39.918  render           | Saved: '/tmp/tmpa0vw8xb1/frame_0005_depth.png'
27:39.919  render           | Saved: '/tmp/tmpa0vw8xb1/frame_0005_seg.png'
27:39.922  render           | Saved: '/tmp/tmpa0vw8xb1/frame_0005_rgb.png'
27:40.313  render           | Saved: '/tmp/tmpa0vw8xb1/frame_0006_depth.png'
27:40.314  render           | Saved: '/tmp/tmpa0vw8xb1/frame_0006_seg.png'
27:40.317  render           | Saved: '/tmp/tmpa0vw8xb1/frame_0006_rgb.png'
27:40.682  render           | Saved: '/tmp/tmpa0vw8xb1/frame_0007_depth.png'
27:40.683  render           | Saved: '/tmp/tmpa0vw8xb1/frame_0007_seg.png'
27:40.686  render           | Saved: '/tmp/tmpa0vw8xb1/frame_0007_rgb.png'
27:41.050  render           | Saved: '/tmp/tmpa0vw8xb1/frame_0008_seg.png'
27:41.051  render           | Saved: '/tmp/tmpa0vw8xb1/frame_0008_depth.png'
27:41.054  render           | Saved: '/tmp/tmpa0vw8xb1/frame_0008_rgb.png'
27:41.427  render           | Saved: '/tmp/tmpa0vw8xb1/frame_0009_seg.png'
27:41.428  render           | Saved: '/tmp/tmpa0vw8xb1/frame_0009_depth.png'
27:41.431  render           | Saved: '/tmp/tmpa0vw8xb1/frame_0009_rgb.png'
27:41.803  render           | Saved: '/tmp/tmpa0vw8xb1/frame_0010_seg.png'
27:41.804  render           | Saved: '/tmp/tmpa0vw8xb1/frame_0010_depth.png'
27:41.807  render           | Saved: '/tmp/tmpa0vw8xb1/frame_0010_rgb.png'
27:42.176  render           | Saved: '/tmp/tmpa0vw8xb1/frame_0011_depth.png'
27:42.177  render           | Saved: '/tmp/tmpa0vw8xb1/frame_0011_seg.png'
27:42.180  render           | Saved: '/tmp/tmpa0vw8xb1/frame_0011_rgb.png'
27:42.537  render           | Saved: '/tmp/tmpa0vw8xb1/frame_0012_depth.png'
27:42.538  render           | Saved: '/tmp/tmpa0vw8xb1/frame_0012_seg.png'
27:42.541  render           | Saved: '/tmp/tmpa0vw8xb1/frame_0012_rgb.png'
27:42.904  render           | Saved: '/tmp/tmpa0vw8xb1/frame_0013_depth.png'
27:42.905  render           | Saved: '/tmp/tmpa0vw8xb1/frame_0013_seg.png'
27:42.908  render           | Saved: '/tmp/tmpa0vw8xb1/frame_0013_rgb.png'
27:43.260  render           | Saved: '/tmp/tmpa0vw8xb1/frame_0014_depth.png'
27:43.261  render           | Saved: '/tmp/tmpa0vw8xb1/frame_0014_seg.png'
27:43.264  render           | Saved: '/tmp/tmpa0vw8xb1/frame_0014_rgb.png'
27:43.620  render           | Saved: '/tmp/tmpa0vw8xb1/frame_0015_depth.png'
27:43.621  render           | Saved: '/tmp/tmpa0vw8xb1/frame_0015_seg.png'
27:43.624  render           | Saved: '/tmp/tmpa0vw8xb1/frame_0015_rgb.png'
27:43.980  render           | Saved: '/tmp/tmpa0vw8xb1/frame_0016_depth.png'
27:43.981  render           | Saved: '/tmp/tmpa0vw8xb1/frame_0016_seg.png'
27:43.984  render           | Saved: '/tmp/tmpa0vw8xb1/frame_0016_rgb.png'
27:44.342  render           | Saved: '/tmp/tmpa0vw8xb1/frame_0017_seg.png'
27:44.342  render           | Saved: '/tmp/tmpa0vw8xb1/frame_0017_depth.png'
27:44.345  render           | Saved: '/tmp/tmpa0vw8xb1/frame_0017_rgb.png'
27:44.708  render           | Saved: '/tmp/tmpa0vw8xb1/frame_0018_seg.png'
27:44.709  render           | Saved: '/tmp/tmpa0vw8xb1/frame_0018_depth.png'
27:44.712  render           | Saved: '/tmp/tmpa0vw8xb1/frame_0018_rgb.png'
27:45.064  render           | Saved: '/tmp/tmpa0vw8xb1/frame_0019_depth.png'
27:45.065  render           | Saved: '/tmp/tmpa0vw8xb1/frame_0019_seg.png'
27:45.068  render           | Saved: '/tmp/tmpa0vw8xb1/frame_0019_rgb.png'
27:45.428  render           | Saved: '/tmp/tmpa0vw8xb1/frame_0020_depth.png'
27:45.429  render           | Saved: '/tmp/tmpa0vw8xb1/frame_0020_seg.png'
27:45.432  render           | Saved: '/tmp/tmpa0vw8xb1/frame_0020_rgb.png'
27:45.796  render           | Saved: '/tmp/tmpa0vw8xb1/frame_0021_depth.png'
27:45.796  render           | Saved: '/tmp/tmpa0vw8xb1/frame_0021_seg.png'
27:45.799  render           | Saved: '/tmp/tmpa0vw8xb1/frame_0021_rgb.png'
27:46.171  render           | Saved: '/tmp/tmpa0vw8xb1/frame_0022_depth.png'
27:46.172  render           | Saved: '/tmp/tmpa0vw8xb1/frame_0022_seg.png'
27:46.175  render           | Saved: '/tmp/tmpa0vw8xb1/frame_0022_rgb.png'
27:46.528  render           | Saved: '/tmp/tmpa0vw8xb1/frame_0023_depth.png'
27:46.529  render           | Saved: '/tmp/tmpa0vw8xb1/frame_0023_seg.png'
27:46.532  render           | Saved: '/tmp/tmpa0vw8xb1/frame_0023_rgb.png'
27:46.883  render           | Saved: '/tmp/tmpa0vw8xb1/frame_0024_depth.png'
27:46.884  render           | Saved: '/tmp/tmpa0vw8xb1/frame_0024_seg.png'
27:46.887  render           | Saved: '/tmp/tmpa0vw8xb1/frame_0024_rgb.png'
27:47.250  render           | Saved: '/tmp/tmpa0vw8xb1/frame_0025_depth.png'
27:47.250  render           | Saved: '/tmp/tmpa0vw8xb1/frame_0025_seg.png'
27:47.254  render           | Saved: '/tmp/tmpa0vw8xb1/frame_0025_rgb.png'
27:47.614  render           | Saved: '/tmp/tmpa0vw8xb1/frame_0026_seg.png'
27:47.615  render           | Saved: '/tmp/tmpa0vw8xb1/frame_0026_depth.png'
27:47.618  render           | Saved: '/tmp/tmpa0vw8xb1/frame_0026_rgb.png'
27:47.987  render           | Saved: '/tmp/tmpa0vw8xb1/frame_0027_seg.png'
27:47.988  render           | Saved: '/tmp/tmpa0vw8xb1/frame_0027_depth.png'
27:47.991  render           | Saved: '/tmp/tmpa0vw8xb1/frame_0027_rgb.png'
27:48.359  render           | Saved: '/tmp/tmpa0vw8xb1/frame_0028_depth.png'
27:48.360  render           | Saved: '/tmp/tmpa0vw8xb1/frame_0028_seg.png'
27:48.363  render           | Saved: '/tmp/tmpa0vw8xb1/frame_0028_rgb.png'
27:48.722  render           | Saved: '/tmp/tmpa0vw8xb1/frame_0029_depth.png'
27:48.723  render           | Saved: '/tmp/tmpa0vw8xb1/frame_0029_seg.png'
27:48.726  render           | Saved: '/tmp/tmpa0vw8xb1/frame_0029_rgb.png'
27:49.088  render           | Saved: '/tmp/tmpa0vw8xb1/frame_0030_depth.png'
27:49.089  render           | Saved: '/tmp/tmpa0vw8xb1/frame_0030_seg.png'
27:49.092  render           | Saved: '/tmp/tmpa0vw8xb1/frame_0030_rgb.png'
27:49.470  render           | Saved: '/tmp/tmpa0vw8xb1/frame_0031_depth.png'
27:49.471  render           | Saved: '/tmp/tmpa0vw8xb1/frame_0031_seg.png'
27:49.474  render           | Saved: '/tmp/tmpa0vw8xb1/frame_0031_rgb.png'
27:49.827  render           | Saved: '/tmp/tmpa0vw8xb1/frame_0032_depth.png'
27:49.828  render           | Saved: '/tmp/tmpa0vw8xb1/frame_0032_seg.png'
27:49.832  render           | Saved: '/tmp/tmpa0vw8xb1/frame_0032_rgb.png'
27:50.184  render           | Saved: '/tmp/tmpa0vw8xb1/frame_0033_depth.png'
27:50.185  render           | Saved: '/tmp/tmpa0vw8xb1/frame_0033_seg.png'
27:50.188  render           | Saved: '/tmp/tmpa0vw8xb1/frame_0033_rgb.png'
27:50.547  render           | Saved: '/tmp/tmpa0vw8xb1/frame_0034_depth.png'
27:50.548  render           | Saved: '/tmp/tmpa0vw8xb1/frame_0034_seg.png'
27:50.551  render           | Saved: '/tmp/tmpa0vw8xb1/frame_0034_rgb.png'
27:50.908  render           | Saved: '/tmp/tmpa0vw8xb1/frame_0035_seg.png'
27:50.909  render           | Saved: '/tmp/tmpa0vw8xb1/frame_0035_depth.png'
27:50.912  render           | Saved: '/tmp/tmpa0vw8xb1/frame_0035_rgb.png'
27:51.288  render           | Saved: '/tmp/tmpa0vw8xb1/frame_0036_seg.png'
27:51.289  render           | Saved: '/tmp/tmpa0vw8xb1/frame_0036_depth.png'
27:51.292  render           | Saved: '/tmp/tmpa0vw8xb1/frame_0036_rgb.png'
27:51.670  render           | Saved: '/tmp/tmpa0vw8xb1/frame_0037_depth.png'
27:51.671  render           | Saved: '/tmp/tmpa0vw8xb1/frame_0037_seg.png'
27:51.674  render           | Saved: '/tmp/tmpa0vw8xb1/frame_0037_rgb.png'
27:52.041  render           | Saved: '/tmp/tmpa0vw8xb1/frame_0038_depth.png'
27:52.042  render           | Saved: '/tmp/tmpa0vw8xb1/frame_0038_seg.png'
27:52.045  render           | Saved: '/tmp/tmpa0vw8xb1/frame_0038_rgb.png'
27:52.415  render           | Saved: '/tmp/tmpa0vw8xb1/frame_0039_depth.png'
27:52.416  render           | Saved: '/tmp/tmpa0vw8xb1/frame_0039_seg.png'
27:52.419  render           | Saved: '/tmp/tmpa0vw8xb1/frame_0039_rgb.png'
27:52.805  render           | Saved: '/tmp/tmpa0vw8xb1/frame_0040_depth.png'
27:52.806  render           | Saved: '/tmp/tmpa0vw8xb1/frame_0040_seg.png'
27:52.809  render           | Saved: '/tmp/tmpa0vw8xb1/frame_0040_rgb.png'
27:53.174  render           | Saved: '/tmp/tmpa0vw8xb1/frame_0041_depth.png'
27:53.175  render           | Saved: '/tmp/tmpa0vw8xb1/frame_0041_seg.png'
27:53.178  render           | Saved: '/tmp/tmpa0vw8xb1/frame_0041_rgb.png'
27:53.557  render           | Saved: '/tmp/tmpa0vw8xb1/frame_0042_depth.png'
27:53.558  render           | Saved: '/tmp/tmpa0vw8xb1/frame_0042_seg.png'
27:53.561  render           | Saved: '/tmp/tmpa0vw8xb1/frame_0042_rgb.png'
27:53.934  render           | Saved: '/tmp/tmpa0vw8xb1/frame_0043_depth.png'
27:53.935  render           | Saved: '/tmp/tmpa0vw8xb1/frame_0043_seg.png'
27:53.938  render           | Saved: '/tmp/tmpa0vw8xb1/frame_0043_rgb.png'
27:54.301  render           | Saved: '/tmp/tmpa0vw8xb1/frame_0044_seg.png'
27:54.302  render           | Saved: '/tmp/tmpa0vw8xb1/frame_0044_depth.png'
27:54.305  render           | Saved: '/tmp/tmpa0vw8xb1/frame_0044_rgb.png'
27:54.666  render           | Saved: '/tmp/tmpa0vw8xb1/frame_0045_seg.png'
27:54.667  render           | Saved: '/tmp/tmpa0vw8xb1/frame_0045_depth.png'
27:54.670  render           | Saved: '/tmp/tmpa0vw8xb1/frame_0045_rgb.png'
27:55.033  render           | Saved: '/tmp/tmpa0vw8xb1/frame_0046_depth.png'
27:55.034  render           | Saved: '/tmp/tmpa0vw8xb1/frame_0046_seg.png'
27:55.037  render           | Saved: '/tmp/tmpa0vw8xb1/frame_0046_rgb.png'
27:55.391  render           | Saved: '/tmp/tmpa0vw8xb1/frame_0047_depth.png'
27:55.391  render           | Saved: '/tmp/tmpa0vw8xb1/frame_0047_seg.png'
27:55.394  render           | Saved: '/tmp/tmpa0vw8xb1/frame_0047_rgb.png'
27:55.749  render           | Saved: '/tmp/tmpa0vw8xb1/frame_0048_depth.png'
27:55.750  render           | Saved: '/tmp/tmpa0vw8xb1/frame_0048_seg.png'
27:55.753  render           | Saved: '/tmp/tmpa0vw8xb1/frame_0048_rgb.png'
27:56.119  render           | Saved: '/tmp/tmpa0vw8xb1/frame_0049_depth.png'
27:56.120  render           | Saved: '/tmp/tmpa0vw8xb1/frame_0049_seg.png'
27:56.123  render           | Saved: '/tmp/tmpa0vw8xb1/frame_0049_rgb.png'
27:56.477  render           | Saved: '/tmp/tmpa0vw8xb1/frame_0050_depth.png'
27:56.478  render           | Saved: '/tmp/tmpa0vw8xb1/frame_0050_seg.png'
27:56.481  render           | Saved: '/tmp/tmpa0vw8xb1/frame_0050_rgb.png'
27:56.841  render           | Saved: '/tmp/tmpa0vw8xb1/frame_0051_depth.png'
27:56.842  render           | Saved: '/tmp/tmpa0vw8xb1/frame_0051_seg.png'
27:56.845  render           | Saved: '/tmp/tmpa0vw8xb1/frame_0051_rgb.png'
27:57.198  render           | Saved: '/tmp/tmpa0vw8xb1/frame_0052_depth.png'
27:57.199  render           | Saved: '/tmp/tmpa0vw8xb1/frame_0052_seg.png'
27:57.202  render           | Saved: '/tmp/tmpa0vw8xb1/frame_0052_rgb.png'
27:57.578  render           | Saved: '/tmp/tmpa0vw8xb1/frame_0053_seg.png'
27:57.579  render           | Saved: '/tmp/tmpa0vw8xb1/frame_0053_depth.png'
27:57.584  render           | Saved: '/tmp/tmpa0vw8xb1/frame_0053_rgb.png'
27:57.955  render           | Saved: '/tmp/tmpa0vw8xb1/frame_0054_seg.png'
27:57.956  render           | Saved: '/tmp/tmpa0vw8xb1/frame_0054_depth.png'
27:57.959  render           | Saved: '/tmp/tmpa0vw8xb1/frame_0054_rgb.png'
27:58.329  render           | Saved: '/tmp/tmpa0vw8xb1/frame_0055_depth.png'
27:58.330  render           | Saved: '/tmp/tmpa0vw8xb1/frame_0055_seg.png'
27:58.333  render           | Saved: '/tmp/tmpa0vw8xb1/frame_0055_rgb.png'
27:58.702  render           | Saved: '/tmp/tmpa0vw8xb1/frame_0056_depth.png'
27:58.703  render           | Saved: '/tmp/tmpa0vw8xb1/frame_0056_seg.png'
27:58.706  render           | Saved: '/tmp/tmpa0vw8xb1/frame_0056_rgb.png'
27:59.073  render           | Saved: '/tmp/tmpa0vw8xb1/frame_0057_depth.png'
27:59.074  render           | Saved: '/tmp/tmpa0vw8xb1/frame_0057_seg.png'
27:59.076  render           | Saved: '/tmp/tmpa0vw8xb1/frame_0057_rgb.png'
27:59.448  render           | Saved: '/tmp/tmpa0vw8xb1/frame_0058_depth.png'
27:59.449  render           | Saved: '/tmp/tmpa0vw8xb1/frame_0058_seg.png'
27:59.452  render           | Saved: '/tmp/tmpa0vw8xb1/frame_0058_rgb.png'
27:59.804  render           | Saved: '/tmp/tmpa0vw8xb1/frame_0059_depth.png'
27:59.804  render           | Saved: '/tmp/tmpa0vw8xb1/frame_0059_seg.png'
27:59.807  render           | Saved: '/tmp/tmpa0vw8xb1/frame_0059_rgb.png'
28:00.159  render           | Saved: '/tmp/tmpa0vw8xb1/frame_0060_depth.png'
28:00.160  render           | Saved: '/tmp/tmpa0vw8xb1/frame_0060_seg.png'
28:00.163  render           | Saved: '/tmp/tmpa0vw8xb1/frame_0060_rgb.png'
28:00.540  render           | Saved: '/tmp/tmpa0vw8xb1/frame_0061_depth.png'
28:00.541  render           | Saved: '/tmp/tmpa0vw8xb1/frame_0061_seg.png'
28:00.544  render           | Saved: '/tmp/tmpa0vw8xb1/frame_0061_rgb.png'
28:00.910  render           | Saved: '/tmp/tmpa0vw8xb1/frame_0062_seg.png'
28:00.911  render           | Saved: '/tmp/tmpa0vw8xb1/frame_0062_depth.png'
28:00.914  render           | Saved: '/tmp/tmpa0vw8xb1/frame_0062_rgb.png'
28:01.271  render           | Saved: '/tmp/tmpa0vw8xb1/frame_0063_seg.png'
28:01.271  render           | Saved: '/tmp/tmpa0vw8xb1/frame_0063_depth.png'
28:01.274  render           | Saved: '/tmp/tmpa0vw8xb1/frame_0063_rgb.png'
29:57.337  render           | Saved: '/tmp/tmps0wzql5d/frame_0000_seg.png'
29:57.338  render           | Saved: '/tmp/tmps0wzql5d/frame_0000_depth.png'
29:57.341  render           | Saved: '/tmp/tmps0wzql5d/frame_0000_rgb.png'
29:57.696  render           | Saved: '/tmp/tmps0wzql5d/frame_0001_depth.png'
29:57.697  render           | Saved: '/tmp/tmps0wzql5d/frame_0001_seg.png'
29:57.700  render           | Saved: '/tmp/tmps0wzql5d/frame_0001_rgb.png'
29:58.065  render           | Saved: '/tmp/tmps0wzql5d/frame_0002_depth.png'
29:58.066  render           | Saved: '/tmp/tmps0wzql5d/frame_0002_seg.png'
29:58.069  render           | Saved: '/tmp/tmps0wzql5d/frame_0002_rgb.png'
29:58.433  render           | Saved: '/tmp/tmps0wzql5d/frame_0003_depth.png'
29:58.433  render           | Saved: '/tmp/tmps0wzql5d/frame_0003_seg.png'
29:58.437  render           | Saved: '/tmp/tmps0wzql5d/frame_0003_rgb.png'
29:58.810  render           | Saved: '/tmp/tmps0wzql5d/frame_0004_depth.png'
29:58.811  render           | Saved: '/tmp/tmps0wzql5d/frame_0004_seg.png'
29:58.814  render           | Saved: '/tmp/tmps0wzql5d/frame_0004_rgb.png'
29:59.179  render           | Saved: '/tmp/tmps0wzql5d/frame_0005_depth.png'
29:59.180  render           | Saved: '/tmp/tmps0wzql5d/frame_0005_seg.png'
29:59.183  render           | Saved: '/tmp/tmps0wzql5d/frame_0005_rgb.png'
29:59.551  render           | Saved: '/tmp/tmps0wzql5d/frame_0006_depth.png'
29:59.552  render           | Saved: '/tmp/tmps0wzql5d/frame_0006_seg.png'
29:59.557  render           | Saved: '/tmp/tmps0wzql5d/frame_0006_rgb.png'
29:59.923  render           | Saved: '/tmp/tmps0wzql5d/frame_0007_seg.png'
29:59.924  render           | Saved: '/tmp/tmps0wzql5d/frame_0007_depth.png'
29:59.927  render           | Saved: '/tmp/tmps0wzql5d/frame_0007_rgb.png'
30:00.288  render           | Saved: '/tmp/tmps0wzql5d/frame_0008_seg.png'
30:00.289  render           | Saved: '/tmp/tmps0wzql5d/frame_0008_depth.png'
30:00.292  render           | Saved: '/tmp/tmps0wzql5d/frame_0008_rgb.png'
30:00.651  render           | Saved: '/tmp/tmps0wzql5d/frame_0009_depth.png'
30:00.652  render           | Saved: '/tmp/tmps0wzql5d/frame_0009_seg.png'
30:00.655  render           | Saved: '/tmp/tmps0wzql5d/frame_0009_rgb.png'
30:01.010  render           | Saved: '/tmp/tmps0wzql5d/frame_0010_depth.png'
30:01.011  render           | Saved: '/tmp/tmps0wzql5d/frame_0010_seg.png'
30:01.014  render           | Saved: '/tmp/tmps0wzql5d/frame_0010_rgb.png'
30:01.370  render           | Saved: '/tmp/tmps0wzql5d/frame_0011_depth.png'
30:01.371  render           | Saved: '/tmp/tmps0wzql5d/frame_0011_seg.png'
30:01.374  render           | Saved: '/tmp/tmps0wzql5d/frame_0011_rgb.png'
30:01.728  render           | Saved: '/tmp/tmps0wzql5d/frame_0012_depth.png'
30:01.729  render           | Saved: '/tmp/tmps0wzql5d/frame_0012_seg.png'
30:01.732  render           | Saved: '/tmp/tmps0wzql5d/frame_0012_rgb.png'
30:02.086  render           | Saved: '/tmp/tmps0wzql5d/frame_0013_depth.png'
30:02.087  render           | Saved: '/tmp/tmps0wzql5d/frame_0013_seg.png'
30:02.090  render           | Saved: '/tmp/tmps0wzql5d/frame_0013_rgb.png'
30:02.445  render           | Saved: '/tmp/tmps0wzql5d/frame_0014_depth.png'
30:02.445  render           | Saved: '/tmp/tmps0wzql5d/frame_0014_seg.png'
30:02.448  render           | Saved: '/tmp/tmps0wzql5d/frame_0014_rgb.png'
30:02.815  render           | Saved: '/tmp/tmps0wzql5d/frame_0015_depth.png'
30:02.816  render           | Saved: '/tmp/tmps0wzql5d/frame_0015_seg.png'
30:02.819  render           | Saved: '/tmp/tmps0wzql5d/frame_0015_rgb.png'
30:03.178  render           | Saved: '/tmp/tmps0wzql5d/frame_0016_seg.png'
30:03.179  render           | Saved: '/tmp/tmps0wzql5d/frame_0016_depth.png'
30:03.182  render           | Saved: '/tmp/tmps0wzql5d/frame_0016_rgb.png'
30:03.537  render           | Saved: '/tmp/tmps0wzql5d/frame_0017_seg.png'
30:03.538  render           | Saved: '/tmp/tmps0wzql5d/frame_0017_depth.png'
30:03.542  render           | Saved: '/tmp/tmps0wzql5d/frame_0017_rgb.png'
30:03.894  render           | Saved: '/tmp/tmps0wzql5d/frame_0018_depth.png'
30:03.895  render           | Saved: '/tmp/tmps0wzql5d/frame_0018_seg.png'
30:03.898  render           | Saved: '/tmp/tmps0wzql5d/frame_0018_rgb.png'
30:04.250  render           | Saved: '/tmp/tmps0wzql5d/frame_0019_depth.png'
30:04.251  render           | Saved: '/tmp/tmps0wzql5d/frame_0019_seg.png'
30:04.254  render           | Saved: '/tmp/tmps0wzql5d/frame_0019_rgb.png'
30:04.607  render           | Saved: '/tmp/tmps0wzql5d/frame_0020_depth.png'
30:04.608  render           | Saved: '/tmp/tmps0wzql5d/frame_0020_seg.png'
30:04.611  render           | Saved: '/tmp/tmps0wzql5d/frame_0020_rgb.png'
30:04.961  render           | Saved: '/tmp/tmps0wzql5d/frame_0021_depth.png'
30:04.962  render           | Saved: '/tmp/tmps0wzql5d/frame_0021_seg.png'
30:04.965  render           | Saved: '/tmp/tmps0wzql5d/frame_0021_rgb.png'
30:05.318  render           | Saved: '/tmp/tmps0wzql5d/frame_0022_depth.png'
30:05.319  render           | Saved: '/tmp/tmps0wzql5d/frame_0022_seg.png'
30:05.322  render           | Saved: '/tmp/tmps0wzql5d/frame_0022_rgb.png'
30:05.679  render           | Saved: '/tmp/tmps0wzql5d/frame_0023_depth.png'
30:05.680  render           | Saved: '/tmp/tmps0wzql5d/frame_0023_seg.png'
30:05.683  render           | Saved: '/tmp/tmps0wzql5d/frame_0023_rgb.png'
30:06.035  render           | Saved: '/tmp/tmps0wzql5d/frame_0024_depth.png'
30:06.036  render           | Saved: '/tmp/tmps0wzql5d/frame_0024_seg.png'
30:06.039  render           | Saved: '/tmp/tmps0wzql5d/frame_0024_rgb.png'
30:06.392  render           | Saved: '/tmp/tmps0wzql5d/frame_0025_seg.png'
30:06.393  render           | Saved: '/tmp/tmps0wzql5d/frame_0025_depth.png'
30:06.396  render           | Saved: '/tmp/tmps0wzql5d/frame_0025_rgb.png'
30:06.749  render           | Saved: '/tmp/tmps0wzql5d/frame_0026_seg.png'
30:06.750  render           | Saved: '/tmp/tmps0wzql5d/frame_0026_depth.png'
30:06.753  render           | Saved: '/tmp/tmps0wzql5d/frame_0026_rgb.png'
30:07.108  render           | Saved: '/tmp/tmps0wzql5d/frame_0027_depth.png'
30:07.109  render           | Saved: '/tmp/tmps0wzql5d/frame_0027_seg.png'
30:07.112  render           | Saved: '/tmp/tmps0wzql5d/frame_0027_rgb.png'
30:07.465  render           | Saved: '/tmp/tmps0wzql5d/frame_0028_depth.png'
30:07.466  render           | Saved: '/tmp/tmps0wzql5d/frame_0028_seg.png'
30:07.469  render           | Saved: '/tmp/tmps0wzql5d/frame_0028_rgb.png'
30:07.825  render           | Saved: '/tmp/tmps0wzql5d/frame_0029_depth.png'
30:07.826  render           | Saved: '/tmp/tmps0wzql5d/frame_0029_seg.png'
30:07.829  render           | Saved: '/tmp/tmps0wzql5d/frame_0029_rgb.png'
30:08.176  render           | Saved: '/tmp/tmps0wzql5d/frame_0030_depth.png'
30:08.177  render           | Saved: '/tmp/tmps0wzql5d/frame_0030_seg.png'
30:08.180  render           | Saved: '/tmp/tmps0wzql5d/frame_0030_rgb.png'
30:08.549  render           | Saved: '/tmp/tmps0wzql5d/frame_0031_depth.png'
30:08.550  render           | Saved: '/tmp/tmps0wzql5d/frame_0031_seg.png'
30:08.553  render           | Saved: '/tmp/tmps0wzql5d/frame_0031_rgb.png'
30:08.911  render           | Saved: '/tmp/tmps0wzql5d/frame_0032_depth.png'
30:08.912  render           | Saved: '/tmp/tmps0wzql5d/frame_0032_seg.png'
30:08.915  render           | Saved: '/tmp/tmps0wzql5d/frame_0032_rgb.png'
30:09.276  render           | Saved: '/tmp/tmps0wzql5d/frame_0033_depth.png'
30:09.277  render           | Saved: '/tmp/tmps0wzql5d/frame_0033_seg.png'
30:09.280  render           | Saved: '/tmp/tmps0wzql5d/frame_0033_rgb.png'
30:09.650  render           | Saved: '/tmp/tmps0wzql5d/frame_0034_seg.png'
30:09.651  render           | Saved: '/tmp/tmps0wzql5d/frame_0034_depth.png'
30:09.655  render           | Saved: '/tmp/tmps0wzql5d/frame_0034_rgb.png'
30:10.021  render           | Saved: '/tmp/tmps0wzql5d/frame_0035_seg.png'
30:10.022  render           | Saved: '/tmp/tmps0wzql5d/frame_0035_depth.png'
30:10.025  render           | Saved: '/tmp/tmps0wzql5d/frame_0035_rgb.png'
30:10.386  render           | Saved: '/tmp/tmps0wzql5d/frame_0036_depth.png'
30:10.387  render           | Saved: '/tmp/tmps0wzql5d/frame_0036_seg.png'
30:10.390  render           | Saved: '/tmp/tmps0wzql5d/frame_0036_rgb.png'
30:10.758  render           | Saved: '/tmp/tmps0wzql5d/frame_0037_depth.png'
30:10.759  render           | Saved: '/tmp/tmps0wzql5d/frame_0037_seg.png'
30:10.763  render           | Saved: '/tmp/tmps0wzql5d/frame_0037_rgb.png'
30:11.124  render           | Saved: '/tmp/tmps0wzql5d/frame_0038_depth.png'
30:11.125  render           | Saved: '/tmp/tmps0wzql5d/frame_0038_seg.png'
30:11.128  render           | Saved: '/tmp/tmps0wzql5d/frame_0038_rgb.png'
30:11.477  render           | Saved: '/tmp/tmps0wzql5d/frame_0039_depth.png'
30:11.478  render           | Saved: '/tmp/tmps0wzql5d/frame_0039_seg.png'
30:11.481  render           | Saved: '/tmp/tmps0wzql5d/frame_0039_rgb.png'
30:11.838  render           | Saved: '/tmp/tmps0wzql5d/frame_0040_depth.png'
30:11.839  render           | Saved: '/tmp/tmps0wzql5d/frame_0040_seg.png'
30:11.842  render           | Saved: '/tmp/tmps0wzql5d/frame_0040_rgb.png'
30:12.186  render           | Saved: '/tmp/tmps0wzql5d/frame_0041_depth.png'
30:12.187  render           | Saved: '/tmp/tmps0wzql5d/frame_0041_seg.png'
30:12.190  render           | Saved: '/tmp/tmps0wzql5d/frame_0041_rgb.png'
30:12.541  render           | Saved: '/tmp/tmps0wzql5d/frame_0042_depth.png'
30:12.542  render           | Saved: '/tmp/tmps0wzql5d/frame_0042_seg.png'
30:12.545  render           | Saved: '/tmp/tmps0wzql5d/frame_0042_rgb.png'
30:12.916  render           | Saved: '/tmp/tmps0wzql5d/frame_0043_seg.png'
30:12.917  render           | Saved: '/tmp/tmps0wzql5d/frame_0043_depth.png'
30:12.920  render           | Saved: '/tmp/tmps0wzql5d/frame_0043_rgb.png'
30:13.280  render           | Saved: '/tmp/tmps0wzql5d/frame_0044_seg.png'
30:13.281  render           | Saved: '/tmp/tmps0wzql5d/frame_0044_depth.png'
30:13.287  render           | Saved: '/tmp/tmps0wzql5d/frame_0044_rgb.png'
30:13.655  render           | Saved: '/tmp/tmps0wzql5d/frame_0045_depth.png'
30:13.655  render           | Saved: '/tmp/tmps0wzql5d/frame_0045_seg.png'
30:13.659  render           | Saved: '/tmp/tmps0wzql5d/frame_0045_rgb.png'
30:14.013  render           | Saved: '/tmp/tmps0wzql5d/frame_0046_depth.png'
30:14.014  render           | Saved: '/tmp/tmps0wzql5d/frame_0046_seg.png'
30:14.017  render           | Saved: '/tmp/tmps0wzql5d/frame_0046_rgb.png'
30:14.367  render           | Saved: '/tmp/tmps0wzql5d/frame_0047_depth.png'
30:14.368  render           | Saved: '/tmp/tmps0wzql5d/frame_0047_seg.png'
30:14.371  render           | Saved: '/tmp/tmps0wzql5d/frame_0047_rgb.png'
30:14.730  render           | Saved: '/tmp/tmps0wzql5d/frame_0048_depth.png'
30:14.731  render           | Saved: '/tmp/tmps0wzql5d/frame_0048_seg.png'
30:14.734  render           | Saved: '/tmp/tmps0wzql5d/frame_0048_rgb.png'
30:15.097  render           | Saved: '/tmp/tmps0wzql5d/frame_0049_depth.png'
30:15.098  render           | Saved: '/tmp/tmps0wzql5d/frame_0049_seg.png'
30:15.101  render           | Saved: '/tmp/tmps0wzql5d/frame_0049_rgb.png'
30:15.465  render           | Saved: '/tmp/tmps0wzql5d/frame_0050_depth.png'
30:15.466  render           | Saved: '/tmp/tmps0wzql5d/frame_0050_seg.png'
30:15.469  render           | Saved: '/tmp/tmps0wzql5d/frame_0050_rgb.png'
30:15.829  render           | Saved: '/tmp/tmps0wzql5d/frame_0051_depth.png'
30:15.830  render           | Saved: '/tmp/tmps0wzql5d/frame_0051_seg.png'
30:15.833  render           | Saved: '/tmp/tmps0wzql5d/frame_0051_rgb.png'
30:16.204  render           | Saved: '/tmp/tmps0wzql5d/frame_0052_seg.png'
30:16.205  render           | Saved: '/tmp/tmps0wzql5d/frame_0052_depth.png'
30:16.208  render           | Saved: '/tmp/tmps0wzql5d/frame_0052_rgb.png'
30:16.573  render           | Saved: '/tmp/tmps0wzql5d/frame_0053_seg.png'
30:16.574  render           | Saved: '/tmp/tmps0wzql5d/frame_0053_depth.png'
30:16.577  render           | Saved: '/tmp/tmps0wzql5d/frame_0053_rgb.png'
30:16.936  render           | Saved: '/tmp/tmps0wzql5d/frame_0054_depth.png'
30:16.937  render           | Saved: '/tmp/tmps0wzql5d/frame_0054_seg.png'
30:16.940  render           | Saved: '/tmp/tmps0wzql5d/frame_0054_rgb.png'
30:17.311  render           | Saved: '/tmp/tmps0wzql5d/frame_0055_depth.png'
30:17.312  render           | Saved: '/tmp/tmps0wzql5d/frame_0055_seg.png'
30:17.315  render           | Saved: '/tmp/tmps0wzql5d/frame_0055_rgb.png'
30:17.679  render           | Saved: '/tmp/tmps0wzql5d/frame_0056_depth.png'
30:17.679  render           | Saved: '/tmp/tmps0wzql5d/frame_0056_seg.png'
30:17.682  render           | Saved: '/tmp/tmps0wzql5d/frame_0056_rgb.png'
30:18.060  render           | Saved: '/tmp/tmps0wzql5d/frame_0057_depth.png'
30:18.061  render           | Saved: '/tmp/tmps0wzql5d/frame_0057_seg.png'
30:18.064  render           | Saved: '/tmp/tmps0wzql5d/frame_0057_rgb.png'
30:18.441  render           | Saved: '/tmp/tmps0wzql5d/frame_0058_depth.png'
30:18.442  render           | Saved: '/tmp/tmps0wzql5d/frame_0058_seg.png'
30:18.446  render           | Saved: '/tmp/tmps0wzql5d/frame_0058_rgb.png'
30:18.818  render           | Saved: '/tmp/tmps0wzql5d/frame_0059_depth.png'
30:18.819  render           | Saved: '/tmp/tmps0wzql5d/frame_0059_seg.png'
30:18.822  render           | Saved: '/tmp/tmps0wzql5d/frame_0059_rgb.png'
30:19.188  render           | Saved: '/tmp/tmps0wzql5d/frame_0060_depth.png'
30:19.189  render           | Saved: '/tmp/tmps0wzql5d/frame_0060_seg.png'
30:19.193  render           | Saved: '/tmp/tmps0wzql5d/frame_0060_rgb.png'
30:19.566  render           | Saved: '/tmp/tmps0wzql5d/frame_0061_seg.png'
30:19.567  render           | Saved: '/tmp/tmps0wzql5d/frame_0061_depth.png'
30:19.570  render           | Saved: '/tmp/tmps0wzql5d/frame_0061_rgb.png'
30:19.947  render           | Saved: '/tmp/tmps0wzql5d/frame_0062_seg.png'
30:19.948  render           | Saved: '/tmp/tmps0wzql5d/frame_0062_depth.png'
30:19.951  render           | Saved: '/tmp/tmps0wzql5d/frame_0062_rgb.png'
30:20.318  render           | Saved: '/tmp/tmps0wzql5d/frame_0063_depth.png'
30:20.319  render           | Saved: '/tmp/tmps0wzql5d/frame_0063_seg.png'
30:20.322  render           | Saved: '/tmp/tmps0wzql5d/frame_0063_rgb.png'
30:20.807  render           | Saved: '/tmp/tmpr6p_b7um/frame_0000_seg.png'
30:20.808  render           | Saved: '/tmp/tmpr6p_b7um/frame_0000_depth.png'
30:20.811  render           | Saved: '/tmp/tmpr6p_b7um/frame_0000_rgb.png'
30:21.185  render           | Saved: '/tmp/tmpr6p_b7um/frame_0001_depth.png'
30:21.187  render           | Saved: '/tmp/tmpr6p_b7um/frame_0001_seg.png'
30:21.191  render           | Saved: '/tmp/tmpr6p_b7um/frame_0001_rgb.png'
30:21.573  render           | Saved: '/tmp/tmpr6p_b7um/frame_0002_depth.png'
30:21.574  render           | Saved: '/tmp/tmpr6p_b7um/frame_0002_seg.png'
30:21.578  render           | Saved: '/tmp/tmpr6p_b7um/frame_0002_rgb.png'
30:21.951  render           | Saved: '/tmp/tmpr6p_b7um/frame_0003_depth.png'
30:21.952  render           | Saved: '/tmp/tmpr6p_b7um/frame_0003_seg.png'
30:21.955  render           | Saved: '/tmp/tmpr6p_b7um/frame_0003_rgb.png'
30:22.309  render           | Saved: '/tmp/tmpr6p_b7um/frame_0004_depth.png'
30:22.310  render           | Saved: '/tmp/tmpr6p_b7um/frame_0004_seg.png'
30:22.313  render           | Saved: '/tmp/tmpr6p_b7um/frame_0004_rgb.png'
30:22.681  render           | Saved: '/tmp/tmpr6p_b7um/frame_0005_depth.png'
30:22.682  render           | Saved: '/tmp/tmpr6p_b7um/frame_0005_seg.png'
30:22.685  render           | Saved: '/tmp/tmpr6p_b7um/frame_0005_rgb.png'
30:23.039  render           | Saved: '/tmp/tmpr6p_b7um/frame_0006_depth.png'
30:23.040  render           | Saved: '/tmp/tmpr6p_b7um/frame_0006_seg.png'
30:23.043  render           | Saved: '/tmp/tmpr6p_b7um/frame_0006_rgb.png'
30:23.394  render           | Saved: '/tmp/tmpr6p_b7um/frame_0007_seg.png'
30:23.395  render           | Saved: '/tmp/tmpr6p_b7um/frame_0007_depth.png'
30:23.398  render           | Saved: '/tmp/tmpr6p_b7um/frame_0007_rgb.png'
30:23.767  render           | Saved: '/tmp/tmpr6p_b7um/frame_0008_seg.png'
30:23.767  render           | Saved: '/tmp/tmpr6p_b7um/frame_0008_depth.png'
30:23.770  render           | Saved: '/tmp/tmpr6p_b7um/frame_0008_rgb.png'
30:24.118  render           | Saved: '/tmp/tmpr6p_b7um/frame_0009_depth.png'
30:24.119  render           | Saved: '/tmp/tmpr6p_b7um/frame_0009_seg.png'
30:24.123  render           | Saved: '/tmp/tmpr6p_b7um/frame_0009_rgb.png'
30:24.475  render           | Saved: '/tmp/tmpr6p_b7um/frame_0010_depth.png'
30:24.477  render           | Saved: '/tmp/tmpr6p_b7um/frame_0010_seg.png'
30:24.480  render           | Saved: '/tmp/tmpr6p_b7um/frame_0010_rgb.png'
30:24.838  render           | Saved: '/tmp/tmpr6p_b7um/frame_0011_depth.png'
30:24.838  render           | Saved: '/tmp/tmpr6p_b7um/frame_0011_seg.png'
30:24.842  render           | Saved: '/tmp/tmpr6p_b7um/frame_0011_rgb.png'
30:25.202  render           | Saved: '/tmp/tmpr6p_b7um/frame_0012_depth.png'
30:25.203  render           | Saved: '/tmp/tmpr6p_b7um/frame_0012_seg.png'
30:25.206  render           | Saved: '/tmp/tmpr6p_b7um/frame_0012_rgb.png'
30:25.566  render           | Saved: '/tmp/tmpr6p_b7um/frame_0013_depth.png'
30:25.567  render           | Saved: '/tmp/tmpr6p_b7um/frame_0013_seg.png'
30:25.571  render           | Saved: '/tmp/tmpr6p_b7um/frame_0013_rgb.png'
30:25.930  render           | Saved: '/tmp/tmpr6p_b7um/frame_0014_depth.png'
30:25.931  render           | Saved: '/tmp/tmpr6p_b7um/frame_0014_seg.png'
30:25.934  render           | Saved: '/tmp/tmpr6p_b7um/frame_0014_rgb.png'
30:26.283  render           | Saved: '/tmp/tmpr6p_b7um/frame_0015_depth.png'
30:26.284  render           | Saved: '/tmp/tmpr6p_b7um/frame_0015_seg.png'
30:26.287  render           | Saved: '/tmp/tmpr6p_b7um/frame_0015_rgb.png'
30:26.650  render           | Saved: '/tmp/tmpr6p_b7um/frame_0016_seg.png'
30:26.651  render           | Saved: '/tmp/tmpr6p_b7um/frame_0016_depth.png'
30:26.655  render           | Saved: '/tmp/tmpr6p_b7um/frame_0016_rgb.png'
30:27.012  render           | Saved: '/tmp/tmpr6p_b7um/frame_0017_seg.png'
30:27.013  render           | Saved: '/tmp/tmpr6p_b7um/frame_0017_depth.png'
30:27.016  render           | Saved: '/tmp/tmpr6p_b7um/frame_0017_rgb.png'
30:27.370  render           | Saved: '/tmp/tmpr6p_b7um/frame_0018_depth.png'
30:27.371  render           | Saved: '/tmp/tmpr6p_b7um/frame_0018_seg.png'
30:27.374  render           | Saved: '/tmp/tmpr6p_b7um/frame_0018_rgb.png'
30:27.727  render           | Saved: '/tmp/tmpr6p_b7um/frame_0019_depth.png'
30:27.727  render           | Saved: '/tmp/tmpr6p_b7um/frame_0019_seg.png'
30:27.730  render           | Saved: '/tmp/tmpr6p_b7um/frame_0019_rgb.png'
30:28.092  render           | Saved: '/tmp/tmpr6p_b7um/frame_0020_depth.png'
30:28.093  render           | Saved: '/tmp/tmpr6p_b7um/frame_0020_seg.png'
30:28.096  render           | Saved: '/tmp/tmpr6p_b7um/frame_0020_rgb.png'
30:28.456  render           | Saved: '/tmp/tmpr6p_b7um/frame_0021_depth.png'
30:28.457  render           | Saved: '/tmp/tmpr6p_b7um/frame_0021_seg.png'
30:28.460  render           | Saved: '/tmp/tmpr6p_b7um/frame_0021_rgb.png'
30:28.812  render           | Saved: '/tmp/tmpr6p_b7um/frame_0022_depth.png'
30:28.813  render           | Saved: '/tmp/tmpr6p_b7um/frame_0022_seg.png'
30:28.816  render           | Saved: '/tmp/tmpr6p_b7um/frame_0022_rgb.png'
30:29.184  render           | Saved: '/tmp/tmpr6p_b7um/frame_0023_depth.png'
30:29.185  render           | Saved: '/tmp/tmpr6p_b7um/frame_0023_seg.png'
30:29.188  render           | Saved: '/tmp/tmpr6p_b7um/frame_0023_rgb.png'
30:29.559  render           | Saved: '/tmp/tmpr6p_b7um/frame_0024_depth.png'
30:29.560  render           | Saved: '/tmp/tmpr6p_b7um/frame_0024_seg.png'
30:29.563  render           | Saved: '/tmp/tmpr6p_b7um/frame_0024_rgb.png'
30:29.937  render           | Saved: '/tmp/tmpr6p_b7um/frame_0025_seg.png'
30:29.938  render           | Saved: '/tmp/tmpr6p_b7um/frame_0025_depth.png'
30:29.941  render           | Saved: '/tmp/tmpr6p_b7um/frame_0025_rgb.png'
30:30.305  render           | Saved: '/tmp/tmpr6p_b7um/frame_0026_seg.png'
30:30.306  render           | Saved: '/tmp/tmpr6p_b7um/frame_0026_depth.png'
30:30.309  render           | Saved: '/tmp/tmpr6p_b7um/frame_0026_rgb.png'
30:30.667  render           | Saved: '/tmp/tmpr6p_b7um/frame_0027_depth.png'
30:30.667  render           | Saved: '/tmp/tmpr6p_b7um/frame_0027_seg.png'
30:30.670  render           | Saved: '/tmp/tmpr6p_b7um/frame_0027_rgb.png'
30:31.059  render           | Saved: '/tmp/tmpr6p_b7um/frame_0028_depth.png'
30:31.060  render           | Saved: '/tmp/tmpr6p_b7um/frame_0028_seg.png'
30:31.063  render           | Saved: '/tmp/tmpr6p_b7um/frame_0028_rgb.png'
30:31.431  render           | Saved: '/tmp/tmpr6p_b7um/frame_0029_depth.png'
30:31.432  render           | Saved: '/tmp/tmpr6p_b7um/frame_0029_seg.png'
30:31.435  render           | Saved: '/tmp/tmpr6p_b7um/frame_0029_rgb.png'
30:31.793  render           | Saved: '/tmp/tmpr6p_b7um/frame_0030_depth.png'
30:31.794  render           | Saved: '/tmp/tmpr6p_b7um/frame_0030_seg.png'
30:31.797  render           | Saved: '/tmp/tmpr6p_b7um/frame_0030_rgb.png'
30:32.163  render           | Saved: '/tmp/tmpr6p_b7um/frame_0031_depth.png'
30:32.163  render           | Saved: '/tmp/tmpr6p_b7um/frame_0031_seg.png'
30:32.166  render           | Saved: '/tmp/tmpr6p_b7um/frame_0031_rgb.png'
30:32.519  render           | Saved: '/tmp/tmpr6p_b7um/frame_0032_depth.png'
30:32.520  render           | Saved: '/tmp/tmpr6p_b7um/frame_0032_seg.png'
30:32.523  render           | Saved: '/tmp/tmpr6p_b7um/frame_0032_rgb.png'
30:32.890  render           | Saved: '/tmp/tmpr6p_b7um/frame_0033_depth.png'
30:32.891  render           | Saved: '/tmp/tmpr6p_b7um/frame_0033_seg.png'
30:32.894  render           | Saved: '/tmp/tmpr6p_b7um/frame_0033_rgb.png'
30:33.252  render           | Saved: '/tmp/tmpr6p_b7um/frame_0034_seg.png'
30:33.253  render           | Saved: '/tmp/tmpr6p_b7um/frame_0034_depth.png'
30:33.256  render           | Saved: '/tmp/tmpr6p_b7um/frame_0034_rgb.png'
30:33.642  render           | Saved: '/tmp/tmpr6p_b7um/frame_0035_seg.png'
30:33.643  render           | Saved: '/tmp/tmpr6p_b7um/frame_0035_depth.png'
30:33.647  render           | Saved: '/tmp/tmpr6p_b7um/frame_0035_rgb.png'
30:34.016  render           | Saved: '/tmp/tmpr6p_b7um/frame_0036_depth.png'
30:34.017  render           | Saved: '/tmp/tmpr6p_b7um/frame_0036_seg.png'
30:34.020  render           | Saved: '/tmp/tmpr6p_b7um/frame_0036_rgb.png'
30:34.383  render           | Saved: '/tmp/tmpr6p_b7um/frame_0037_depth.png'
30:34.384  render           | Saved: '/tmp/tmpr6p_b7um/frame_0037_seg.png'
30:34.387  render           | Saved: '/tmp/tmpr6p_b7um/frame_0037_rgb.png'
30:34.757  render           | Saved: '/tmp/tmpr6p_b7um/frame_0038_depth.png'
30:34.758  render           | Saved: '/tmp/tmpr6p_b7um/frame_0038_seg.png'
30:34.761  render           | Saved: '/tmp/tmpr6p_b7um/frame_0038_rgb.png'
30:35.139  render           | Saved: '/tmp/tmpr6p_b7um/frame_0039_depth.png'
30:35.140  render           | Saved: '/tmp/tmpr6p_b7um/frame_0039_seg.png'
30:35.143  render           | Saved: '/tmp/tmpr6p_b7um/frame_0039_rgb.png'
30:35.519  render           | Saved: '/tmp/tmpr6p_b7um/frame_0040_depth.png'
30:35.519  render           | Saved: '/tmp/tmpr6p_b7um/frame_0040_seg.png'
30:35.523  render           | Saved: '/tmp/tmpr6p_b7um/frame_0040_rgb.png'
30:35.885  render           | Saved: '/tmp/tmpr6p_b7um/frame_0041_depth.png'
30:35.886  render           | Saved: '/tmp/tmpr6p_b7um/frame_0041_seg.png'
30:35.889  render           | Saved: '/tmp/tmpr6p_b7um/frame_0041_rgb.png'
30:36.265  render           | Saved: '/tmp/tmpr6p_b7um/frame_0042_depth.png'
30:36.266  render           | Saved: '/tmp/tmpr6p_b7um/frame_0042_seg.png'
30:36.269  render           | Saved: '/tmp/tmpr6p_b7um/frame_0042_rgb.png'
30:36.662  render           | Saved: '/tmp/tmpr6p_b7um/frame_0043_seg.png'
30:36.663  render           | Saved: '/tmp/tmpr6p_b7um/frame_0043_depth.png'
30:36.666  render           | Saved: '/tmp/tmpr6p_b7um/frame_0043_rgb.png'
30:37.086  render           | Saved: '/tmp/tmpr6p_b7um/frame_0044_seg.png'
30:37.087  render           | Saved: '/tmp/tmpr6p_b7um/frame_0044_depth.png'
30:37.091  render           | Saved: '/tmp/tmpr6p_b7um/frame_0044_rgb.png'
30:37.479  render           | Saved: '/tmp/tmpr6p_b7um/frame_0045_depth.png'
30:37.480  render           | Saved: '/tmp/tmpr6p_b7um/frame_0045_seg.png'
30:37.483  render           | Saved: '/tmp/tmpr6p_b7um/frame_0045_rgb.png'
30:37.901  render           | Saved: '/tmp/tmpr6p_b7um/frame_0046_depth.png'
30:37.902  render           | Saved: '/tmp/tmpr6p_b7um/frame_0046_seg.png'
30:37.907  render           | Saved: '/tmp/tmpr6p_b7um/frame_0046_rgb.png'
30:38.284  render           | Saved: '/tmp/tmpr6p_b7um/frame_0047_depth.png'
30:38.285  render           | Saved: '/tmp/tmpr6p_b7um/frame_0047_seg.png'
30:38.288  render           | Saved: '/tmp/tmpr6p_b7um/frame_0047_rgb.png'
30:38.651  render           | Saved: '/tmp/tmpr6p_b7um/frame_0048_depth.png'
30:38.652  render           | Saved: '/tmp/tmpr6p_b7um/frame_0048_seg.png'
30:38.655  render           | Saved: '/tmp/tmpr6p_b7um/frame_0048_rgb.png'
30:39.015  render           | Saved: '/tmp/tmpr6p_b7um/frame_0049_depth.png'
30:39.016  render           | Saved: '/tmp/tmpr6p_b7um/frame_0049_seg.png'
30:39.020  render           | Saved: '/tmp/tmpr6p_b7um/frame_0049_rgb.png'
30:39.386  render           | Saved: '/tmp/tmpr6p_b7um/frame_0050_depth.png'
30:39.387  render           | Saved: '/tmp/tmpr6p_b7um/frame_0050_seg.png'
30:39.390  render           | Saved: '/tmp/tmpr6p_b7um/frame_0050_rgb.png'
30:39.757  render           | Saved: '/tmp/tmpr6p_b7um/frame_0051_depth.png'
30:39.758  render           | Saved: '/tmp/tmpr6p_b7um/frame_0051_seg.png'
30:39.762  render           | Saved: '/tmp/tmpr6p_b7um/frame_0051_rgb.png'
30:40.131  render           | Saved: '/tmp/tmpr6p_b7um/frame_0052_seg.png'
30:40.132  render           | Saved: '/tmp/tmpr6p_b7um/frame_0052_depth.png'
30:40.135  render           | Saved: '/tmp/tmpr6p_b7um/frame_0052_rgb.png'
30:40.522  render           | Saved: '/tmp/tmpr6p_b7um/frame_0053_seg.png'
30:40.523  render           | Saved: '/tmp/tmpr6p_b7um/frame_0053_depth.png'
30:40.528  render           | Saved: '/tmp/tmpr6p_b7um/frame_0053_rgb.png'
30:40.909  render           | Saved: '/tmp/tmpr6p_b7um/frame_0054_depth.png'
30:40.910  render           | Saved: '/tmp/tmpr6p_b7um/frame_0054_seg.png'
30:40.913  render           | Saved: '/tmp/tmpr6p_b7um/frame_0054_rgb.png'
30:41.283  render           | Saved: '/tmp/tmpr6p_b7um/frame_0055_depth.png'
30:41.284  render           | Saved: '/tmp/tmpr6p_b7um/frame_0055_seg.png'
30:41.287  render           | Saved: '/tmp/tmpr6p_b7um/frame_0055_rgb.png'
30:41.646  render           | Saved: '/tmp/tmpr6p_b7um/frame_0056_depth.png'
30:41.647  render           | Saved: '/tmp/tmpr6p_b7um/frame_0056_seg.png'
30:41.650  render           | Saved: '/tmp/tmpr6p_b7um/frame_0056_rgb.png'
30:42.005  render           | Saved: '/tmp/tmpr6p_b7um/frame_0057_depth.png'
30:42.006  render           | Saved: '/tmp/tmpr6p_b7um/frame_0057_seg.png'
30:42.010  render           | Saved: '/tmp/tmpr6p_b7um/frame_0057_rgb.png'
30:42.383  render           | Saved: '/tmp/tmpr6p_b7um/frame_0058_depth.png'
30:42.384  render           | Saved: '/tmp/tmpr6p_b7um/frame_0058_seg.png'
30:42.387  render           | Saved: '/tmp/tmpr6p_b7um/frame_0058_rgb.png'
30:42.749  render           | Saved: '/tmp/tmpr6p_b7um/frame_0059_depth.png'
30:42.750  render           | Saved: '/tmp/tmpr6p_b7um/frame_0059_seg.png'
30:42.753  render           | Saved: '/tmp/tmpr6p_b7um/frame_0059_rgb.png'
30:43.119  render           | Saved: '/tmp/tmpr6p_b7um/frame_0060_depth.png'
30:43.120  render           | Saved: '/tmp/tmpr6p_b7um/frame_0060_seg.png'
30:43.123  render           | Saved: '/tmp/tmpr6p_b7um/frame_0060_rgb.png'
30:43.487  render           | Saved: '/tmp/tmpr6p_b7um/frame_0061_seg.png'
30:43.488  render           | Saved: '/tmp/tmpr6p_b7um/frame_0061_depth.png'
30:43.491  render           | Saved: '/tmp/tmpr6p_b7um/frame_0061_rgb.png'
30:43.845  render           | Saved: '/tmp/tmpr6p_b7um/frame_0062_seg.png'
30:43.846  render           | Saved: '/tmp/tmpr6p_b7um/frame_0062_depth.png'
30:43.849  render           | Saved: '/tmp/tmpr6p_b7um/frame_0062_rgb.png'
30:44.205  render           | Saved: '/tmp/tmpr6p_b7um/frame_0063_depth.png'
30:44.206  render           | Saved: '/tmp/tmpr6p_b7um/frame_0063_seg.png'
30:44.209  render           | Saved: '/tmp/tmpr6p_b7um/frame_0063_rgb.png'
32:39.259  render           | Saved: '/tmp/tmpa4yv6ckc/frame_0000_depth.png'
32:39.260  render           | Saved: '/tmp/tmpa4yv6ckc/frame_0000_seg.png'
32:39.263  render           | Saved: '/tmp/tmpa4yv6ckc/frame_0000_rgb.png'
32:39.619  render           | Saved: '/tmp/tmpa4yv6ckc/frame_0001_depth.png'
32:39.619  render           | Saved: '/tmp/tmpa4yv6ckc/frame_0001_seg.png'
32:39.623  render           | Saved: '/tmp/tmpa4yv6ckc/frame_0001_rgb.png'
32:39.980  render           | Saved: '/tmp/tmpa4yv6ckc/frame_0002_depth.png'
32:39.980  render           | Saved: '/tmp/tmpa4yv6ckc/frame_0002_seg.png'
32:39.984  render           | Saved: '/tmp/tmpa4yv6ckc/frame_0002_rgb.png'
32:40.347  render           | Saved: '/tmp/tmpa4yv6ckc/frame_0003_depth.png'
32:40.348  render           | Saved: '/tmp/tmpa4yv6ckc/frame_0003_seg.png'
32:40.351  render           | Saved: '/tmp/tmpa4yv6ckc/frame_0003_rgb.png'
32:40.726  render           | Saved: '/tmp/tmpa4yv6ckc/frame_0004_depth.png'
32:40.727  render           | Saved: '/tmp/tmpa4yv6ckc/frame_0004_seg.png'
32:40.730  render           | Saved: '/tmp/tmpa4yv6ckc/frame_0004_rgb.png'
32:41.094  render           | Saved: '/tmp/tmpa4yv6ckc/frame_0005_depth.png'
32:41.095  render           | Saved: '/tmp/tmpa4yv6ckc/frame_0005_seg.png'
32:41.099  render           | Saved: '/tmp/tmpa4yv6ckc/frame_0005_rgb.png'
32:41.442  render           | Saved: '/tmp/tmpa4yv6ckc/frame_0006_seg.png'
32:41.443  render           | Saved: '/tmp/tmpa4yv6ckc/frame_0006_depth.png'
32:41.446  render           | Saved: '/tmp/tmpa4yv6ckc/frame_0006_rgb.png'
32:41.797  render           | Saved: '/tmp/tmpa4yv6ckc/frame_0007_seg.png'
32:41.798  render           | Saved: '/tmp/tmpa4yv6ckc/frame_0007_depth.png'
32:41.801  render           | Saved: '/tmp/tmpa4yv6ckc/frame_0007_rgb.png'
32:42.151  render           | Saved: '/tmp/tmpa4yv6ckc/frame_0008_depth.png'
32:42.152  render           | Saved: '/tmp/tmpa4yv6ckc/frame_0008_seg.png'
32:42.155  render           | Saved: '/tmp/tmpa4yv6ckc/frame_0008_rgb.png'
32:42.506  render           | Saved: '/tmp/tmpa4yv6ckc/frame_0009_depth.png'
32:42.507  render           | Saved: '/tmp/tmpa4yv6ckc/frame_0009_seg.png'
32:42.510  render           | Saved: '/tmp/tmpa4yv6ckc/frame_0009_rgb.png'
32:42.866  render           | Saved: '/tmp/tmpa4yv6ckc/frame_0010_depth.png'
32:42.866  render           | Saved: '/tmp/tmpa4yv6ckc/frame_0010_seg.png'
32:42.869  render           | Saved: '/tmp/tmpa4yv6ckc/frame_0010_rgb.png'
32:43.219  render           | Saved: '/tmp/tmpa4yv6ckc/frame_0011_depth.png'
32:43.220  render           | Saved: '/tmp/tmpa4yv6ckc/frame_0011_seg.png'
32:43.223  render           | Saved: '/tmp/tmpa4yv6ckc/frame_0011_rgb.png'
32:43.580  render           | Saved: '/tmp/tmpa4yv6ckc/frame_0012_depth.png'
32:43.581  render           | Saved: '/tmp/tmpa4yv6ckc/frame_0012_seg.png'
32:43.584  render           | Saved: '/tmp/tmpa4yv6ckc/frame_0012_rgb.png'
32:43.935  render           | Saved: '/tmp/tmpa4yv6ckc/frame_0013_depth.png'
32:43.936  render           | Saved: '/tmp/tmpa4yv6ckc/frame_0013_seg.png'
32:43.939  render           | Saved: '/tmp/tmpa4yv6ckc/frame_0013_rgb.png'
32:44.286  render           | Saved: '/tmp/tmpa4yv6ckc/frame_0014_depth.png'
32:44.287  render           | Saved: '/tmp/tmpa4yv6ckc/frame_0014_seg.png'
32:44.290  render           | Saved: '/tmp/tmpa4yv6ckc/frame_0014_rgb.png'
32:44.646  render           | Saved: '/tmp/tmpa4yv6ckc/frame_0015_seg.png'
32:44.647  render           | Saved: '/tmp/tmpa4yv6ckc/frame_0015_depth.png'
32:44.650  render           | Saved: '/tmp/tmpa4yv6ckc/frame_0015_rgb.png'
32:45.001  render           | Saved: '/tmp/tmpa4yv6ckc/frame_0016_seg.png'
32:45.002  render           | Saved: '/tmp/tmpa4yv6ckc/frame_0016_depth.png'
32:45.005  render           | Saved: '/tmp/tmpa4yv6ckc/frame_0016_rgb.png'
32:45.358  render           | Saved: '/tmp/tmpa4yv6ckc/frame_0017_depth.png'
32:45.359  render           | Saved: '/tmp/tmpa4yv6ckc/frame_0017_seg.png'
32:45.362  render           | Saved: '/tmp/tmpa4yv6ckc/frame_0017_rgb.png'
32:45.710  render           | Saved: '/tmp/tmpa4yv6ckc/frame_0018_depth.png'
32:45.711  render           | Saved: '/tmp/tmpa4yv6ckc/frame_0018_seg.png'
32:45.714  render           | Saved: '/tmp/tmpa4yv6ckc/frame_0018_rgb.png'
32:46.062  render           | Saved: '/tmp/tmpa4yv6ckc/frame_0019_depth.png'
32:46.063  render           | Saved: '/tmp/tmpa4yv6ckc/frame_0019_seg.png'
32:46.066  render           | Saved: '/tmp/tmpa4yv6ckc/frame_0019_rgb.png'
32:46.420  render           | Saved: '/tmp/tmpa4yv6ckc/frame_0020_depth.png'
32:46.421  render           | Saved: '/tmp/tmpa4yv6ckc/frame_0020_seg.png'
32:46.424  render           | Saved: '/tmp/tmpa4yv6ckc/frame_0020_rgb.png'
32:46.777  render           | Saved: '/tmp/tmpa4yv6ckc/frame_0021_depth.png'
32:46.778  render           | Saved: '/tmp/tmpa4yv6ckc/frame_0021_seg.png'
32:46.781  render           | Saved: '/tmp/tmpa4yv6ckc/frame_0021_rgb.png'
32:47.151  render           | Saved: '/tmp/tmpa4yv6ckc/frame_0022_depth.png'
32:47.152  render           | Saved: '/tmp/tmpa4yv6ckc/frame_0022_seg.png'
32:47.176  render           | Saved: '/tmp/tmpa4yv6ckc/frame_0022_rgb.png'
32:47.541  render           | Saved: '/tmp/tmpa4yv6ckc/frame_0023_depth.png'
32:47.542  render           | Saved: '/tmp/tmpa4yv6ckc/frame_0023_seg.png'
32:47.545  render           | Saved: '/tmp/tmpa4yv6ckc/frame_0023_rgb.png'
32:47.914  render           | Saved: '/tmp/tmpa4yv6ckc/frame_0024_seg.png'
32:47.915  render           | Saved: '/tmp/tmpa4yv6ckc/frame_0024_depth.png'
32:47.918  render           | Saved: '/tmp/tmpa4yv6ckc/frame_0024_rgb.png'
32:48.279  render           | Saved: '/tmp/tmpa4yv6ckc/frame_0025_seg.png'
32:48.279  render           | Saved: '/tmp/tmpa4yv6ckc/frame_0025_depth.png'
32:48.283  render           | Saved: '/tmp/tmpa4yv6ckc/frame_0025_rgb.png'
32:48.637  render           | Saved: '/tmp/tmpa4yv6ckc/frame_0026_depth.png'
32:48.637  render           | Saved: '/tmp/tmpa4yv6ckc/frame_0026_seg.png'
32:48.640  render           | Saved: '/tmp/tmpa4yv6ckc/frame_0026_rgb.png'
32:48.986  render           | Saved: '/tmp/tmpa4yv6ckc/frame_0027_depth.png'
32:48.987  render           | Saved: '/tmp/tmpa4yv6ckc/frame_0027_seg.png'
32:48.990  render           | Saved: '/tmp/tmpa4yv6ckc/frame_0027_rgb.png'
32:49.336  render           | Saved: '/tmp/tmpa4yv6ckc/frame_0028_depth.png'
32:49.337  render           | Saved: '/tmp/tmpa4yv6ckc/frame_0028_seg.png'
32:49.340  render           | Saved: '/tmp/tmpa4yv6ckc/frame_0028_rgb.png'
32:49.693  render           | Saved: '/tmp/tmpa4yv6ckc/frame_0029_depth.png'
32:49.694  render           | Saved: '/tmp/tmpa4yv6ckc/frame_0029_seg.png'
32:49.697  render           | Saved: '/tmp/tmpa4yv6ckc/frame_0029_rgb.png'
32:50.040  render           | Saved: '/tmp/tmpa4yv6ckc/frame_0030_depth.png'
32:50.041  render           | Saved: '/tmp/tmpa4yv6ckc/frame_0030_seg.png'
32:50.044  render           | Saved: '/tmp/tmpa4yv6ckc/frame_0030_rgb.png'
32:50.393  render           | Saved: '/tmp/tmpa4yv6ckc/frame_0031_depth.png'
32:50.394  render           | Saved: '/tmp/tmpa4yv6ckc/frame_0031_seg.png'
32:50.397  render           | Saved: '/tmp/tmpa4yv6ckc/frame_0031_rgb.png'
32:50.745  render           | Saved: '/tmp/tmpa4yv6ckc/frame_0032_depth.png'
32:50.746  render           | Saved: '/tmp/tmpa4yv6ckc/frame_0032_seg.png'
32:50.749  render           | Saved: '/tmp/tmpa4yv6ckc/frame_0032_rgb.png'
32:51.098  render           | Saved: '/tmp/tmpa4yv6ckc/frame_0033_seg.png'
32:51.098  render           | Saved: '/tmp/tmpa4yv6ckc/frame_0033_depth.png'
32:51.101  render           | Saved: '/tmp/tmpa4yv6ckc/frame_0033_rgb.png'
32:51.457  render           | Saved: '/tmp/tmpa4yv6ckc/frame_0034_seg.png'
32:51.458  render           | Saved: '/tmp/tmpa4yv6ckc/frame_0034_depth.png'
32:51.461  render           | Saved: '/tmp/tmpa4yv6ckc/frame_0034_rgb.png'
32:51.814  render           | Saved: '/tmp/tmpa4yv6ckc/frame_0035_depth.png'
32:51.815  render           | Saved: '/tmp/tmpa4yv6ckc/frame_0035_seg.png'
32:51.818  render           | Saved: '/tmp/tmpa4yv6ckc/frame_0035_rgb.png'
32:52.167  render           | Saved: '/tmp/tmpa4yv6ckc/frame_0036_depth.png'
32:52.168  render           | Saved: '/tmp/tmpa4yv6ckc/frame_0036_seg.png'
32:52.171  render           | Saved: '/tmp/tmpa4yv6ckc/frame_0036_rgb.png'
32:52.517  render           | Saved: '/tmp/tmpa4yv6ckc/frame_0037_depth.png'
32:52.517  render           | Saved: '/tmp/tmpa4yv6ckc/frame_0037_seg.png'
32:52.520  render           | Saved: '/tmp/tmpa4yv6ckc/frame_0037_rgb.png'
32:52.869  render           | Saved: '/tmp/tmpa4yv6ckc/frame_0038_depth.png'
32:52.870  render           | Saved: '/tmp/tmpa4yv6ckc/frame_0038_seg.png'
32:52.873  render           | Saved: '/tmp/tmpa4yv6ckc/frame_0038_rgb.png'
32:53.222  render           | Saved: '/tmp/tmpa4yv6ckc/frame_0039_depth.png'
32:53.222  render           | Saved: '/tmp/tmpa4yv6ckc/frame_0039_seg.png'
32:53.225  render           | Saved: '/tmp/tmpa4yv6ckc/frame_0039_rgb.png'
32:53.573  render           | Saved: '/tmp/tmpa4yv6ckc/frame_0040_depth.png'
32:53.574  render           | Saved: '/tmp/tmpa4yv6ckc/frame_0040_seg.png'
32:53.577  render           | Saved: '/tmp/tmpa4yv6ckc/frame_0040_rgb.png'
32:53.928  render           | Saved: '/tmp/tmpa4yv6ckc/frame_0041_depth.png'
32:53.929  render           | Saved: '/tmp/tmpa4yv6ckc/frame_0041_seg.png'
32:53.932  render           | Saved: '/tmp/tmpa4yv6ckc/frame_0041_rgb.png'
32:54.294  render           | Saved: '/tmp/tmpa4yv6ckc/frame_0042_seg.png'
32:54.295  render           | Saved: '/tmp/tmpa4yv6ckc/frame_0042_depth.png'
32:54.299  render           | Saved: '/tmp/tmpa4yv6ckc/frame_0042_rgb.png'
32:54.651  render           | Saved: '/tmp/tmpa4yv6ckc/frame_0043_seg.png'
32:54.652  render           | Saved: '/tmp/tmpa4yv6ckc/frame_0043_depth.png'
32:54.655  render           | Saved: '/tmp/tmpa4yv6ckc/frame_0043_rgb.png'
32:55.002  render           | Saved: '/tmp/tmpa4yv6ckc/frame_0044_depth.png'
32:55.003  render           | Saved: '/tmp/tmpa4yv6ckc/frame_0044_seg.png'
32:55.006  render           | Saved: '/tmp/tmpa4yv6ckc/frame_0044_rgb.png'
32:55.352  render           | Saved: '/tmp/tmpa4yv6ckc/frame_0045_depth.png'
32:55.353  render           | Saved: '/tmp/tmpa4yv6ckc/frame_0045_seg.png'
32:55.356  render           | Saved: '/tmp/tmpa4yv6ckc/frame_0045_rgb.png'
32:55.701  render           | Saved: '/tmp/tmpa4yv6ckc/frame_0046_depth.png'
32:55.702  render           | Saved: '/tmp/tmpa4yv6ckc/frame_0046_seg.png'
32:55.705  render           | Saved: '/tmp/tmpa4yv6ckc/frame_0046_rgb.png'
32:56.066  render           | Saved: '/tmp/tmpa4yv6ckc/frame_0047_depth.png'
32:56.067  render           | Saved: '/tmp/tmpa4yv6ckc/frame_0047_seg.png'
32:56.070  render           | Saved: '/tmp/tmpa4yv6ckc/frame_0047_rgb.png'
32:56.420  render           | Saved: '/tmp/tmpa4yv6ckc/frame_0048_depth.png'
32:56.421  render           | Saved: '/tmp/tmpa4yv6ckc/frame_0048_seg.png'
32:56.424  render           | Saved: '/tmp/tmpa4yv6ckc/frame_0048_rgb.png'
32:56.776  render           | Saved: '/tmp/tmpa4yv6ckc/frame_0049_depth.png'
32:56.776  render           | Saved: '/tmp/tmpa4yv6ckc/frame_0049_seg.png'
32:56.779  render           | Saved: '/tmp/tmpa4yv6ckc/frame_0049_rgb.png'
32:57.124  render           | Saved: '/tmp/tmpa4yv6ckc/frame_0050_depth.png'
32:57.125  render           | Saved: '/tmp/tmpa4yv6ckc/frame_0050_seg.png'
32:57.128  render           | Saved: '/tmp/tmpa4yv6ckc/frame_0050_rgb.png'
32:57.481  render           | Saved: '/tmp/tmpa4yv6ckc/frame_0051_seg.png'
32:57.482  render           | Saved: '/tmp/tmpa4yv6ckc/frame_0051_depth.png'
32:57.485  render           | Saved: '/tmp/tmpa4yv6ckc/frame_0051_rgb.png'
32:57.833  render           | Saved: '/tmp/tmpa4yv6ckc/frame_0052_seg.png'
32:57.834  render           | Saved: '/tmp/tmpa4yv6ckc/frame_0052_depth.png'
32:57.837  render           | Saved: '/tmp/tmpa4yv6ckc/frame_0052_rgb.png'
32:58.188  render           | Saved: '/tmp/tmpa4yv6ckc/frame_0053_depth.png'
32:58.189  render           | Saved: '/tmp/tmpa4yv6ckc/frame_0053_seg.png'
32:58.192  render           | Saved: '/tmp/tmpa4yv6ckc/frame_0053_rgb.png'
32:58.543  render           | Saved: '/tmp/tmpa4yv6ckc/frame_0054_depth.png'
32:58.544  render           | Saved: '/tmp/tmpa4yv6ckc/frame_0054_seg.png'
32:58.547  render           | Saved: '/tmp/tmpa4yv6ckc/frame_0054_rgb.png'
32:58.894  render           | Saved: '/tmp/tmpa4yv6ckc/frame_0055_depth.png'
32:58.895  render           | Saved: '/tmp/tmpa4yv6ckc/frame_0055_seg.png'
32:58.898  render           | Saved: '/tmp/tmpa4yv6ckc/frame_0055_rgb.png'
32:59.276  render           | Saved: '/tmp/tmpa4yv6ckc/frame_0056_depth.png'
32:59.277  render           | Saved: '/tmp/tmpa4yv6ckc/frame_0056_seg.png'
32:59.280  render           | Saved: '/tmp/tmpa4yv6ckc/frame_0056_rgb.png'
32:59.636  render           | Saved: '/tmp/tmpa4yv6ckc/frame_0057_depth.png'
32:59.637  render           | Saved: '/tmp/tmpa4yv6ckc/frame_0057_seg.png'
32:59.640  render           | Saved: '/tmp/tmpa4yv6ckc/frame_0057_rgb.png'
32:59.994  render           | Saved: '/tmp/tmpa4yv6ckc/frame_0058_depth.png'
32:59.995  render           | Saved: '/tmp/tmpa4yv6ckc/frame_0058_seg.png'
32:59.998  render           | Saved: '/tmp/tmpa4yv6ckc/frame_0058_rgb.png'
33:00.349  render           | Saved: '/tmp/tmpa4yv6ckc/frame_0059_seg.png'
33:00.350  render           | Saved: '/tmp/tmpa4yv6ckc/frame_0059_depth.png'
33:00.353  render           | Saved: '/tmp/tmpa4yv6ckc/frame_0059_rgb.png'
33:00.710  render           | Saved: '/tmp/tmpa4yv6ckc/frame_0060_seg.png'
33:00.711  render           | Saved: '/tmp/tmpa4yv6ckc/frame_0060_depth.png'
33:00.714  render           | Saved: '/tmp/tmpa4yv6ckc/frame_0060_rgb.png'
33:01.075  render           | Saved: '/tmp/tmpa4yv6ckc/frame_0061_seg.png'
33:01.076  render           | Saved: '/tmp/tmpa4yv6ckc/frame_0061_depth.png'
33:01.079  render           | Saved: '/tmp/tmpa4yv6ckc/frame_0061_rgb.png'
33:01.472  render           | Saved: '/tmp/tmpa4yv6ckc/frame_0062_depth.png'
33:01.473  render           | Saved: '/tmp/tmpa4yv6ckc/frame_0062_seg.png'
33:01.476  render           | Saved: '/tmp/tmpa4yv6ckc/frame_0062_rgb.png'
33:01.830  render           | Saved: '/tmp/tmpa4yv6ckc/frame_0063_depth.png'
33:01.831  render           | Saved: '/tmp/tmpa4yv6ckc/frame_0063_seg.png'
33:01.834  render           | Saved: '/tmp/tmpa4yv6ckc/frame_0063_rgb.png'
33:02.287  render           | Saved: '/tmp/tmpauyd8svz/frame_0000_depth.png'
33:02.288  render           | Saved: '/tmp/tmpauyd8svz/frame_0000_seg.png'
33:02.291  render           | Saved: '/tmp/tmpauyd8svz/frame_0000_rgb.png'
33:02.674  render           | Saved: '/tmp/tmpauyd8svz/frame_0001_depth.png'
33:02.675  render           | Saved: '/tmp/tmpauyd8svz/frame_0001_seg.png'
33:02.678  render           | Saved: '/tmp/tmpauyd8svz/frame_0001_rgb.png'
33:03.044  render           | Saved: '/tmp/tmpauyd8svz/frame_0002_depth.png'
33:03.045  render           | Saved: '/tmp/tmpauyd8svz/frame_0002_seg.png'
33:03.048  render           | Saved: '/tmp/tmpauyd8svz/frame_0002_rgb.png'
33:03.412  render           | Saved: '/tmp/tmpauyd8svz/frame_0003_seg.png'
33:03.413  render           | Saved: '/tmp/tmpauyd8svz/frame_0003_depth.png'
33:03.416  render           | Saved: '/tmp/tmpauyd8svz/frame_0003_rgb.png'
33:03.776  render           | Saved: '/tmp/tmpauyd8svz/frame_0004_seg.png'
33:03.777  render           | Saved: '/tmp/tmpauyd8svz/frame_0004_depth.png'
33:03.780  render           | Saved: '/tmp/tmpauyd8svz/frame_0004_rgb.png'
33:04.139  render           | Saved: '/tmp/tmpauyd8svz/frame_0005_depth.png'
33:04.140  render           | Saved: '/tmp/tmpauyd8svz/frame_0005_seg.png'
33:04.143  render           | Saved: '/tmp/tmpauyd8svz/frame_0005_rgb.png'
33:04.494  render           | Saved: '/tmp/tmpauyd8svz/frame_0006_depth.png'
33:04.495  render           | Saved: '/tmp/tmpauyd8svz/frame_0006_seg.png'
33:04.498  render           | Saved: '/tmp/tmpauyd8svz/frame_0006_rgb.png'
33:04.852  render           | Saved: '/tmp/tmpauyd8svz/frame_0007_depth.png'
33:04.853  render           | Saved: '/tmp/tmpauyd8svz/frame_0007_seg.png'
33:04.856  render           | Saved: '/tmp/tmpauyd8svz/frame_0007_rgb.png'
33:05.216  render           | Saved: '/tmp/tmpauyd8svz/frame_0008_depth.png'
33:05.217  render           | Saved: '/tmp/tmpauyd8svz/frame_0008_seg.png'
33:05.220  render           | Saved: '/tmp/tmpauyd8svz/frame_0008_rgb.png'
33:05.592  render           | Saved: '/tmp/tmpauyd8svz/frame_0009_depth.png'
33:05.593  render           | Saved: '/tmp/tmpauyd8svz/frame_0009_seg.png'
33:05.597  render           | Saved: '/tmp/tmpauyd8svz/frame_0009_rgb.png'
33:05.975  render           | Saved: '/tmp/tmpauyd8svz/frame_0010_depth.png'
33:05.975  render           | Saved: '/tmp/tmpauyd8svz/frame_0010_seg.png'
33:05.979  render           | Saved: '/tmp/tmpauyd8svz/frame_0010_rgb.png'
33:06.345  render           | Saved: '/tmp/tmpauyd8svz/frame_0011_depth.png'
33:06.346  render           | Saved: '/tmp/tmpauyd8svz/frame_0011_seg.png'
33:06.349  render           | Saved: '/tmp/tmpauyd8svz/frame_0011_rgb.png'
33:06.715  render           | Saved: '/tmp/tmpauyd8svz/frame_0012_seg.png'
33:06.715  render           | Saved: '/tmp/tmpauyd8svz/frame_0012_depth.png'
33:06.718  render           | Saved: '/tmp/tmpauyd8svz/frame_0012_rgb.png'
33:07.073  render           | Saved: '/tmp/tmpauyd8svz/frame_0013_seg.png'
33:07.074  render           | Saved: '/tmp/tmpauyd8svz/frame_0013_depth.png'
33:07.077  render           | Saved: '/tmp/tmpauyd8svz/frame_0013_rgb.png'
33:07.464  render           | Saved: '/tmp/tmpauyd8svz/frame_0014_depth.png'
33:07.465  render           | Saved: '/tmp/tmpauyd8svz/frame_0014_seg.png'
33:07.468  render           | Saved: '/tmp/tmpauyd8svz/frame_0014_rgb.png'
33:07.846  render           | Saved: '/tmp/tmpauyd8svz/frame_0015_depth.png'
33:07.847  render           | Saved: '/tmp/tmpauyd8svz/frame_0015_seg.png'
33:07.850  render           | Saved: '/tmp/tmpauyd8svz/frame_0015_rgb.png'
33:08.228  render           | Saved: '/tmp/tmpauyd8svz/frame_0016_depth.png'
33:08.228  render           | Saved: '/tmp/tmpauyd8svz/frame_0016_seg.png'
33:08.232  render           | Saved: '/tmp/tmpauyd8svz/frame_0016_rgb.png'
33:08.604  render           | Saved: '/tmp/tmpauyd8svz/frame_0017_depth.png'
33:08.605  render           | Saved: '/tmp/tmpauyd8svz/frame_0017_seg.png'
33:08.608  render           | Saved: '/tmp/tmpauyd8svz/frame_0017_rgb.png'
33:08.978  render           | Saved: '/tmp/tmpauyd8svz/frame_0018_depth.png'
33:08.979  render           | Saved: '/tmp/tmpauyd8svz/frame_0018_seg.png'
33:08.982  render           | Saved: '/tmp/tmpauyd8svz/frame_0018_rgb.png'
33:09.349  render           | Saved: '/tmp/tmpauyd8svz/frame_0019_depth.png'
33:09.349  render           | Saved: '/tmp/tmpauyd8svz/frame_0019_seg.png'
33:09.352  render           | Saved: '/tmp/tmpauyd8svz/frame_0019_rgb.png'
33:09.723  render           | Saved: '/tmp/tmpauyd8svz/frame_0020_depth.png'
33:09.724  render           | Saved: '/tmp/tmpauyd8svz/frame_0020_seg.png'
33:09.727  render           | Saved: '/tmp/tmpauyd8svz/frame_0020_rgb.png'
33:10.096  render           | Saved: '/tmp/tmpauyd8svz/frame_0021_seg.png'
33:10.097  render           | Saved: '/tmp/tmpauyd8svz/frame_0021_depth.png'
33:10.100  render           | Saved: '/tmp/tmpauyd8svz/frame_0021_rgb.png'
33:10.471  render           | Saved: '/tmp/tmpauyd8svz/frame_0022_seg.png'
33:10.472  render           | Saved: '/tmp/tmpauyd8svz/frame_0022_depth.png'
33:10.475  render           | Saved: '/tmp/tmpauyd8svz/frame_0022_rgb.png'
33:10.846  render           | Saved: '/tmp/tmpauyd8svz/frame_0023_depth.png'
33:10.847  render           | Saved: '/tmp/tmpauyd8svz/frame_0023_seg.png'
33:10.851  render           | Saved: '/tmp/tmpauyd8svz/frame_0023_rgb.png'
33:11.223  render           | Saved: '/tmp/tmpauyd8svz/frame_0024_depth.png'
33:11.224  render           | Saved: '/tmp/tmpauyd8svz/frame_0024_seg.png'
33:11.227  render           | Saved: '/tmp/tmpauyd8svz/frame_0024_rgb.png'
33:11.585  render           | Saved: '/tmp/tmpauyd8svz/frame_0025_depth.png'
33:11.586  render           | Saved: '/tmp/tmpauyd8svz/frame_0025_seg.png'
33:11.589  render           | Saved: '/tmp/tmpauyd8svz/frame_0025_rgb.png'
33:11.962  render           | Saved: '/tmp/tmpauyd8svz/frame_0026_depth.png'
33:11.962  render           | Saved: '/tmp/tmpauyd8svz/frame_0026_seg.png'
33:11.966  render           | Saved: '/tmp/tmpauyd8svz/frame_0026_rgb.png'
33:12.323  render           | Saved: '/tmp/tmpauyd8svz/frame_0027_depth.png'
33:12.324  render           | Saved: '/tmp/tmpauyd8svz/frame_0027_seg.png'
33:12.327  render           | Saved: '/tmp/tmpauyd8svz/frame_0027_rgb.png'
33:12.693  render           | Saved: '/tmp/tmpauyd8svz/frame_0028_depth.png'
33:12.694  render           | Saved: '/tmp/tmpauyd8svz/frame_0028_seg.png'
33:12.697  render           | Saved: '/tmp/tmpauyd8svz/frame_0028_rgb.png'
33:13.058  render           | Saved: '/tmp/tmpauyd8svz/frame_0029_seg.png'
33:13.059  render           | Saved: '/tmp/tmpauyd8svz/frame_0029_depth.png'
33:13.062  render           | Saved: '/tmp/tmpauyd8svz/frame_0029_rgb.png'
33:13.423  render           | Saved: '/tmp/tmpauyd8svz/frame_0030_seg.png'
33:13.424  render           | Saved: '/tmp/tmpauyd8svz/frame_0030_depth.png'
33:13.427  render           | Saved: '/tmp/tmpauyd8svz/frame_0030_rgb.png'
33:13.790  render           | Saved: '/tmp/tmpauyd8svz/frame_0031_seg.png'
33:13.791  render           | Saved: '/tmp/tmpauyd8svz/frame_0031_depth.png'
33:13.794  render           | Saved: '/tmp/tmpauyd8svz/frame_0031_rgb.png'
33:14.170  render           | Saved: '/tmp/tmpauyd8svz/frame_0032_depth.png'
33:14.171  render           | Saved: '/tmp/tmpauyd8svz/frame_0032_seg.png'
33:14.174  render           | Saved: '/tmp/tmpauyd8svz/frame_0032_rgb.png'
33:14.531  render           | Saved: '/tmp/tmpauyd8svz/frame_0033_depth.png'
33:14.531  render           | Saved: '/tmp/tmpauyd8svz/frame_0033_seg.png'
33:14.534  render           | Saved: '/tmp/tmpauyd8svz/frame_0033_rgb.png'
33:14.893  render           | Saved: '/tmp/tmpauyd8svz/frame_0034_depth.png'
33:14.894  render           | Saved: '/tmp/tmpauyd8svz/frame_0034_seg.png'
33:14.897  render           | Saved: '/tmp/tmpauyd8svz/frame_0034_rgb.png'
33:15.272  render           | Saved: '/tmp/tmpauyd8svz/frame_0035_depth.png'
33:15.273  render           | Saved: '/tmp/tmpauyd8svz/frame_0035_seg.png'
33:15.276  render           | Saved: '/tmp/tmpauyd8svz/frame_0035_rgb.png'
33:15.645  render           | Saved: '/tmp/tmpauyd8svz/frame_0036_depth.png'
33:15.646  render           | Saved: '/tmp/tmpauyd8svz/frame_0036_seg.png'
33:15.649  render           | Saved: '/tmp/tmpauyd8svz/frame_0036_rgb.png'
33:16.011  render           | Saved: '/tmp/tmpauyd8svz/frame_0037_depth.png'
33:16.012  render           | Saved: '/tmp/tmpauyd8svz/frame_0037_seg.png'
33:16.015  render           | Saved: '/tmp/tmpauyd8svz/frame_0037_rgb.png'
33:16.386  render           | Saved: '/tmp/tmpauyd8svz/frame_0038_seg.png'
33:16.386  render           | Saved: '/tmp/tmpauyd8svz/frame_0038_depth.png'
33:16.390  render           | Saved: '/tmp/tmpauyd8svz/frame_0038_rgb.png'
33:16.750  render           | Saved: '/tmp/tmpauyd8svz/frame_0039_seg.png'
33:16.751  render           | Saved: '/tmp/tmpauyd8svz/frame_0039_depth.png'
33:16.754  render           | Saved: '/tmp/tmpauyd8svz/frame_0039_rgb.png'
33:17.121  render           | Saved: '/tmp/tmpauyd8svz/frame_0040_seg.png'
33:17.122  render           | Saved: '/tmp/tmpauyd8svz/frame_0040_depth.png'
33:17.125  render           | Saved: '/tmp/tmpauyd8svz/frame_0040_rgb.png'
33:17.514  render           | Saved: '/tmp/tmpauyd8svz/frame_0041_depth.png'
33:17.515  render           | Saved: '/tmp/tmpauyd8svz/frame_0041_seg.png'
33:17.518  render           | Saved: '/tmp/tmpauyd8svz/frame_0041_rgb.png'
33:17.886  render           | Saved: '/tmp/tmpauyd8svz/frame_0042_depth.png'
33:17.887  render           | Saved: '/tmp/tmpauyd8svz/frame_0042_seg.png'
33:17.890  render           | Saved: '/tmp/tmpauyd8svz/frame_0042_rgb.png'
33:18.252  render           | Saved: '/tmp/tmpauyd8svz/frame_0043_depth.png'
33:18.253  render           | Saved: '/tmp/tmpauyd8svz/frame_0043_seg.png'
33:18.256  render           | Saved: '/tmp/tmpauyd8svz/frame_0043_rgb.png'
33:18.619  render           | Saved: '/tmp/tmpauyd8svz/frame_0044_depth.png'
33:18.620  render           | Saved: '/tmp/tmpauyd8svz/frame_0044_seg.png'
33:18.623  render           | Saved: '/tmp/tmpauyd8svz/frame_0044_rgb.png'
33:18.982  render           | Saved: '/tmp/tmpauyd8svz/frame_0045_depth.png'
33:18.983  render           | Saved: '/tmp/tmpauyd8svz/frame_0045_seg.png'
33:18.986  render           | Saved: '/tmp/tmpauyd8svz/frame_0045_rgb.png'
33:19.351  render           | Saved: '/tmp/tmpauyd8svz/frame_0046_depth.png'
33:19.352  render           | Saved: '/tmp/tmpauyd8svz/frame_0046_seg.png'
33:19.355  render           | Saved: '/tmp/tmpauyd8svz/frame_0046_rgb.png'
33:19.723  render           | Saved: '/tmp/tmpauyd8svz/frame_0047_seg.png'
33:19.724  render           | Saved: '/tmp/tmpauyd8svz/frame_0047_depth.png'
33:19.727  render           | Saved: '/tmp/tmpauyd8svz/frame_0047_rgb.png'
33:20.086  render           | Saved: '/tmp/tmpauyd8svz/frame_0048_seg.png'
33:20.087  render           | Saved: '/tmp/tmpauyd8svz/frame_0048_depth.png'
33:20.091  render           | Saved: '/tmp/tmpauyd8svz/frame_0048_rgb.png'
33:20.461  render           | Saved: '/tmp/tmpauyd8svz/frame_0049_depth.png'
33:20.462  render           | Saved: '/tmp/tmpauyd8svz/frame_0049_seg.png'
33:20.465  render           | Saved: '/tmp/tmpauyd8svz/frame_0049_rgb.png'
33:20.835  render           | Saved: '/tmp/tmpauyd8svz/frame_0050_depth.png'
33:20.836  render           | Saved: '/tmp/tmpauyd8svz/frame_0050_seg.png'
33:20.840  render           | Saved: '/tmp/tmpauyd8svz/frame_0050_rgb.png'
33:21.204  render           | Saved: '/tmp/tmpauyd8svz/frame_0051_depth.png'
33:21.205  render           | Saved: '/tmp/tmpauyd8svz/frame_0051_seg.png'
33:21.208  render           | Saved: '/tmp/tmpauyd8svz/frame_0051_rgb.png'
33:21.596  render           | Saved: '/tmp/tmpauyd8svz/frame_0052_depth.png'
33:21.597  render           | Saved: '/tmp/tmpauyd8svz/frame_0052_seg.png'
33:21.600  render           | Saved: '/tmp/tmpauyd8svz/frame_0052_rgb.png'
33:21.993  render           | Saved: '/tmp/tmpauyd8svz/frame_0053_depth.png'
33:21.994  render           | Saved: '/tmp/tmpauyd8svz/frame_0053_seg.png'
33:21.997  render           | Saved: '/tmp/tmpauyd8svz/frame_0053_rgb.png'
33:22.362  render           | Saved: '/tmp/tmpauyd8svz/frame_0054_depth.png'
33:22.363  render           | Saved: '/tmp/tmpauyd8svz/frame_0054_seg.png'
33:22.366  render           | Saved: '/tmp/tmpauyd8svz/frame_0054_rgb.png'
33:22.729  render           | Saved: '/tmp/tmpauyd8svz/frame_0055_depth.png'
33:22.730  render           | Saved: '/tmp/tmpauyd8svz/frame_0055_seg.png'
33:22.733  render           | Saved: '/tmp/tmpauyd8svz/frame_0055_rgb.png'
33:23.096  render           | Saved: '/tmp/tmpauyd8svz/frame_0056_seg.png'
33:23.097  render           | Saved: '/tmp/tmpauyd8svz/frame_0056_depth.png'
33:23.100  render           | Saved: '/tmp/tmpauyd8svz/frame_0056_rgb.png'
33:23.468  render           | Saved: '/tmp/tmpauyd8svz/frame_0057_seg.png'
33:23.470  render           | Saved: '/tmp/tmpauyd8svz/frame_0057_depth.png'
33:23.473  render           | Saved: '/tmp/tmpauyd8svz/frame_0057_rgb.png'
33:23.841  render           | Saved: '/tmp/tmpauyd8svz/frame_0058_depth.png'
33:23.842  render           | Saved: '/tmp/tmpauyd8svz/frame_0058_seg.png'
33:23.846  render           | Saved: '/tmp/tmpauyd8svz/frame_0058_rgb.png'
33:24.204  render           | Saved: '/tmp/tmpauyd8svz/frame_0059_depth.png'
33:24.205  render           | Saved: '/tmp/tmpauyd8svz/frame_0059_seg.png'
33:24.209  render           | Saved: '/tmp/tmpauyd8svz/frame_0059_rgb.png'
33:24.573  render           | Saved: '/tmp/tmpauyd8svz/frame_0060_depth.png'
33:24.573  render           | Saved: '/tmp/tmpauyd8svz/frame_0060_seg.png'
33:24.577  render           | Saved: '/tmp/tmpauyd8svz/frame_0060_rgb.png'
33:24.933  render           | Saved: '/tmp/tmpauyd8svz/frame_0061_depth.png'
33:24.934  render           | Saved: '/tmp/tmpauyd8svz/frame_0061_seg.png'
33:24.937  render           | Saved: '/tmp/tmpauyd8svz/frame_0061_rgb.png'
33:25.295  render           | Saved: '/tmp/tmpauyd8svz/frame_0062_depth.png'
33:25.296  render           | Saved: '/tmp/tmpauyd8svz/frame_0062_seg.png'
33:25.299  render           | Saved: '/tmp/tmpauyd8svz/frame_0062_rgb.png'
33:25.659  render           | Saved: '/tmp/tmpauyd8svz/frame_0063_depth.png'
33:25.660  render           | Saved: '/tmp/tmpauyd8svz/frame_0063_seg.png'
33:25.663  render           | Saved: '/tmp/tmpauyd8svz/frame_0063_rgb.png'
35:18.885  render           | Saved: '/tmp/tmpxvtm3zrx/frame_0000_depth.png'
35:18.886  render           | Saved: '/tmp/tmpxvtm3zrx/frame_0000_seg.png'
35:18.889  render           | Saved: '/tmp/tmpxvtm3zrx/frame_0000_rgb.png'
35:19.304  render           | Saved: '/tmp/tmpxvtm3zrx/frame_0001_depth.png'
35:19.305  render           | Saved: '/tmp/tmpxvtm3zrx/frame_0001_seg.png'
35:19.308  render           | Saved: '/tmp/tmpxvtm3zrx/frame_0001_rgb.png'
35:19.722  render           | Saved: '/tmp/tmpxvtm3zrx/frame_0002_depth.png'
35:19.723  render           | Saved: '/tmp/tmpxvtm3zrx/frame_0002_seg.png'
35:19.726  render           | Saved: '/tmp/tmpxvtm3zrx/frame_0002_rgb.png'
35:20.139  render           | Saved: '/tmp/tmpxvtm3zrx/frame_0003_seg.png'
35:20.140  render           | Saved: '/tmp/tmpxvtm3zrx/frame_0003_depth.png'
35:20.143  render           | Saved: '/tmp/tmpxvtm3zrx/frame_0003_rgb.png'
35:20.587  render           | Saved: '/tmp/tmpxvtm3zrx/frame_0004_seg.png'
35:20.587  render           | Saved: '/tmp/tmpxvtm3zrx/frame_0004_depth.png'
35:20.590  render           | Saved: '/tmp/tmpxvtm3zrx/frame_0004_rgb.png'
35:20.995  render           | Saved: '/tmp/tmpxvtm3zrx/frame_0005_depth.png'
35:20.996  render           | Saved: '/tmp/tmpxvtm3zrx/frame_0005_seg.png'
35:20.999  render           | Saved: '/tmp/tmpxvtm3zrx/frame_0005_rgb.png'
35:21.409  render           | Saved: '/tmp/tmpxvtm3zrx/frame_0006_depth.png'
35:21.409  render           | Saved: '/tmp/tmpxvtm3zrx/frame_0006_seg.png'
35:21.412  render           | Saved: '/tmp/tmpxvtm3zrx/frame_0006_rgb.png'
35:21.827  render           | Saved: '/tmp/tmpxvtm3zrx/frame_0007_depth.png'
35:21.828  render           | Saved: '/tmp/tmpxvtm3zrx/frame_0007_seg.png'
35:21.831  render           | Saved: '/tmp/tmpxvtm3zrx/frame_0007_rgb.png'
35:22.233  render           | Saved: '/tmp/tmpxvtm3zrx/frame_0008_depth.png'
35:22.234  render           | Saved: '/tmp/tmpxvtm3zrx/frame_0008_seg.png'
35:22.237  render           | Saved: '/tmp/tmpxvtm3zrx/frame_0008_rgb.png'
35:22.660  render           | Saved: '/tmp/tmpxvtm3zrx/frame_0009_depth.png'
35:22.661  render           | Saved: '/tmp/tmpxvtm3zrx/frame_0009_seg.png'
35:22.664  render           | Saved: '/tmp/tmpxvtm3zrx/frame_0009_rgb.png'
35:23.087  render           | Saved: '/tmp/tmpxvtm3zrx/frame_0010_depth.png'
35:23.088  render           | Saved: '/tmp/tmpxvtm3zrx/frame_0010_seg.png'
35:23.091  render           | Saved: '/tmp/tmpxvtm3zrx/frame_0010_rgb.png'
35:23.511  render           | Saved: '/tmp/tmpxvtm3zrx/frame_0011_depth.png'
35:23.512  render           | Saved: '/tmp/tmpxvtm3zrx/frame_0011_seg.png'
35:23.515  render           | Saved: '/tmp/tmpxvtm3zrx/frame_0011_rgb.png'
35:23.919  render           | Saved: '/tmp/tmpxvtm3zrx/frame_0012_seg.png'
35:23.920  render           | Saved: '/tmp/tmpxvtm3zrx/frame_0012_depth.png'
35:23.923  render           | Saved: '/tmp/tmpxvtm3zrx/frame_0012_rgb.png'
35:24.320  render           | Saved: '/tmp/tmpxvtm3zrx/frame_0013_seg.png'
35:24.321  render           | Saved: '/tmp/tmpxvtm3zrx/frame_0013_depth.png'
35:24.324  render           | Saved: '/tmp/tmpxvtm3zrx/frame_0013_rgb.png'
35:24.734  render           | Saved: '/tmp/tmpxvtm3zrx/frame_0014_depth.png'
35:24.735  render           | Saved: '/tmp/tmpxvtm3zrx/frame_0014_seg.png'
35:24.738  render           | Saved: '/tmp/tmpxvtm3zrx/frame_0014_rgb.png'
35:25.149  render           | Saved: '/tmp/tmpxvtm3zrx/frame_0015_depth.png'
35:25.150  render           | Saved: '/tmp/tmpxvtm3zrx/frame_0015_seg.png'
35:25.153  render           | Saved: '/tmp/tmpxvtm3zrx/frame_0015_rgb.png'
35:25.564  render           | Saved: '/tmp/tmpxvtm3zrx/frame_0016_depth.png'
35:25.565  render           | Saved: '/tmp/tmpxvtm3zrx/frame_0016_seg.png'
35:25.568  render           | Saved: '/tmp/tmpxvtm3zrx/frame_0016_rgb.png'
35:25.980  render           | Saved: '/tmp/tmpxvtm3zrx/frame_0017_depth.png'
35:25.981  render           | Saved: '/tmp/tmpxvtm3zrx/frame_0017_seg.png'
35:25.984  render           | Saved: '/tmp/tmpxvtm3zrx/frame_0017_rgb.png'
35:26.391  render           | Saved: '/tmp/tmpxvtm3zrx/frame_0018_depth.png'
35:26.392  render           | Saved: '/tmp/tmpxvtm3zrx/frame_0018_seg.png'
35:26.395  render           | Saved: '/tmp/tmpxvtm3zrx/frame_0018_rgb.png'
35:26.795  render           | Saved: '/tmp/tmpxvtm3zrx/frame_0019_depth.png'
35:26.796  render           | Saved: '/tmp/tmpxvtm3zrx/frame_0019_seg.png'
35:26.799  render           | Saved: '/tmp/tmpxvtm3zrx/frame_0019_rgb.png'
35:27.200  render           | Saved: '/tmp/tmpxvtm3zrx/frame_0020_depth.png'
35:27.201  render           | Saved: '/tmp/tmpxvtm3zrx/frame_0020_seg.png'
35:27.204  render           | Saved: '/tmp/tmpxvtm3zrx/frame_0020_rgb.png'
35:27.611  render           | Saved: '/tmp/tmpxvtm3zrx/frame_0021_seg.png'
35:27.612  render           | Saved: '/tmp/tmpxvtm3zrx/frame_0021_depth.png'
35:27.615  render           | Saved: '/tmp/tmpxvtm3zrx/frame_0021_rgb.png'
35:28.016  render           | Saved: '/tmp/tmpxvtm3zrx/frame_0022_seg.png'
35:28.017  render           | Saved: '/tmp/tmpxvtm3zrx/frame_0022_depth.png'
35:28.020  render           | Saved: '/tmp/tmpxvtm3zrx/frame_0022_rgb.png'
35:28.416  render           | Saved: '/tmp/tmpxvtm3zrx/frame_0023_depth.png'
35:28.416  render           | Saved: '/tmp/tmpxvtm3zrx/frame_0023_seg.png'
35:28.420  render           | Saved: '/tmp/tmpxvtm3zrx/frame_0023_rgb.png'
35:28.829  render           | Saved: '/tmp/tmpxvtm3zrx/frame_0024_depth.png'
35:28.830  render           | Saved: '/tmp/tmpxvtm3zrx/frame_0024_seg.png'
35:28.833  render           | Saved: '/tmp/tmpxvtm3zrx/frame_0024_rgb.png'
35:29.242  render           | Saved: '/tmp/tmpxvtm3zrx/frame_0025_depth.png'
35:29.243  render           | Saved: '/tmp/tmpxvtm3zrx/frame_0025_seg.png'
35:29.246  render           | Saved: '/tmp/tmpxvtm3zrx/frame_0025_rgb.png'
35:29.650  render           | Saved: '/tmp/tmpxvtm3zrx/frame_0026_depth.png'
35:29.651  render           | Saved: '/tmp/tmpxvtm3zrx/frame_0026_seg.png'
35:29.655  render           | Saved: '/tmp/tmpxvtm3zrx/frame_0026_rgb.png'
35:30.059  render           | Saved: '/tmp/tmpxvtm3zrx/frame_0027_depth.png'
35:30.060  render           | Saved: '/tmp/tmpxvtm3zrx/frame_0027_seg.png'
35:30.063  render           | Saved: '/tmp/tmpxvtm3zrx/frame_0027_rgb.png'
35:30.478  render           | Saved: '/tmp/tmpxvtm3zrx/frame_0028_depth.png'
35:30.479  render           | Saved: '/tmp/tmpxvtm3zrx/frame_0028_seg.png'
35:30.482  render           | Saved: '/tmp/tmpxvtm3zrx/frame_0028_rgb.png'
35:30.882  render           | Saved: '/tmp/tmpxvtm3zrx/frame_0029_seg.png'
35:30.883  render           | Saved: '/tmp/tmpxvtm3zrx/frame_0029_depth.png'
35:30.886  render           | Saved: '/tmp/tmpxvtm3zrx/frame_0029_rgb.png'
35:31.301  render           | Saved: '/tmp/tmpxvtm3zrx/frame_0030_seg.png'
35:31.302  render           | Saved: '/tmp/tmpxvtm3zrx/frame_0030_depth.png'
35:31.305  render           | Saved: '/tmp/tmpxvtm3zrx/frame_0030_rgb.png'
35:31.723  render           | Saved: '/tmp/tmpxvtm3zrx/frame_0031_seg.png'
35:31.724  render           | Saved: '/tmp/tmpxvtm3zrx/frame_0031_depth.png'
35:31.727  render           | Saved: '/tmp/tmpxvtm3zrx/frame_0031_rgb.png'
35:32.135  render           | Saved: '/tmp/tmpxvtm3zrx/frame_0032_depth.png'
35:32.135  render           | Saved: '/tmp/tmpxvtm3zrx/frame_0032_seg.png'
35:32.138  render           | Saved: '/tmp/tmpxvtm3zrx/frame_0032_rgb.png'
35:32.553  render           | Saved: '/tmp/tmpxvtm3zrx/frame_0033_depth.png'
35:32.553  render           | Saved: '/tmp/tmpxvtm3zrx/frame_0033_seg.png'
35:32.557  render           | Saved: '/tmp/tmpxvtm3zrx/frame_0033_rgb.png'
35:32.961  render           | Saved: '/tmp/tmpxvtm3zrx/frame_0034_depth.png'
35:32.962  render           | Saved: '/tmp/tmpxvtm3zrx/frame_0034_seg.png'
35:32.966  render           | Saved: '/tmp/tmpxvtm3zrx/frame_0034_rgb.png'
35:33.366  render           | Saved: '/tmp/tmpxvtm3zrx/frame_0035_depth.png'
35:33.366  render           | Saved: '/tmp/tmpxvtm3zrx/frame_0035_seg.png'
35:33.369  render           | Saved: '/tmp/tmpxvtm3zrx/frame_0035_rgb.png'
35:33.787  render           | Saved: '/tmp/tmpxvtm3zrx/frame_0036_depth.png'
35:33.788  render           | Saved: '/tmp/tmpxvtm3zrx/frame_0036_seg.png'
35:33.791  render           | Saved: '/tmp/tmpxvtm3zrx/frame_0036_rgb.png'
35:34.197  render           | Saved: '/tmp/tmpxvtm3zrx/frame_0037_depth.png'
35:34.198  render           | Saved: '/tmp/tmpxvtm3zrx/frame_0037_seg.png'
35:34.201  render           | Saved: '/tmp/tmpxvtm3zrx/frame_0037_rgb.png'
35:34.610  render           | Saved: '/tmp/tmpxvtm3zrx/frame_0038_seg.png'
35:34.611  render           | Saved: '/tmp/tmpxvtm3zrx/frame_0038_depth.png'
35:34.614  render           | Saved: '/tmp/tmpxvtm3zrx/frame_0038_rgb.png'
35:35.025  render           | Saved: '/tmp/tmpxvtm3zrx/frame_0039_seg.png'
35:35.026  render           | Saved: '/tmp/tmpxvtm3zrx/frame_0039_depth.png'
35:35.029  render           | Saved: '/tmp/tmpxvtm3zrx/frame_0039_rgb.png'
35:35.432  render           | Saved: '/tmp/tmpxvtm3zrx/frame_0040_seg.png'
35:35.433  render           | Saved: '/tmp/tmpxvtm3zrx/frame_0040_depth.png'
35:35.436  render           | Saved: '/tmp/tmpxvtm3zrx/frame_0040_rgb.png'
35:35.846  render           | Saved: '/tmp/tmpxvtm3zrx/frame_0041_depth.png'
35:35.847  render           | Saved: '/tmp/tmpxvtm3zrx/frame_0041_seg.png'
35:35.850  render           | Saved: '/tmp/tmpxvtm3zrx/frame_0041_rgb.png'
35:36.255  render           | Saved: '/tmp/tmpxvtm3zrx/frame_0042_depth.png'
35:36.256  render           | Saved: '/tmp/tmpxvtm3zrx/frame_0042_seg.png'
35:36.259  render           | Saved: '/tmp/tmpxvtm3zrx/frame_0042_rgb.png'
35:36.663  render           | Saved: '/tmp/tmpxvtm3zrx/frame_0043_depth.png'
35:36.664  render           | Saved: '/tmp/tmpxvtm3zrx/frame_0043_seg.png'
35:36.667  render           | Saved: '/tmp/tmpxvtm3zrx/frame_0043_rgb.png'
35:37.067  render           | Saved: '/tmp/tmpxvtm3zrx/frame_0044_depth.png'
35:37.068  render           | Saved: '/tmp/tmpxvtm3zrx/frame_0044_seg.png'
35:37.071  render           | Saved: '/tmp/tmpxvtm3zrx/frame_0044_rgb.png'
35:37.471  render           | Saved: '/tmp/tmpxvtm3zrx/frame_0045_depth.png'
35:37.472  render           | Saved: '/tmp/tmpxvtm3zrx/frame_0045_seg.png'
35:37.475  render           | Saved: '/tmp/tmpxvtm3zrx/frame_0045_rgb.png'
35:37.873  render           | Saved: '/tmp/tmpxvtm3zrx/frame_0046_depth.png'
35:37.874  render           | Saved: '/tmp/tmpxvtm3zrx/frame_0046_seg.png'
35:37.877  render           | Saved: '/tmp/tmpxvtm3zrx/frame_0046_rgb.png'
35:38.273  render           | Saved: '/tmp/tmpxvtm3zrx/frame_0047_seg.png'
35:38.274  render           | Saved: '/tmp/tmpxvtm3zrx/frame_0047_depth.png'
35:38.278  render           | Saved: '/tmp/tmpxvtm3zrx/frame_0047_rgb.png'
35:38.679  render           | Saved: '/tmp/tmpxvtm3zrx/frame_0048_seg.png'
35:38.680  render           | Saved: '/tmp/tmpxvtm3zrx/frame_0048_depth.png'
35:38.683  render           | Saved: '/tmp/tmpxvtm3zrx/frame_0048_rgb.png'
35:39.088  render           | Saved: '/tmp/tmpxvtm3zrx/frame_0049_depth.png'
35:39.088  render           | Saved: '/tmp/tmpxvtm3zrx/frame_0049_seg.png'
35:39.091  render           | Saved: '/tmp/tmpxvtm3zrx/frame_0049_rgb.png'
35:39.496  render           | Saved: '/tmp/tmpxvtm3zrx/frame_0050_depth.png'
35:39.497  render           | Saved: '/tmp/tmpxvtm3zrx/frame_0050_seg.png'
35:39.500  render           | Saved: '/tmp/tmpxvtm3zrx/frame_0050_rgb.png'
35:39.902  render           | Saved: '/tmp/tmpxvtm3zrx/frame_0051_depth.png'
35:39.903  render           | Saved: '/tmp/tmpxvtm3zrx/frame_0051_seg.png'
35:39.906  render           | Saved: '/tmp/tmpxvtm3zrx/frame_0051_rgb.png'
35:40.307  render           | Saved: '/tmp/tmpxvtm3zrx/frame_0052_depth.png'
35:40.308  render           | Saved: '/tmp/tmpxvtm3zrx/frame_0052_seg.png'
35:40.311  render           | Saved: '/tmp/tmpxvtm3zrx/frame_0052_rgb.png'
35:40.716  render           | Saved: '/tmp/tmpxvtm3zrx/frame_0053_depth.png'
35:40.717  render           | Saved: '/tmp/tmpxvtm3zrx/frame_0053_seg.png'
35:40.720  render           | Saved: '/tmp/tmpxvtm3zrx/frame_0053_rgb.png'
35:41.124  render           | Saved: '/tmp/tmpxvtm3zrx/frame_0054_depth.png'
35:41.125  render           | Saved: '/tmp/tmpxvtm3zrx/frame_0054_seg.png'
35:41.128  render           | Saved: '/tmp/tmpxvtm3zrx/frame_0054_rgb.png'
35:41.531  render           | Saved: '/tmp/tmpxvtm3zrx/frame_0055_depth.png'
35:41.532  render           | Saved: '/tmp/tmpxvtm3zrx/frame_0055_seg.png'
35:41.535  render           | Saved: '/tmp/tmpxvtm3zrx/frame_0055_rgb.png'
35:41.938  render           | Saved: '/tmp/tmpxvtm3zrx/frame_0056_seg.png'
35:41.939  render           | Saved: '/tmp/tmpxvtm3zrx/frame_0056_depth.png'
35:41.942  render           | Saved: '/tmp/tmpxvtm3zrx/frame_0056_rgb.png'
35:42.344  render           | Saved: '/tmp/tmpxvtm3zrx/frame_0057_seg.png'
35:42.345  render           | Saved: '/tmp/tmpxvtm3zrx/frame_0057_depth.png'
35:42.348  render           | Saved: '/tmp/tmpxvtm3zrx/frame_0057_rgb.png'
35:42.763  render           | Saved: '/tmp/tmpxvtm3zrx/frame_0058_depth.png'
35:42.764  render           | Saved: '/tmp/tmpxvtm3zrx/frame_0058_seg.png'
35:42.767  render           | Saved: '/tmp/tmpxvtm3zrx/frame_0058_rgb.png'
35:43.192  render           | Saved: '/tmp/tmpxvtm3zrx/frame_0059_depth.png'
35:43.193  render           | Saved: '/tmp/tmpxvtm3zrx/frame_0059_seg.png'
35:43.197  render           | Saved: '/tmp/tmpxvtm3zrx/frame_0059_rgb.png'
35:43.629  render           | Saved: '/tmp/tmpxvtm3zrx/frame_0060_depth.png'
35:43.631  render           | Saved: '/tmp/tmpxvtm3zrx/frame_0060_seg.png'
35:43.634  render           | Saved: '/tmp/tmpxvtm3zrx/frame_0060_rgb.png'
35:44.040  render           | Saved: '/tmp/tmpxvtm3zrx/frame_0061_depth.png'
35:44.041  render           | Saved: '/tmp/tmpxvtm3zrx/frame_0061_seg.png'
35:44.044  render           | Saved: '/tmp/tmpxvtm3zrx/frame_0061_rgb.png'
35:44.459  render           | Saved: '/tmp/tmpxvtm3zrx/frame_0062_depth.png'
35:44.460  render           | Saved: '/tmp/tmpxvtm3zrx/frame_0062_seg.png'
35:44.463  render           | Saved: '/tmp/tmpxvtm3zrx/frame_0062_rgb.png'
35:44.875  render           | Saved: '/tmp/tmpxvtm3zrx/frame_0063_depth.png'
35:44.876  render           | Saved: '/tmp/tmpxvtm3zrx/frame_0063_seg.png'
35:44.879  render           | Saved: '/tmp/tmpxvtm3zrx/frame_0063_rgb.png'
35:45.405  render           | Saved: '/tmp/tmppk__1px1/frame_0000_depth.png'
35:45.406  render           | Saved: '/tmp/tmppk__1px1/frame_0000_seg.png'
35:45.409  render           | Saved: '/tmp/tmppk__1px1/frame_0000_rgb.png'
35:45.822  render           | Saved: '/tmp/tmppk__1px1/frame_0001_depth.png'
35:45.823  render           | Saved: '/tmp/tmppk__1px1/frame_0001_seg.png'
35:45.826  render           | Saved: '/tmp/tmppk__1px1/frame_0001_rgb.png'
35:46.252  render           | Saved: '/tmp/tmppk__1px1/frame_0002_depth.png'
35:46.253  render           | Saved: '/tmp/tmppk__1px1/frame_0002_seg.png'
35:46.256  render           | Saved: '/tmp/tmppk__1px1/frame_0002_rgb.png'
35:46.686  render           | Saved: '/tmp/tmppk__1px1/frame_0003_depth.png'
35:46.687  render           | Saved: '/tmp/tmppk__1px1/frame_0003_seg.png'
35:46.691  render           | Saved: '/tmp/tmppk__1px1/frame_0003_rgb.png'
35:47.118  render           | Saved: '/tmp/tmppk__1px1/frame_0004_depth.png'
35:47.119  render           | Saved: '/tmp/tmppk__1px1/frame_0004_seg.png'
35:47.122  render           | Saved: '/tmp/tmppk__1px1/frame_0004_rgb.png'
35:47.575  render           | Saved: '/tmp/tmppk__1px1/frame_0005_depth.png'
35:47.576  render           | Saved: '/tmp/tmppk__1px1/frame_0005_seg.png'
35:47.579  render           | Saved: '/tmp/tmppk__1px1/frame_0005_rgb.png'
35:47.998  render           | Saved: '/tmp/tmppk__1px1/frame_0006_seg.png'
35:47.999  render           | Saved: '/tmp/tmppk__1px1/frame_0006_depth.png'
35:48.002  render           | Saved: '/tmp/tmppk__1px1/frame_0006_rgb.png'
35:48.447  render           | Saved: '/tmp/tmppk__1px1/frame_0007_seg.png'
35:48.448  render           | Saved: '/tmp/tmppk__1px1/frame_0007_depth.png'
35:48.451  render           | Saved: '/tmp/tmppk__1px1/frame_0007_rgb.png'
35:48.868  render           | Saved: '/tmp/tmppk__1px1/frame_0008_depth.png'
35:48.869  render           | Saved: '/tmp/tmppk__1px1/frame_0008_seg.png'
35:48.872  render           | Saved: '/tmp/tmppk__1px1/frame_0008_rgb.png'
35:49.289  render           | Saved: '/tmp/tmppk__1px1/frame_0009_depth.png'
35:49.290  render           | Saved: '/tmp/tmppk__1px1/frame_0009_seg.png'
35:49.294  render           | Saved: '/tmp/tmppk__1px1/frame_0009_rgb.png'
35:49.717  render           | Saved: '/tmp/tmppk__1px1/frame_0010_depth.png'
35:49.718  render           | Saved: '/tmp/tmppk__1px1/frame_0010_seg.png'
35:49.721  render           | Saved: '/tmp/tmppk__1px1/frame_0010_rgb.png'
35:50.125  render           | Saved: '/tmp/tmppk__1px1/frame_0011_depth.png'
35:50.126  render           | Saved: '/tmp/tmppk__1px1/frame_0011_seg.png'
35:50.129  render           | Saved: '/tmp/tmppk__1px1/frame_0011_rgb.png'
35:50.535  render           | Saved: '/tmp/tmppk__1px1/frame_0012_depth.png'
35:50.536  render           | Saved: '/tmp/tmppk__1px1/frame_0012_seg.png'
35:50.539  render           | Saved: '/tmp/tmppk__1px1/frame_0012_rgb.png'
35:50.953  render           | Saved: '/tmp/tmppk__1px1/frame_0013_depth.png'
35:50.954  render           | Saved: '/tmp/tmppk__1px1/frame_0013_seg.png'
35:50.958  render           | Saved: '/tmp/tmppk__1px1/frame_0013_rgb.png'
35:51.390  render           | Saved: '/tmp/tmppk__1px1/frame_0014_depth.png'
35:51.391  render           | Saved: '/tmp/tmppk__1px1/frame_0014_seg.png'
35:51.394  render           | Saved: '/tmp/tmppk__1px1/frame_0014_rgb.png'
35:51.801  render           | Saved: '/tmp/tmppk__1px1/frame_0015_seg.png'
35:51.802  render           | Saved: '/tmp/tmppk__1px1/frame_0015_depth.png'
35:51.805  render           | Saved: '/tmp/tmppk__1px1/frame_0015_rgb.png'
35:52.212  render           | Saved: '/tmp/tmppk__1px1/frame_0016_seg.png'
35:52.213  render           | Saved: '/tmp/tmppk__1px1/frame_0016_depth.png'
35:52.216  render           | Saved: '/tmp/tmppk__1px1/frame_0016_rgb.png'
35:52.654  render           | Saved: '/tmp/tmppk__1px1/frame_0017_depth.png'
35:52.656  render           | Saved: '/tmp/tmppk__1px1/frame_0017_seg.png'
35:52.659  render           | Saved: '/tmp/tmppk__1px1/frame_0017_rgb.png'
35:53.069  render           | Saved: '/tmp/tmppk__1px1/frame_0018_depth.png'
35:53.070  render           | Saved: '/tmp/tmppk__1px1/frame_0018_seg.png'
35:53.073  render           | Saved: '/tmp/tmppk__1px1/frame_0018_rgb.png'
35:53.483  render           | Saved: '/tmp/tmppk__1px1/frame_0019_depth.png'
35:53.484  render           | Saved: '/tmp/tmppk__1px1/frame_0019_seg.png'
35:53.488  render           | Saved: '/tmp/tmppk__1px1/frame_0019_rgb.png'
35:53.893  render           | Saved: '/tmp/tmppk__1px1/frame_0020_depth.png'
35:53.894  render           | Saved: '/tmp/tmppk__1px1/frame_0020_seg.png'
35:53.897  render           | Saved: '/tmp/tmppk__1px1/frame_0020_rgb.png'
35:54.348  render           | Saved: '/tmp/tmppk__1px1/frame_0021_depth.png'
35:54.349  render           | Saved: '/tmp/tmppk__1px1/frame_0021_seg.png'
35:54.353  render           | Saved: '/tmp/tmppk__1px1/frame_0021_rgb.png'
35:54.769  render           | Saved: '/tmp/tmppk__1px1/frame_0022_depth.png'
35:54.770  render           | Saved: '/tmp/tmppk__1px1/frame_0022_seg.png'
35:54.773  render           | Saved: '/tmp/tmppk__1px1/frame_0022_rgb.png'
35:55.194  render           | Saved: '/tmp/tmppk__1px1/frame_0023_depth.png'
35:55.195  render           | Saved: '/tmp/tmppk__1px1/frame_0023_seg.png'
35:55.199  render           | Saved: '/tmp/tmppk__1px1/frame_0023_rgb.png'
35:55.614  render           | Saved: '/tmp/tmppk__1px1/frame_0024_seg.png'
35:55.615  render           | Saved: '/tmp/tmppk__1px1/frame_0024_depth.png'
35:55.618  render           | Saved: '/tmp/tmppk__1px1/frame_0024_rgb.png'
35:56.043  render           | Saved: '/tmp/tmppk__1px1/frame_0025_seg.png'
35:56.044  render           | Saved: '/tmp/tmppk__1px1/frame_0025_depth.png'
35:56.048  render           | Saved: '/tmp/tmppk__1px1/frame_0025_rgb.png'
35:56.459  render           | Saved: '/tmp/tmppk__1px1/frame_0026_depth.png'
35:56.460  render           | Saved: '/tmp/tmppk__1px1/frame_0026_seg.png'
35:56.463  render           | Saved: '/tmp/tmppk__1px1/frame_0026_rgb.png'
35:56.871  render           | Saved: '/tmp/tmppk__1px1/frame_0027_depth.png'
35:56.872  render           | Saved: '/tmp/tmppk__1px1/frame_0027_seg.png'
35:56.875  render           | Saved: '/tmp/tmppk__1px1/frame_0027_rgb.png'
35:57.297  render           | Saved: '/tmp/tmppk__1px1/frame_0028_depth.png'
35:57.298  render           | Saved: '/tmp/tmppk__1px1/frame_0028_seg.png'
35:57.301  render           | Saved: '/tmp/tmppk__1px1/frame_0028_rgb.png'
35:57.710  render           | Saved: '/tmp/tmppk__1px1/frame_0029_depth.png'
35:57.711  render           | Saved: '/tmp/tmppk__1px1/frame_0029_seg.png'
35:57.714  render           | Saved: '/tmp/tmppk__1px1/frame_0029_rgb.png'
35:58.122  render           | Saved: '/tmp/tmppk__1px1/frame_0030_depth.png'
35:58.123  render           | Saved: '/tmp/tmppk__1px1/frame_0030_seg.png'
35:58.126  render           | Saved: '/tmp/tmppk__1px1/frame_0030_rgb.png'
35:58.534  render           | Saved: '/tmp/tmppk__1px1/frame_0031_depth.png'
35:58.535  render           | Saved: '/tmp/tmppk__1px1/frame_0031_seg.png'
35:58.538  render           | Saved: '/tmp/tmppk__1px1/frame_0031_rgb.png'
35:58.953  render           | Saved: '/tmp/tmppk__1px1/frame_0032_depth.png'
35:58.954  render           | Saved: '/tmp/tmppk__1px1/frame_0032_seg.png'
35:58.957  render           | Saved: '/tmp/tmppk__1px1/frame_0032_rgb.png'
35:59.373  render           | Saved: '/tmp/tmppk__1px1/frame_0033_seg.png'
35:59.375  render           | Saved: '/tmp/tmppk__1px1/frame_0033_depth.png'
35:59.378  render           | Saved: '/tmp/tmppk__1px1/frame_0033_rgb.png'
35:59.825  render           | Saved: '/tmp/tmppk__1px1/frame_0034_seg.png'
35:59.826  render           | Saved: '/tmp/tmppk__1px1/frame_0034_depth.png'
35:59.830  render           | Saved: '/tmp/tmppk__1px1/frame_0034_rgb.png'
36:00.246  render           | Saved: '/tmp/tmppk__1px1/frame_0035_depth.png'
36:00.247  render           | Saved: '/tmp/tmppk__1px1/frame_0035_seg.png'
36:00.250  render           | Saved: '/tmp/tmppk__1px1/frame_0035_rgb.png'
36:00.667  render           | Saved: '/tmp/tmppk__1px1/frame_0036_depth.png'
36:00.667  render           | Saved: '/tmp/tmppk__1px1/frame_0036_seg.png'
36:00.670  render           | Saved: '/tmp/tmppk__1px1/frame_0036_rgb.png'
36:01.066  render           | Saved: '/tmp/tmppk__1px1/frame_0037_depth.png'
36:01.067  render           | Saved: '/tmp/tmppk__1px1/frame_0037_seg.png'
36:01.070  render           | Saved: '/tmp/tmppk__1px1/frame_0037_rgb.png'
36:01.465  render           | Saved: '/tmp/tmppk__1px1/frame_0038_depth.png'
36:01.466  render           | Saved: '/tmp/tmppk__1px1/frame_0038_seg.png'
36:01.469  render           | Saved: '/tmp/tmppk__1px1/frame_0038_rgb.png'
36:01.868  render           | Saved: '/tmp/tmppk__1px1/frame_0039_depth.png'
36:01.869  render           | Saved: '/tmp/tmppk__1px1/frame_0039_seg.png'
36:01.872  render           | Saved: '/tmp/tmppk__1px1/frame_0039_rgb.png'
36:02.271  render           | Saved: '/tmp/tmppk__1px1/frame_0040_depth.png'
36:02.272  render           | Saved: '/tmp/tmppk__1px1/frame_0040_seg.png'
36:02.276  render           | Saved: '/tmp/tmppk__1px1/frame_0040_rgb.png'
36:02.687  render           | Saved: '/tmp/tmppk__1px1/frame_0041_depth.png'
36:02.688  render           | Saved: '/tmp/tmppk__1px1/frame_0041_seg.png'
36:02.691  render           | Saved: '/tmp/tmppk__1px1/frame_0041_rgb.png'
36:03.095  render           | Saved: '/tmp/tmppk__1px1/frame_0042_seg.png'
36:03.096  render           | Saved: '/tmp/tmppk__1px1/frame_0042_depth.png'
36:03.099  render           | Saved: '/tmp/tmppk__1px1/frame_0042_rgb.png'
36:03.517  render           | Saved: '/tmp/tmppk__1px1/frame_0043_seg.png'
36:03.517  render           | Saved: '/tmp/tmppk__1px1/frame_0043_depth.png'
36:03.521  render           | Saved: '/tmp/tmppk__1px1/frame_0043_rgb.png'
36:03.915  render           | Saved: '/tmp/tmppk__1px1/frame_0044_depth.png'
36:03.916  render           | Saved: '/tmp/tmppk__1px1/frame_0044_seg.png'
36:03.919  render           | Saved: '/tmp/tmppk__1px1/frame_0044_rgb.png'
36:04.311  render           | Saved: '/tmp/tmppk__1px1/frame_0045_depth.png'
36:04.312  render           | Saved: '/tmp/tmppk__1px1/frame_0045_seg.png'
36:04.315  render           | Saved: '/tmp/tmppk__1px1/frame_0045_rgb.png'
36:04.720  render           | Saved: '/tmp/tmppk__1px1/frame_0046_depth.png'
36:04.721  render           | Saved: '/tmp/tmppk__1px1/frame_0046_seg.png'
36:04.724  render           | Saved: '/tmp/tmppk__1px1/frame_0046_rgb.png'
36:05.131  render           | Saved: '/tmp/tmppk__1px1/frame_0047_depth.png'
36:05.131  render           | Saved: '/tmp/tmppk__1px1/frame_0047_seg.png'
36:05.134  render           | Saved: '/tmp/tmppk__1px1/frame_0047_rgb.png'
36:05.545  render           | Saved: '/tmp/tmppk__1px1/frame_0048_depth.png'
36:05.546  render           | Saved: '/tmp/tmppk__1px1/frame_0048_seg.png'
36:05.549  render           | Saved: '/tmp/tmppk__1px1/frame_0048_rgb.png'
36:05.950  render           | Saved: '/tmp/tmppk__1px1/frame_0049_depth.png'
36:05.950  render           | Saved: '/tmp/tmppk__1px1/frame_0049_seg.png'
36:05.954  render           | Saved: '/tmp/tmppk__1px1/frame_0049_rgb.png'
36:06.355  render           | Saved: '/tmp/tmppk__1px1/frame_0050_depth.png'
36:06.356  render           | Saved: '/tmp/tmppk__1px1/frame_0050_seg.png'
36:06.359  render           | Saved: '/tmp/tmppk__1px1/frame_0050_rgb.png'
36:06.756  render           | Saved: '/tmp/tmppk__1px1/frame_0051_seg.png'
36:06.757  render           | Saved: '/tmp/tmppk__1px1/frame_0051_depth.png'
36:06.761  render           | Saved: '/tmp/tmppk__1px1/frame_0051_rgb.png'
36:07.163  render           | Saved: '/tmp/tmppk__1px1/frame_0052_seg.png'
36:07.164  render           | Saved: '/tmp/tmppk__1px1/frame_0052_depth.png'
36:07.168  render           | Saved: '/tmp/tmppk__1px1/frame_0052_rgb.png'
36:07.565  render           | Saved: '/tmp/tmppk__1px1/frame_0053_depth.png'
36:07.566  render           | Saved: '/tmp/tmppk__1px1/frame_0053_seg.png'
36:07.569  render           | Saved: '/tmp/tmppk__1px1/frame_0053_rgb.png'
36:07.969  render           | Saved: '/tmp/tmppk__1px1/frame_0054_depth.png'
36:07.970  render           | Saved: '/tmp/tmppk__1px1/frame_0054_seg.png'
36:07.973  render           | Saved: '/tmp/tmppk__1px1/frame_0054_rgb.png'
36:08.379  render           | Saved: '/tmp/tmppk__1px1/frame_0055_depth.png'
36:08.380  render           | Saved: '/tmp/tmppk__1px1/frame_0055_seg.png'
36:08.383  render           | Saved: '/tmp/tmppk__1px1/frame_0055_rgb.png'
36:08.792  render           | Saved: '/tmp/tmppk__1px1/frame_0056_depth.png'
36:08.792  render           | Saved: '/tmp/tmppk__1px1/frame_0056_seg.png'
36:08.796  render           | Saved: '/tmp/tmppk__1px1/frame_0056_rgb.png'
36:09.191  render           | Saved: '/tmp/tmppk__1px1/frame_0057_depth.png'
36:09.192  render           | Saved: '/tmp/tmppk__1px1/frame_0057_seg.png'
36:09.196  render           | Saved: '/tmp/tmppk__1px1/frame_0057_rgb.png'
36:09.596  render           | Saved: '/tmp/tmppk__1px1/frame_0058_depth.png'
36:09.597  render           | Saved: '/tmp/tmppk__1px1/frame_0058_seg.png'
36:09.600  render           | Saved: '/tmp/tmppk__1px1/frame_0058_rgb.png'
36:10.000  render           | Saved: '/tmp/tmppk__1px1/frame_0059_seg.png'
36:10.001  render           | Saved: '/tmp/tmppk__1px1/frame_0059_depth.png'
36:10.004  render           | Saved: '/tmp/tmppk__1px1/frame_0059_rgb.png'
36:10.403  render           | Saved: '/tmp/tmppk__1px1/frame_0060_seg.png'
36:10.403  render           | Saved: '/tmp/tmppk__1px1/frame_0060_depth.png'
36:10.406  render           | Saved: '/tmp/tmppk__1px1/frame_0060_rgb.png'
36:10.806  render           | Saved: '/tmp/tmppk__1px1/frame_0061_seg.png'
36:10.807  render           | Saved: '/tmp/tmppk__1px1/frame_0061_depth.png'
36:10.810  render           | Saved: '/tmp/tmppk__1px1/frame_0061_rgb.png'
36:11.213  render           | Saved: '/tmp/tmppk__1px1/frame_0062_depth.png'
36:11.213  render           | Saved: '/tmp/tmppk__1px1/frame_0062_seg.png'
36:11.216  render           | Saved: '/tmp/tmppk__1px1/frame_0062_rgb.png'
36:11.619  render           | Saved: '/tmp/tmppk__1px1/frame_0063_depth.png'
36:11.620  render           | Saved: '/tmp/tmppk__1px1/frame_0063_seg.png'
36:11.623  render           | Saved: '/tmp/tmppk__1px1/frame_0063_rgb.png'
38:05.905  render           | Saved: '/tmp/tmpl2jq88sk/frame_0000_depth.png'
38:05.906  render           | Saved: '/tmp/tmpl2jq88sk/frame_0000_seg.png'
38:05.909  render           | Saved: '/tmp/tmpl2jq88sk/frame_0000_rgb.png'
38:06.313  render           | Saved: '/tmp/tmpl2jq88sk/frame_0001_depth.png'
38:06.314  render           | Saved: '/tmp/tmpl2jq88sk/frame_0001_seg.png'
38:06.317  render           | Saved: '/tmp/tmpl2jq88sk/frame_0001_rgb.png'
38:06.720  render           | Saved: '/tmp/tmpl2jq88sk/frame_0002_seg.png'
38:06.721  render           | Saved: '/tmp/tmpl2jq88sk/frame_0002_depth.png'
38:06.724  render           | Saved: '/tmp/tmpl2jq88sk/frame_0002_rgb.png'
38:07.136  render           | Saved: '/tmp/tmpl2jq88sk/frame_0003_seg.png'
38:07.137  render           | Saved: '/tmp/tmpl2jq88sk/frame_0003_depth.png'
38:07.140  render           | Saved: '/tmp/tmpl2jq88sk/frame_0003_rgb.png'
38:07.564  render           | Saved: '/tmp/tmpl2jq88sk/frame_0004_depth.png'
38:07.565  render           | Saved: '/tmp/tmpl2jq88sk/frame_0004_seg.png'
38:07.568  render           | Saved: '/tmp/tmpl2jq88sk/frame_0004_rgb.png'
38:07.977  render           | Saved: '/tmp/tmpl2jq88sk/frame_0005_depth.png'
38:07.978  render           | Saved: '/tmp/tmpl2jq88sk/frame_0005_seg.png'
38:07.981  render           | Saved: '/tmp/tmpl2jq88sk/frame_0005_rgb.png'
38:08.393  render           | Saved: '/tmp/tmpl2jq88sk/frame_0006_depth.png'
38:08.394  render           | Saved: '/tmp/tmpl2jq88sk/frame_0006_seg.png'
38:08.397  render           | Saved: '/tmp/tmpl2jq88sk/frame_0006_rgb.png'
38:08.803  render           | Saved: '/tmp/tmpl2jq88sk/frame_0007_depth.png'
38:08.804  render           | Saved: '/tmp/tmpl2jq88sk/frame_0007_seg.png'
38:08.807  render           | Saved: '/tmp/tmpl2jq88sk/frame_0007_rgb.png'
38:09.221  render           | Saved: '/tmp/tmpl2jq88sk/frame_0008_depth.png'
38:09.222  render           | Saved: '/tmp/tmpl2jq88sk/frame_0008_seg.png'
38:09.225  render           | Saved: '/tmp/tmpl2jq88sk/frame_0008_rgb.png'
38:09.633  render           | Saved: '/tmp/tmpl2jq88sk/frame_0009_depth.png'
38:09.634  render           | Saved: '/tmp/tmpl2jq88sk/frame_0009_seg.png'
38:09.637  render           | Saved: '/tmp/tmpl2jq88sk/frame_0009_rgb.png'
38:10.062  render           | Saved: '/tmp/tmpl2jq88sk/frame_0010_depth.png'
38:10.063  render           | Saved: '/tmp/tmpl2jq88sk/frame_0010_seg.png'
38:10.066  render           | Saved: '/tmp/tmpl2jq88sk/frame_0010_rgb.png'
38:10.468  render           | Saved: '/tmp/tmpl2jq88sk/frame_0011_seg.png'
38:10.469  render           | Saved: '/tmp/tmpl2jq88sk/frame_0011_depth.png'
38:10.473  render           | Saved: '/tmp/tmpl2jq88sk/frame_0011_rgb.png'
38:10.908  render           | Saved: '/tmp/tmpl2jq88sk/frame_0012_seg.png'
38:10.909  render           | Saved: '/tmp/tmpl2jq88sk/frame_0012_depth.png'
38:10.914  render           | Saved: '/tmp/tmpl2jq88sk/frame_0012_rgb.png'
38:11.358  render           | Saved: '/tmp/tmpl2jq88sk/frame_0013_depth.png'
38:11.359  render           | Saved: '/tmp/tmpl2jq88sk/frame_0013_seg.png'
38:11.362  render           | Saved: '/tmp/tmpl2jq88sk/frame_0013_rgb.png'
38:11.777  render           | Saved: '/tmp/tmpl2jq88sk/frame_0014_depth.png'
38:11.778  render           | Saved: '/tmp/tmpl2jq88sk/frame_0014_seg.png'
38:11.781  render           | Saved: '/tmp/tmpl2jq88sk/frame_0014_rgb.png'
38:12.190  render           | Saved: '/tmp/tmpl2jq88sk/frame_0015_depth.png'
38:12.191  render           | Saved: '/tmp/tmpl2jq88sk/frame_0015_seg.png'
38:12.194  render           | Saved: '/tmp/tmpl2jq88sk/frame_0015_rgb.png'
38:12.621  render           | Saved: '/tmp/tmpl2jq88sk/frame_0016_depth.png'
38:12.622  render           | Saved: '/tmp/tmpl2jq88sk/frame_0016_seg.png'
38:12.625  render           | Saved: '/tmp/tmpl2jq88sk/frame_0016_rgb.png'
38:13.039  render           | Saved: '/tmp/tmpl2jq88sk/frame_0017_depth.png'
38:13.039  render           | Saved: '/tmp/tmpl2jq88sk/frame_0017_seg.png'
38:13.043  render           | Saved: '/tmp/tmpl2jq88sk/frame_0017_rgb.png'
38:13.453  render           | Saved: '/tmp/tmpl2jq88sk/frame_0018_depth.png'
38:13.453  render           | Saved: '/tmp/tmpl2jq88sk/frame_0018_seg.png'
38:13.457  render           | Saved: '/tmp/tmpl2jq88sk/frame_0018_rgb.png'
38:13.865  render           | Saved: '/tmp/tmpl2jq88sk/frame_0019_seg.png'
38:13.867  render           | Saved: '/tmp/tmpl2jq88sk/frame_0019_depth.png'
38:13.870  render           | Saved: '/tmp/tmpl2jq88sk/frame_0019_rgb.png'
38:14.280  render           | Saved: '/tmp/tmpl2jq88sk/frame_0020_seg.png'
38:14.281  render           | Saved: '/tmp/tmpl2jq88sk/frame_0020_depth.png'
38:14.285  render           | Saved: '/tmp/tmpl2jq88sk/frame_0020_rgb.png'
38:14.694  render           | Saved: '/tmp/tmpl2jq88sk/frame_0021_seg.png'
38:14.695  render           | Saved: '/tmp/tmpl2jq88sk/frame_0021_depth.png'
38:14.698  render           | Saved: '/tmp/tmpl2jq88sk/frame_0021_rgb.png'
38:15.106  render           | Saved: '/tmp/tmpl2jq88sk/frame_0022_depth.png'
38:15.107  render           | Saved: '/tmp/tmpl2jq88sk/frame_0022_seg.png'
38:15.110  render           | Saved: '/tmp/tmpl2jq88sk/frame_0022_rgb.png'
38:15.529  render           | Saved: '/tmp/tmpl2jq88sk/frame_0023_depth.png'
38:15.530  render           | Saved: '/tmp/tmpl2jq88sk/frame_0023_seg.png'
38:15.533  render           | Saved: '/tmp/tmpl2jq88sk/frame_0023_rgb.png'
38:15.942  render           | Saved: '/tmp/tmpl2jq88sk/frame_0024_depth.png'
38:15.942  render           | Saved: '/tmp/tmpl2jq88sk/frame_0024_seg.png'
38:15.946  render           | Saved: '/tmp/tmpl2jq88sk/frame_0024_rgb.png'
38:16.361  render           | Saved: '/tmp/tmpl2jq88sk/frame_0025_depth.png'
38:16.362  render           | Saved: '/tmp/tmpl2jq88sk/frame_0025_seg.png'
38:16.365  render           | Saved: '/tmp/tmpl2jq88sk/frame_0025_rgb.png'
38:16.778  render           | Saved: '/tmp/tmpl2jq88sk/frame_0026_depth.png'
38:16.779  render           | Saved: '/tmp/tmpl2jq88sk/frame_0026_seg.png'
38:16.782  render           | Saved: '/tmp/tmpl2jq88sk/frame_0026_rgb.png'
38:17.217  render           | Saved: '/tmp/tmpl2jq88sk/frame_0027_depth.png'
38:17.218  render           | Saved: '/tmp/tmpl2jq88sk/frame_0027_seg.png'
38:17.221  render           | Saved: '/tmp/tmpl2jq88sk/frame_0027_rgb.png'
38:17.657  render           | Saved: '/tmp/tmpl2jq88sk/frame_0028_seg.png'
38:17.658  render           | Saved: '/tmp/tmpl2jq88sk/frame_0028_depth.png'
38:17.662  render           | Saved: '/tmp/tmpl2jq88sk/frame_0028_rgb.png'
38:18.082  render           | Saved: '/tmp/tmpl2jq88sk/frame_0029_seg.png'
38:18.082  render           | Saved: '/tmp/tmpl2jq88sk/frame_0029_depth.png'
38:18.086  render           | Saved: '/tmp/tmpl2jq88sk/frame_0029_rgb.png'
38:18.514  render           | Saved: '/tmp/tmpl2jq88sk/frame_0030_seg.png'
38:18.515  render           | Saved: '/tmp/tmpl2jq88sk/frame_0030_depth.png'
38:18.518  render           | Saved: '/tmp/tmpl2jq88sk/frame_0030_rgb.png'
38:18.951  render           | Saved: '/tmp/tmpl2jq88sk/frame_0031_depth.png'
38:18.952  render           | Saved: '/tmp/tmpl2jq88sk/frame_0031_seg.png'
38:18.955  render           | Saved: '/tmp/tmpl2jq88sk/frame_0031_rgb.png'
38:19.384  render           | Saved: '/tmp/tmpl2jq88sk/frame_0032_depth.png'
38:19.385  render           | Saved: '/tmp/tmpl2jq88sk/frame_0032_seg.png'
38:19.389  render           | Saved: '/tmp/tmpl2jq88sk/frame_0032_rgb.png'
38:19.805  render           | Saved: '/tmp/tmpl2jq88sk/frame_0033_depth.png'
38:19.806  render           | Saved: '/tmp/tmpl2jq88sk/frame_0033_seg.png'
38:19.810  render           | Saved: '/tmp/tmpl2jq88sk/frame_0033_rgb.png'
38:20.224  render           | Saved: '/tmp/tmpl2jq88sk/frame_0034_depth.png'
38:20.225  render           | Saved: '/tmp/tmpl2jq88sk/frame_0034_seg.png'
38:20.228  render           | Saved: '/tmp/tmpl2jq88sk/frame_0034_rgb.png'
38:20.655  render           | Saved: '/tmp/tmpl2jq88sk/frame_0035_depth.png'
38:20.656  render           | Saved: '/tmp/tmpl2jq88sk/frame_0035_seg.png'
38:20.660  render           | Saved: '/tmp/tmpl2jq88sk/frame_0035_rgb.png'
38:21.089  render           | Saved: '/tmp/tmpl2jq88sk/frame_0036_depth.png'
38:21.090  render           | Saved: '/tmp/tmpl2jq88sk/frame_0036_seg.png'
38:21.094  render           | Saved: '/tmp/tmpl2jq88sk/frame_0036_rgb.png'
38:21.526  render           | Saved: '/tmp/tmpl2jq88sk/frame_0037_seg.png'
38:21.527  render           | Saved: '/tmp/tmpl2jq88sk/frame_0037_depth.png'
38:21.530  render           | Saved: '/tmp/tmpl2jq88sk/frame_0037_rgb.png'
38:21.965  render           | Saved: '/tmp/tmpl2jq88sk/frame_0038_seg.png'
38:21.966  render           | Saved: '/tmp/tmpl2jq88sk/frame_0038_depth.png'
38:21.969  render           | Saved: '/tmp/tmpl2jq88sk/frame_0038_rgb.png'
38:22.387  render           | Saved: '/tmp/tmpl2jq88sk/frame_0039_depth.png'
38:22.387  render           | Saved: '/tmp/tmpl2jq88sk/frame_0039_seg.png'
38:22.391  render           | Saved: '/tmp/tmpl2jq88sk/frame_0039_rgb.png'
38:22.815  render           | Saved: '/tmp/tmpl2jq88sk/frame_0040_depth.png'
38:22.816  render           | Saved: '/tmp/tmpl2jq88sk/frame_0040_seg.png'
38:22.819  render           | Saved: '/tmp/tmpl2jq88sk/frame_0040_rgb.png'
38:23.286  render           | Saved: '/tmp/tmpl2jq88sk/frame_0041_depth.png'
38:23.287  render           | Saved: '/tmp/tmpl2jq88sk/frame_0041_seg.png'
38:23.291  render           | Saved: '/tmp/tmpl2jq88sk/frame_0041_rgb.png'
38:23.711  render           | Saved: '/tmp/tmpl2jq88sk/frame_0042_depth.png'
38:23.712  render           | Saved: '/tmp/tmpl2jq88sk/frame_0042_seg.png'
38:23.715  render           | Saved: '/tmp/tmpl2jq88sk/frame_0042_rgb.png'
38:24.128  render           | Saved: '/tmp/tmpl2jq88sk/frame_0043_depth.png'
38:24.129  render           | Saved: '/tmp/tmpl2jq88sk/frame_0043_seg.png'
38:24.132  render           | Saved: '/tmp/tmpl2jq88sk/frame_0043_rgb.png'
38:24.541  render           | Saved: '/tmp/tmpl2jq88sk/frame_0044_depth.png'
38:24.542  render           | Saved: '/tmp/tmpl2jq88sk/frame_0044_seg.png'
38:24.545  render           | Saved: '/tmp/tmpl2jq88sk/frame_0044_rgb.png'
38:24.959  render           | Saved: '/tmp/tmpl2jq88sk/frame_0045_depth.png'
38:24.960  render           | Saved: '/tmp/tmpl2jq88sk/frame_0045_seg.png'
38:24.964  render           | Saved: '/tmp/tmpl2jq88sk/frame_0045_rgb.png'
38:25.393  render           | Saved: '/tmp/tmpl2jq88sk/frame_0046_seg.png'
38:25.394  render           | Saved: '/tmp/tmpl2jq88sk/frame_0046_depth.png'
38:25.397  render           | Saved: '/tmp/tmpl2jq88sk/frame_0046_rgb.png'
38:25.834  render           | Saved: '/tmp/tmpl2jq88sk/frame_0047_seg.png'
38:25.835  render           | Saved: '/tmp/tmpl2jq88sk/frame_0047_depth.png'
38:25.838  render           | Saved: '/tmp/tmpl2jq88sk/frame_0047_rgb.png'
38:26.261  render           | Saved: '/tmp/tmpl2jq88sk/frame_0048_depth.png'
38:26.262  render           | Saved: '/tmp/tmpl2jq88sk/frame_0048_seg.png'
38:26.266  render           | Saved: '/tmp/tmpl2jq88sk/frame_0048_rgb.png'
38:26.715  render           | Saved: '/tmp/tmpl2jq88sk/frame_0049_depth.png'
38:26.716  render           | Saved: '/tmp/tmpl2jq88sk/frame_0049_seg.png'
38:26.719  render           | Saved: '/tmp/tmpl2jq88sk/frame_0049_rgb.png'
38:27.163  render           | Saved: '/tmp/tmpl2jq88sk/frame_0050_depth.png'
38:27.165  render           | Saved: '/tmp/tmpl2jq88sk/frame_0050_seg.png'
38:27.168  render           | Saved: '/tmp/tmpl2jq88sk/frame_0050_rgb.png'
38:27.628  render           | Saved: '/tmp/tmpl2jq88sk/frame_0051_depth.png'
38:27.629  render           | Saved: '/tmp/tmpl2jq88sk/frame_0051_seg.png'
38:27.632  render           | Saved: '/tmp/tmpl2jq88sk/frame_0051_rgb.png'
38:28.062  render           | Saved: '/tmp/tmpl2jq88sk/frame_0052_depth.png'
38:28.063  render           | Saved: '/tmp/tmpl2jq88sk/frame_0052_seg.png'
38:28.066  render           | Saved: '/tmp/tmpl2jq88sk/frame_0052_rgb.png'
38:28.496  render           | Saved: '/tmp/tmpl2jq88sk/frame_0053_depth.png'
38:28.497  render           | Saved: '/tmp/tmpl2jq88sk/frame_0053_seg.png'
38:28.500  render           | Saved: '/tmp/tmpl2jq88sk/frame_0053_rgb.png'
38:28.922  render           | Saved: '/tmp/tmpl2jq88sk/frame_0054_depth.png'
38:28.922  render           | Saved: '/tmp/tmpl2jq88sk/frame_0054_seg.png'
38:28.926  render           | Saved: '/tmp/tmpl2jq88sk/frame_0054_rgb.png'
38:29.343  render           | Saved: '/tmp/tmpl2jq88sk/frame_0055_seg.png'
38:29.344  render           | Saved: '/tmp/tmpl2jq88sk/frame_0055_depth.png'
38:29.347  render           | Saved: '/tmp/tmpl2jq88sk/frame_0055_rgb.png'
38:29.779  render           | Saved: '/tmp/tmpl2jq88sk/frame_0056_seg.png'
38:29.780  render           | Saved: '/tmp/tmpl2jq88sk/frame_0056_depth.png'
38:29.783  render           | Saved: '/tmp/tmpl2jq88sk/frame_0056_rgb.png'
38:30.214  render           | Saved: '/tmp/tmpl2jq88sk/frame_0057_depth.png'
38:30.215  render           | Saved: '/tmp/tmpl2jq88sk/frame_0057_seg.png'
38:30.218  render           | Saved: '/tmp/tmpl2jq88sk/frame_0057_rgb.png'
38:30.643  render           | Saved: '/tmp/tmpl2jq88sk/frame_0058_depth.png'
38:30.644  render           | Saved: '/tmp/tmpl2jq88sk/frame_0058_seg.png'
38:30.647  render           | Saved: '/tmp/tmpl2jq88sk/frame_0058_rgb.png'
38:31.088  render           | Saved: '/tmp/tmpl2jq88sk/frame_0059_depth.png'
38:31.088  render           | Saved: '/tmp/tmpl2jq88sk/frame_0059_seg.png'
38:31.092  render           | Saved: '/tmp/tmpl2jq88sk/frame_0059_rgb.png'
38:31.530  render           | Saved: '/tmp/tmpl2jq88sk/frame_0060_depth.png'
38:31.531  render           | Saved: '/tmp/tmpl2jq88sk/frame_0060_seg.png'
38:31.535  render           | Saved: '/tmp/tmpl2jq88sk/frame_0060_rgb.png'
38:31.970  render           | Saved: '/tmp/tmpl2jq88sk/frame_0061_depth.png'
38:31.971  render           | Saved: '/tmp/tmpl2jq88sk/frame_0061_seg.png'
38:31.974  render           | Saved: '/tmp/tmpl2jq88sk/frame_0061_rgb.png'
38:32.405  render           | Saved: '/tmp/tmpl2jq88sk/frame_0062_depth.png'
38:32.406  render           | Saved: '/tmp/tmpl2jq88sk/frame_0062_seg.png'
38:32.409  render           | Saved: '/tmp/tmpl2jq88sk/frame_0062_rgb.png'
38:32.834  render           | Saved: '/tmp/tmpl2jq88sk/frame_0063_depth.png'
38:32.836  render           | Saved: '/tmp/tmpl2jq88sk/frame_0063_seg.png'
38:32.840  render           | Saved: '/tmp/tmpl2jq88sk/frame_0063_rgb.png'
38:33.351  render           | Saved: '/tmp/tmp61hq_epq/frame_0000_depth.png'
38:33.352  render           | Saved: '/tmp/tmp61hq_epq/frame_0000_seg.png'
38:33.355  render           | Saved: '/tmp/tmp61hq_epq/frame_0000_rgb.png'
38:33.784  render           | Saved: '/tmp/tmp61hq_epq/frame_0001_depth.png'
38:33.785  render           | Saved: '/tmp/tmp61hq_epq/frame_0001_seg.png'
38:33.788  render           | Saved: '/tmp/tmp61hq_epq/frame_0001_rgb.png'
38:34.217  render           | Saved: '/tmp/tmp61hq_epq/frame_0002_depth.png'
38:34.218  render           | Saved: '/tmp/tmp61hq_epq/frame_0002_seg.png'
38:34.221  render           | Saved: '/tmp/tmp61hq_epq/frame_0002_rgb.png'
38:34.638  render           | Saved: '/tmp/tmp61hq_epq/frame_0003_depth.png'
38:34.638  render           | Saved: '/tmp/tmp61hq_epq/frame_0003_seg.png'
38:34.642  render           | Saved: '/tmp/tmp61hq_epq/frame_0003_rgb.png'
38:35.052  render           | Saved: '/tmp/tmp61hq_epq/frame_0004_seg.png'
38:35.053  render           | Saved: '/tmp/tmp61hq_epq/frame_0004_depth.png'
38:35.057  render           | Saved: '/tmp/tmp61hq_epq/frame_0004_rgb.png'
38:35.466  render           | Saved: '/tmp/tmp61hq_epq/frame_0005_seg.png'
38:35.467  render           | Saved: '/tmp/tmp61hq_epq/frame_0005_depth.png'
38:35.470  render           | Saved: '/tmp/tmp61hq_epq/frame_0005_rgb.png'
38:35.883  render           | Saved: '/tmp/tmp61hq_epq/frame_0006_depth.png'
38:35.884  render           | Saved: '/tmp/tmp61hq_epq/frame_0006_seg.png'
38:35.887  render           | Saved: '/tmp/tmp61hq_epq/frame_0006_rgb.png'
38:36.309  render           | Saved: '/tmp/tmp61hq_epq/frame_0007_depth.png'
38:36.310  render           | Saved: '/tmp/tmp61hq_epq/frame_0007_seg.png'
38:36.313  render           | Saved: '/tmp/tmp61hq_epq/frame_0007_rgb.png'
38:36.722  render           | Saved: '/tmp/tmp61hq_epq/frame_0008_depth.png'
38:36.722  render           | Saved: '/tmp/tmp61hq_epq/frame_0008_seg.png'
38:36.726  render           | Saved: '/tmp/tmp61hq_epq/frame_0008_rgb.png'
38:37.130  render           | Saved: '/tmp/tmp61hq_epq/frame_0009_depth.png'
38:37.131  render           | Saved: '/tmp/tmp61hq_epq/frame_0009_seg.png'
38:37.134  render           | Saved: '/tmp/tmp61hq_epq/frame_0009_rgb.png'
38:37.540  render           | Saved: '/tmp/tmp61hq_epq/frame_0010_depth.png'
38:37.540  render           | Saved: '/tmp/tmp61hq_epq/frame_0010_seg.png'
38:37.544  render           | Saved: '/tmp/tmp61hq_epq/frame_0010_rgb.png'
38:37.949  render           | Saved: '/tmp/tmp61hq_epq/frame_0011_depth.png'
38:37.950  render           | Saved: '/tmp/tmp61hq_epq/frame_0011_seg.png'
38:37.953  render           | Saved: '/tmp/tmp61hq_epq/frame_0011_rgb.png'
38:38.357  render           | Saved: '/tmp/tmp61hq_epq/frame_0012_depth.png'
38:38.358  render           | Saved: '/tmp/tmp61hq_epq/frame_0012_seg.png'
38:38.361  render           | Saved: '/tmp/tmp61hq_epq/frame_0012_rgb.png'
38:38.789  render           | Saved: '/tmp/tmp61hq_epq/frame_0013_seg.png'
38:38.790  render           | Saved: '/tmp/tmp61hq_epq/frame_0013_depth.png'
38:38.793  render           | Saved: '/tmp/tmp61hq_epq/frame_0013_rgb.png'
38:39.210  render           | Saved: '/tmp/tmp61hq_epq/frame_0014_seg.png'
38:39.211  render           | Saved: '/tmp/tmp61hq_epq/frame_0014_depth.png'
38:39.214  render           | Saved: '/tmp/tmp61hq_epq/frame_0014_rgb.png'
38:39.644  render           | Saved: '/tmp/tmp61hq_epq/frame_0015_depth.png'
38:39.645  render           | Saved: '/tmp/tmp61hq_epq/frame_0015_seg.png'
38:39.648  render           | Saved: '/tmp/tmp61hq_epq/frame_0015_rgb.png'
38:40.083  render           | Saved: '/tmp/tmp61hq_epq/frame_0016_depth.png'
38:40.084  render           | Saved: '/tmp/tmp61hq_epq/frame_0016_seg.png'
38:40.087  render           | Saved: '/tmp/tmp61hq_epq/frame_0016_rgb.png'
38:40.526  render           | Saved: '/tmp/tmp61hq_epq/frame_0017_depth.png'
38:40.527  render           | Saved: '/tmp/tmp61hq_epq/frame_0017_seg.png'
38:40.530  render           | Saved: '/tmp/tmp61hq_epq/frame_0017_rgb.png'
38:40.950  render           | Saved: '/tmp/tmp61hq_epq/frame_0018_depth.png'
38:40.950  render           | Saved: '/tmp/tmp61hq_epq/frame_0018_seg.png'
38:40.954  render           | Saved: '/tmp/tmp61hq_epq/frame_0018_rgb.png'
38:41.362  render           | Saved: '/tmp/tmp61hq_epq/frame_0019_depth.png'
38:41.363  render           | Saved: '/tmp/tmp61hq_epq/frame_0019_seg.png'
38:41.367  render           | Saved: '/tmp/tmp61hq_epq/frame_0019_rgb.png'
38:41.786  render           | Saved: '/tmp/tmp61hq_epq/frame_0020_depth.png'
38:41.787  render           | Saved: '/tmp/tmp61hq_epq/frame_0020_seg.png'
38:41.790  render           | Saved: '/tmp/tmp61hq_epq/frame_0020_rgb.png'
38:42.202  render           | Saved: '/tmp/tmp61hq_epq/frame_0021_depth.png'
38:42.203  render           | Saved: '/tmp/tmp61hq_epq/frame_0021_seg.png'
38:42.206  render           | Saved: '/tmp/tmp61hq_epq/frame_0021_rgb.png'
38:42.626  render           | Saved: '/tmp/tmp61hq_epq/frame_0022_seg.png'
38:42.627  render           | Saved: '/tmp/tmp61hq_epq/frame_0022_depth.png'
38:42.630  render           | Saved: '/tmp/tmp61hq_epq/frame_0022_rgb.png'
38:43.056  render           | Saved: '/tmp/tmp61hq_epq/frame_0023_seg.png'
38:43.057  render           | Saved: '/tmp/tmp61hq_epq/frame_0023_depth.png'
38:43.061  render           | Saved: '/tmp/tmp61hq_epq/frame_0023_rgb.png'
38:43.473  render           | Saved: '/tmp/tmp61hq_epq/frame_0024_depth.png'
38:43.474  render           | Saved: '/tmp/tmp61hq_epq/frame_0024_seg.png'
38:43.477  render           | Saved: '/tmp/tmp61hq_epq/frame_0024_rgb.png'
38:43.884  render           | Saved: '/tmp/tmp61hq_epq/frame_0025_depth.png'
38:43.885  render           | Saved: '/tmp/tmp61hq_epq/frame_0025_seg.png'
38:43.888  render           | Saved: '/tmp/tmp61hq_epq/frame_0025_rgb.png'
38:44.302  render           | Saved: '/tmp/tmp61hq_epq/frame_0026_depth.png'
38:44.303  render           | Saved: '/tmp/tmp61hq_epq/frame_0026_seg.png'
38:44.307  render           | Saved: '/tmp/tmp61hq_epq/frame_0026_rgb.png'
38:44.713  render           | Saved: '/tmp/tmp61hq_epq/frame_0027_depth.png'
38:44.714  render           | Saved: '/tmp/tmp61hq_epq/frame_0027_seg.png'
38:44.717  render           | Saved: '/tmp/tmp61hq_epq/frame_0027_rgb.png'
38:45.135  render           | Saved: '/tmp/tmp61hq_epq/frame_0028_depth.png'
38:45.136  render           | Saved: '/tmp/tmp61hq_epq/frame_0028_seg.png'
38:45.139  render           | Saved: '/tmp/tmp61hq_epq/frame_0028_rgb.png'
38:45.564  render           | Saved: '/tmp/tmp61hq_epq/frame_0029_depth.png'
38:45.565  render           | Saved: '/tmp/tmp61hq_epq/frame_0029_seg.png'
38:45.568  render           | Saved: '/tmp/tmp61hq_epq/frame_0029_rgb.png'
38:45.973  render           | Saved: '/tmp/tmp61hq_epq/frame_0030_depth.png'
38:45.974  render           | Saved: '/tmp/tmp61hq_epq/frame_0030_seg.png'
38:45.977  render           | Saved: '/tmp/tmp61hq_epq/frame_0030_rgb.png'
38:46.397  render           | Saved: '/tmp/tmp61hq_epq/frame_0031_seg.png'
38:46.398  render           | Saved: '/tmp/tmp61hq_epq/frame_0031_depth.png'
38:46.401  render           | Saved: '/tmp/tmp61hq_epq/frame_0031_rgb.png'
38:46.824  render           | Saved: '/tmp/tmp61hq_epq/frame_0032_seg.png'
38:46.825  render           | Saved: '/tmp/tmp61hq_epq/frame_0032_depth.png'
38:46.828  render           | Saved: '/tmp/tmp61hq_epq/frame_0032_rgb.png'
38:47.263  render           | Saved: '/tmp/tmp61hq_epq/frame_0033_depth.png'
38:47.264  render           | Saved: '/tmp/tmp61hq_epq/frame_0033_seg.png'
38:47.268  render           | Saved: '/tmp/tmp61hq_epq/frame_0033_rgb.png'
38:47.688  render           | Saved: '/tmp/tmp61hq_epq/frame_0034_depth.png'
38:47.689  render           | Saved: '/tmp/tmp61hq_epq/frame_0034_seg.png'
38:47.692  render           | Saved: '/tmp/tmp61hq_epq/frame_0034_rgb.png'
38:48.104  render           | Saved: '/tmp/tmp61hq_epq/frame_0035_depth.png'
38:48.105  render           | Saved: '/tmp/tmp61hq_epq/frame_0035_seg.png'
38:48.109  render           | Saved: '/tmp/tmp61hq_epq/frame_0035_rgb.png'
38:48.523  render           | Saved: '/tmp/tmp61hq_epq/frame_0036_depth.png'
38:48.524  render           | Saved: '/tmp/tmp61hq_epq/frame_0036_seg.png'
38:48.527  render           | Saved: '/tmp/tmp61hq_epq/frame_0036_rgb.png'
38:48.932  render           | Saved: '/tmp/tmp61hq_epq/frame_0037_depth.png'
38:48.933  render           | Saved: '/tmp/tmp61hq_epq/frame_0037_seg.png'
38:48.937  render           | Saved: '/tmp/tmp61hq_epq/frame_0037_rgb.png'
38:49.353  render           | Saved: '/tmp/tmp61hq_epq/frame_0038_depth.png'
38:49.354  render           | Saved: '/tmp/tmp61hq_epq/frame_0038_seg.png'
38:49.357  render           | Saved: '/tmp/tmp61hq_epq/frame_0038_rgb.png'
38:49.766  render           | Saved: '/tmp/tmp61hq_epq/frame_0039_seg.png'
38:49.767  render           | Saved: '/tmp/tmp61hq_epq/frame_0039_depth.png'
38:49.771  render           | Saved: '/tmp/tmp61hq_epq/frame_0039_rgb.png'
38:50.180  render           | Saved: '/tmp/tmp61hq_epq/frame_0040_seg.png'
38:50.181  render           | Saved: '/tmp/tmp61hq_epq/frame_0040_depth.png'
38:50.184  render           | Saved: '/tmp/tmp61hq_epq/frame_0040_rgb.png'
38:50.602  render           | Saved: '/tmp/tmp61hq_epq/frame_0041_seg.png'
38:50.603  render           | Saved: '/tmp/tmp61hq_epq/frame_0041_depth.png'
38:50.607  render           | Saved: '/tmp/tmp61hq_epq/frame_0041_rgb.png'
38:51.011  render           | Saved: '/tmp/tmp61hq_epq/frame_0042_depth.png'
38:51.012  render           | Saved: '/tmp/tmp61hq_epq/frame_0042_seg.png'
38:51.015  render           | Saved: '/tmp/tmp61hq_epq/frame_0042_rgb.png'
38:51.424  render           | Saved: '/tmp/tmp61hq_epq/frame_0043_depth.png'
38:51.425  render           | Saved: '/tmp/tmp61hq_epq/frame_0043_seg.png'
38:51.428  render           | Saved: '/tmp/tmp61hq_epq/frame_0043_rgb.png'
38:51.842  render           | Saved: '/tmp/tmp61hq_epq/frame_0044_depth.png'
38:51.843  render           | Saved: '/tmp/tmp61hq_epq/frame_0044_seg.png'
38:51.846  render           | Saved: '/tmp/tmp61hq_epq/frame_0044_rgb.png'
38:52.274  render           | Saved: '/tmp/tmp61hq_epq/frame_0045_depth.png'
38:52.275  render           | Saved: '/tmp/tmp61hq_epq/frame_0045_seg.png'
38:52.278  render           | Saved: '/tmp/tmp61hq_epq/frame_0045_rgb.png'
38:52.703  render           | Saved: '/tmp/tmp61hq_epq/frame_0046_depth.png'
38:52.704  render           | Saved: '/tmp/tmp61hq_epq/frame_0046_seg.png'
38:52.707  render           | Saved: '/tmp/tmp61hq_epq/frame_0046_rgb.png'
38:53.153  render           | Saved: '/tmp/tmp61hq_epq/frame_0047_depth.png'
38:53.155  render           | Saved: '/tmp/tmp61hq_epq/frame_0047_seg.png'
38:53.160  render           | Saved: '/tmp/tmp61hq_epq/frame_0047_rgb.png'
38:53.597  render           | Saved: '/tmp/tmp61hq_epq/frame_0048_seg.png'
38:53.598  render           | Saved: '/tmp/tmp61hq_epq/frame_0048_depth.png'
38:53.601  render           | Saved: '/tmp/tmp61hq_epq/frame_0048_rgb.png'
38:54.026  render           | Saved: '/tmp/tmp61hq_epq/frame_0049_seg.png'
38:54.026  render           | Saved: '/tmp/tmp61hq_epq/frame_0049_depth.png'
38:54.030  render           | Saved: '/tmp/tmp61hq_epq/frame_0049_rgb.png'
38:54.442  render           | Saved: '/tmp/tmp61hq_epq/frame_0050_seg.png'
38:54.444  render           | Saved: '/tmp/tmp61hq_epq/frame_0050_depth.png'
38:54.447  render           | Saved: '/tmp/tmp61hq_epq/frame_0050_rgb.png'
38:54.867  render           | Saved: '/tmp/tmp61hq_epq/frame_0051_depth.png'
38:54.868  render           | Saved: '/tmp/tmp61hq_epq/frame_0051_seg.png'
38:54.871  render           | Saved: '/tmp/tmp61hq_epq/frame_0051_rgb.png'
38:55.293  render           | Saved: '/tmp/tmp61hq_epq/frame_0052_depth.png'
38:55.294  render           | Saved: '/tmp/tmp61hq_epq/frame_0052_seg.png'
38:55.297  render           | Saved: '/tmp/tmp61hq_epq/frame_0052_rgb.png'
38:55.712  render           | Saved: '/tmp/tmp61hq_epq/frame_0053_depth.png'
38:55.713  render           | Saved: '/tmp/tmp61hq_epq/frame_0053_seg.png'
38:55.717  render           | Saved: '/tmp/tmp61hq_epq/frame_0053_rgb.png'
38:56.127  render           | Saved: '/tmp/tmp61hq_epq/frame_0054_depth.png'
38:56.128  render           | Saved: '/tmp/tmp61hq_epq/frame_0054_seg.png'
38:56.131  render           | Saved: '/tmp/tmp61hq_epq/frame_0054_rgb.png'
38:56.544  render           | Saved: '/tmp/tmp61hq_epq/frame_0055_depth.png'
38:56.544  render           | Saved: '/tmp/tmp61hq_epq/frame_0055_seg.png'
38:56.548  render           | Saved: '/tmp/tmp61hq_epq/frame_0055_rgb.png'
38:56.965  render           | Saved: '/tmp/tmp61hq_epq/frame_0056_depth.png'
38:56.967  render           | Saved: '/tmp/tmp61hq_epq/frame_0056_seg.png'
38:56.970  render           | Saved: '/tmp/tmp61hq_epq/frame_0056_rgb.png'
38:57.384  render           | Saved: '/tmp/tmp61hq_epq/frame_0057_seg.png'
38:57.385  render           | Saved: '/tmp/tmp61hq_epq/frame_0057_depth.png'
38:57.388  render           | Saved: '/tmp/tmp61hq_epq/frame_0057_rgb.png'
38:57.822  render           | Saved: '/tmp/tmp61hq_epq/frame_0058_seg.png'
38:57.823  render           | Saved: '/tmp/tmp61hq_epq/frame_0058_depth.png'
38:57.827  render           | Saved: '/tmp/tmp61hq_epq/frame_0058_rgb.png'
38:58.253  render           | Saved: '/tmp/tmp61hq_epq/frame_0059_depth.png'
38:58.254  render           | Saved: '/tmp/tmp61hq_epq/frame_0059_seg.png'
38:58.257  render           | Saved: '/tmp/tmp61hq_epq/frame_0059_rgb.png'
38:58.683  render           | Saved: '/tmp/tmp61hq_epq/frame_0060_depth.png'
38:58.684  render           | Saved: '/tmp/tmp61hq_epq/frame_0060_seg.png'
38:58.687  render           | Saved: '/tmp/tmp61hq_epq/frame_0060_rgb.png'
38:59.121  render           | Saved: '/tmp/tmp61hq_epq/frame_0061_depth.png'
38:59.122  render           | Saved: '/tmp/tmp61hq_epq/frame_0061_seg.png'
38:59.125  render           | Saved: '/tmp/tmp61hq_epq/frame_0061_rgb.png'
38:59.537  render           | Saved: '/tmp/tmp61hq_epq/frame_0062_depth.png'
38:59.538  render           | Saved: '/tmp/tmp61hq_epq/frame_0062_seg.png'
38:59.541  render           | Saved: '/tmp/tmp61hq_epq/frame_0062_rgb.png'
38:59.951  render           | Saved: '/tmp/tmp61hq_epq/frame_0063_depth.png'
38:59.952  render           | Saved: '/tmp/tmp61hq_epq/frame_0063_seg.png'
38:59.955  render           | Saved: '/tmp/tmp61hq_epq/frame_0063_rgb.png'
40:53.243  render           | Saved: '/tmp/tmp3dg1jw7p/frame_0000_depth.png'
40:53.244  render           | Saved: '/tmp/tmp3dg1jw7p/frame_0000_seg.png'
40:53.247  render           | Saved: '/tmp/tmp3dg1jw7p/frame_0000_rgb.png'
40:53.644  render           | Saved: '/tmp/tmp3dg1jw7p/frame_0001_depth.png'
40:53.645  render           | Saved: '/tmp/tmp3dg1jw7p/frame_0001_seg.png'
40:53.648  render           | Saved: '/tmp/tmp3dg1jw7p/frame_0001_rgb.png'
40:54.040  render           | Saved: '/tmp/tmp3dg1jw7p/frame_0002_seg.png'
40:54.041  render           | Saved: '/tmp/tmp3dg1jw7p/frame_0002_depth.png'
40:54.044  render           | Saved: '/tmp/tmp3dg1jw7p/frame_0002_rgb.png'
40:54.433  render           | Saved: '/tmp/tmp3dg1jw7p/frame_0003_seg.png'
40:54.434  render           | Saved: '/tmp/tmp3dg1jw7p/frame_0003_depth.png'
40:54.437  render           | Saved: '/tmp/tmp3dg1jw7p/frame_0003_rgb.png'
40:54.819  render           | Saved: '/tmp/tmp3dg1jw7p/frame_0004_depth.png'
40:54.820  render           | Saved: '/tmp/tmp3dg1jw7p/frame_0004_seg.png'
40:54.823  render           | Saved: '/tmp/tmp3dg1jw7p/frame_0004_rgb.png'
40:55.209  render           | Saved: '/tmp/tmp3dg1jw7p/frame_0005_depth.png'
40:55.210  render           | Saved: '/tmp/tmp3dg1jw7p/frame_0005_seg.png'
40:55.213  render           | Saved: '/tmp/tmp3dg1jw7p/frame_0005_rgb.png'
40:55.591  render           | Saved: '/tmp/tmp3dg1jw7p/frame_0006_depth.png'
40:55.592  render           | Saved: '/tmp/tmp3dg1jw7p/frame_0006_seg.png'
40:55.595  render           | Saved: '/tmp/tmp3dg1jw7p/frame_0006_rgb.png'
40:55.973  render           | Saved: '/tmp/tmp3dg1jw7p/frame_0007_depth.png'
40:55.974  render           | Saved: '/tmp/tmp3dg1jw7p/frame_0007_seg.png'
40:55.977  render           | Saved: '/tmp/tmp3dg1jw7p/frame_0007_rgb.png'
40:56.358  render           | Saved: '/tmp/tmp3dg1jw7p/frame_0008_depth.png'
40:56.358  render           | Saved: '/tmp/tmp3dg1jw7p/frame_0008_seg.png'
40:56.361  render           | Saved: '/tmp/tmp3dg1jw7p/frame_0008_rgb.png'
40:56.740  render           | Saved: '/tmp/tmp3dg1jw7p/frame_0009_depth.png'
40:56.741  render           | Saved: '/tmp/tmp3dg1jw7p/frame_0009_seg.png'
40:56.744  render           | Saved: '/tmp/tmp3dg1jw7p/frame_0009_rgb.png'
40:57.121  render           | Saved: '/tmp/tmp3dg1jw7p/frame_0010_depth.png'
40:57.122  render           | Saved: '/tmp/tmp3dg1jw7p/frame_0010_seg.png'
40:57.125  render           | Saved: '/tmp/tmp3dg1jw7p/frame_0010_rgb.png'
40:57.508  render           | Saved: '/tmp/tmp3dg1jw7p/frame_0011_seg.png'
40:57.509  render           | Saved: '/tmp/tmp3dg1jw7p/frame_0011_depth.png'
40:57.512  render           | Saved: '/tmp/tmp3dg1jw7p/frame_0011_rgb.png'
40:57.895  render           | Saved: '/tmp/tmp3dg1jw7p/frame_0012_seg.png'
40:57.896  render           | Saved: '/tmp/tmp3dg1jw7p/frame_0012_depth.png'
40:57.899  render           | Saved: '/tmp/tmp3dg1jw7p/frame_0012_rgb.png'
40:58.287  render           | Saved: '/tmp/tmp3dg1jw7p/frame_0013_depth.png'
40:58.288  render           | Saved: '/tmp/tmp3dg1jw7p/frame_0013_seg.png'
40:58.291  render           | Saved: '/tmp/tmp3dg1jw7p/frame_0013_rgb.png'
40:58.664  render           | Saved: '/tmp/tmp3dg1jw7p/frame_0014_depth.png'
40:58.664  render           | Saved: '/tmp/tmp3dg1jw7p/frame_0014_seg.png'
40:58.668  render           | Saved: '/tmp/tmp3dg1jw7p/frame_0014_rgb.png'
40:59.048  render           | Saved: '/tmp/tmp3dg1jw7p/frame_0015_depth.png'
40:59.049  render           | Saved: '/tmp/tmp3dg1jw7p/frame_0015_seg.png'
40:59.052  render           | Saved: '/tmp/tmp3dg1jw7p/frame_0015_rgb.png'
40:59.429  render           | Saved: '/tmp/tmp3dg1jw7p/frame_0016_depth.png'
40:59.430  render           | Saved: '/tmp/tmp3dg1jw7p/frame_0016_seg.png'
40:59.434  render           | Saved: '/tmp/tmp3dg1jw7p/frame_0016_rgb.png'
40:59.811  render           | Saved: '/tmp/tmp3dg1jw7p/frame_0017_depth.png'
40:59.812  render           | Saved: '/tmp/tmp3dg1jw7p/frame_0017_seg.png'
40:59.815  render           | Saved: '/tmp/tmp3dg1jw7p/frame_0017_rgb.png'
41:00.195  render           | Saved: '/tmp/tmp3dg1jw7p/frame_0018_depth.png'
41:00.196  render           | Saved: '/tmp/tmp3dg1jw7p/frame_0018_seg.png'
41:00.199  render           | Saved: '/tmp/tmp3dg1jw7p/frame_0018_rgb.png'
41:00.578  render           | Saved: '/tmp/tmp3dg1jw7p/frame_0019_seg.png'
41:00.579  render           | Saved: '/tmp/tmp3dg1jw7p/frame_0019_depth.png'
41:00.582  render           | Saved: '/tmp/tmp3dg1jw7p/frame_0019_rgb.png'
41:00.967  render           | Saved: '/tmp/tmp3dg1jw7p/frame_0020_seg.png'
41:00.968  render           | Saved: '/tmp/tmp3dg1jw7p/frame_0020_depth.png'
41:00.971  render           | Saved: '/tmp/tmp3dg1jw7p/frame_0020_rgb.png'
41:01.354  render           | Saved: '/tmp/tmp3dg1jw7p/frame_0021_seg.png'
41:01.355  render           | Saved: '/tmp/tmp3dg1jw7p/frame_0021_depth.png'
41:01.358  render           | Saved: '/tmp/tmp3dg1jw7p/frame_0021_rgb.png'
41:01.738  render           | Saved: '/tmp/tmp3dg1jw7p/frame_0022_depth.png'
41:01.738  render           | Saved: '/tmp/tmp3dg1jw7p/frame_0022_seg.png'
41:01.742  render           | Saved: '/tmp/tmp3dg1jw7p/frame_0022_rgb.png'
41:02.122  render           | Saved: '/tmp/tmp3dg1jw7p/frame_0023_depth.png'
41:02.123  render           | Saved: '/tmp/tmp3dg1jw7p/frame_0023_seg.png'
41:02.126  render           | Saved: '/tmp/tmp3dg1jw7p/frame_0023_rgb.png'
41:02.507  render           | Saved: '/tmp/tmp3dg1jw7p/frame_0024_depth.png'
41:02.508  render           | Saved: '/tmp/tmp3dg1jw7p/frame_0024_seg.png'
41:02.511  render           | Saved: '/tmp/tmp3dg1jw7p/frame_0024_rgb.png'
41:02.896  render           | Saved: '/tmp/tmp3dg1jw7p/frame_0025_depth.png'
41:02.897  render           | Saved: '/tmp/tmp3dg1jw7p/frame_0025_seg.png'
41:02.901  render           | Saved: '/tmp/tmp3dg1jw7p/frame_0025_rgb.png'
41:03.298  render           | Saved: '/tmp/tmp3dg1jw7p/frame_0026_depth.png'
41:03.299  render           | Saved: '/tmp/tmp3dg1jw7p/frame_0026_seg.png'
41:03.302  render           | Saved: '/tmp/tmp3dg1jw7p/frame_0026_rgb.png'
41:03.710  render           | Saved: '/tmp/tmp3dg1jw7p/frame_0027_depth.png'
41:03.711  render           | Saved: '/tmp/tmp3dg1jw7p/frame_0027_seg.png'
41:03.714  render           | Saved: '/tmp/tmp3dg1jw7p/frame_0027_rgb.png'
41:04.119  render           | Saved: '/tmp/tmp3dg1jw7p/frame_0028_seg.png'
41:04.119  render           | Saved: '/tmp/tmp3dg1jw7p/frame_0028_depth.png'
41:04.123  render           | Saved: '/tmp/tmp3dg1jw7p/frame_0028_rgb.png'
41:04.509  render           | Saved: '/tmp/tmp3dg1jw7p/frame_0029_seg.png'
41:04.510  render           | Saved: '/tmp/tmp3dg1jw7p/frame_0029_depth.png'
41:04.513  render           | Saved: '/tmp/tmp3dg1jw7p/frame_0029_rgb.png'
41:04.892  render           | Saved: '/tmp/tmp3dg1jw7p/frame_0030_seg.png'
41:04.893  render           | Saved: '/tmp/tmp3dg1jw7p/frame_0030_depth.png'
41:04.896  render           | Saved: '/tmp/tmp3dg1jw7p/frame_0030_rgb.png'
41:05.281  render           | Saved: '/tmp/tmp3dg1jw7p/frame_0031_depth.png'
41:05.282  render           | Saved: '/tmp/tmp3dg1jw7p/frame_0031_seg.png'
41:05.286  render           | Saved: '/tmp/tmp3dg1jw7p/frame_0031_rgb.png'
41:05.665  render           | Saved: '/tmp/tmp3dg1jw7p/frame_0032_depth.png'
41:05.666  render           | Saved: '/tmp/tmp3dg1jw7p/frame_0032_seg.png'
41:05.669  render           | Saved: '/tmp/tmp3dg1jw7p/frame_0032_rgb.png'
41:06.051  render           | Saved: '/tmp/tmp3dg1jw7p/frame_0033_depth.png'
41:06.052  render           | Saved: '/tmp/tmp3dg1jw7p/frame_0033_seg.png'
41:06.055  render           | Saved: '/tmp/tmp3dg1jw7p/frame_0033_rgb.png'
41:06.435  render           | Saved: '/tmp/tmp3dg1jw7p/frame_0034_depth.png'
41:06.436  render           | Saved: '/tmp/tmp3dg1jw7p/frame_0034_seg.png'
41:06.439  render           | Saved: '/tmp/tmp3dg1jw7p/frame_0034_rgb.png'
41:06.818  render           | Saved: '/tmp/tmp3dg1jw7p/frame_0035_depth.png'
41:06.819  render           | Saved: '/tmp/tmp3dg1jw7p/frame_0035_seg.png'
41:06.822  render           | Saved: '/tmp/tmp3dg1jw7p/frame_0035_rgb.png'
41:07.203  render           | Saved: '/tmp/tmp3dg1jw7p/frame_0036_depth.png'
41:07.204  render           | Saved: '/tmp/tmp3dg1jw7p/frame_0036_seg.png'
41:07.207  render           | Saved: '/tmp/tmp3dg1jw7p/frame_0036_rgb.png'
41:07.590  render           | Saved: '/tmp/tmp3dg1jw7p/frame_0037_seg.png'
41:07.591  render           | Saved: '/tmp/tmp3dg1jw7p/frame_0037_depth.png'
41:07.595  render           | Saved: '/tmp/tmp3dg1jw7p/frame_0037_rgb.png'
41:07.976  render           | Saved: '/tmp/tmp3dg1jw7p/frame_0038_seg.png'
41:07.977  render           | Saved: '/tmp/tmp3dg1jw7p/frame_0038_depth.png'
41:07.980  render           | Saved: '/tmp/tmp3dg1jw7p/frame_0038_rgb.png'
41:08.368  render           | Saved: '/tmp/tmp3dg1jw7p/frame_0039_depth.png'
41:08.369  render           | Saved: '/tmp/tmp3dg1jw7p/frame_0039_seg.png'
41:08.373  render           | Saved: '/tmp/tmp3dg1jw7p/frame_0039_rgb.png'
41:08.759  render           | Saved: '/tmp/tmp3dg1jw7p/frame_0040_depth.png'
41:08.759  render           | Saved: '/tmp/tmp3dg1jw7p/frame_0040_seg.png'
41:08.763  render           | Saved: '/tmp/tmp3dg1jw7p/frame_0040_rgb.png'
41:09.166  render           | Saved: '/tmp/tmp3dg1jw7p/frame_0041_depth.png'
41:09.167  render           | Saved: '/tmp/tmp3dg1jw7p/frame_0041_seg.png'
41:09.170  render           | Saved: '/tmp/tmp3dg1jw7p/frame_0041_rgb.png'
41:09.564  render           | Saved: '/tmp/tmp3dg1jw7p/frame_0042_depth.png'
41:09.565  render           | Saved: '/tmp/tmp3dg1jw7p/frame_0042_seg.png'
41:09.568  render           | Saved: '/tmp/tmp3dg1jw7p/frame_0042_rgb.png'
41:09.952  render           | Saved: '/tmp/tmp3dg1jw7p/frame_0043_depth.png'
41:09.953  render           | Saved: '/tmp/tmp3dg1jw7p/frame_0043_seg.png'
41:09.956  render           | Saved: '/tmp/tmp3dg1jw7p/frame_0043_rgb.png'
41:10.361  render           | Saved: '/tmp/tmp3dg1jw7p/frame_0044_depth.png'
41:10.362  render           | Saved: '/tmp/tmp3dg1jw7p/frame_0044_seg.png'
41:10.365  render           | Saved: '/tmp/tmp3dg1jw7p/frame_0044_rgb.png'
41:10.759  render           | Saved: '/tmp/tmp3dg1jw7p/frame_0045_depth.png'
41:10.760  render           | Saved: '/tmp/tmp3dg1jw7p/frame_0045_seg.png'
41:10.763  render           | Saved: '/tmp/tmp3dg1jw7p/frame_0045_rgb.png'
41:11.156  render           | Saved: '/tmp/tmp3dg1jw7p/frame_0046_seg.png'
41:11.157  render           | Saved: '/tmp/tmp3dg1jw7p/frame_0046_depth.png'
41:11.160  render           | Saved: '/tmp/tmp3dg1jw7p/frame_0046_rgb.png'
41:11.548  render           | Saved: '/tmp/tmp3dg1jw7p/frame_0047_seg.png'
41:11.549  render           | Saved: '/tmp/tmp3dg1jw7p/frame_0047_depth.png'
41:11.552  render           | Saved: '/tmp/tmp3dg1jw7p/frame_0047_rgb.png'
41:11.934  render           | Saved: '/tmp/tmp3dg1jw7p/frame_0048_depth.png'
41:11.935  render           | Saved: '/tmp/tmp3dg1jw7p/frame_0048_seg.png'
41:11.938  render           | Saved: '/tmp/tmp3dg1jw7p/frame_0048_rgb.png'
41:12.321  render           | Saved: '/tmp/tmp3dg1jw7p/frame_0049_depth.png'
41:12.321  render           | Saved: '/tmp/tmp3dg1jw7p/frame_0049_seg.png'
41:12.324  render           | Saved: '/tmp/tmp3dg1jw7p/frame_0049_rgb.png'
41:12.715  render           | Saved: '/tmp/tmp3dg1jw7p/frame_0050_depth.png'
41:12.716  render           | Saved: '/tmp/tmp3dg1jw7p/frame_0050_seg.png'
41:12.719  render           | Saved: '/tmp/tmp3dg1jw7p/frame_0050_rgb.png'
41:13.101  render           | Saved: '/tmp/tmp3dg1jw7p/frame_0051_depth.png'
41:13.102  render           | Saved: '/tmp/tmp3dg1jw7p/frame_0051_seg.png'
41:13.105  render           | Saved: '/tmp/tmp3dg1jw7p/frame_0051_rgb.png'
41:13.495  render           | Saved: '/tmp/tmp3dg1jw7p/frame_0052_depth.png'
41:13.495  render           | Saved: '/tmp/tmp3dg1jw7p/frame_0052_seg.png'
41:13.499  render           | Saved: '/tmp/tmp3dg1jw7p/frame_0052_rgb.png'
41:13.876  render           | Saved: '/tmp/tmp3dg1jw7p/frame_0053_depth.png'
41:13.877  render           | Saved: '/tmp/tmp3dg1jw7p/frame_0053_seg.png'
41:13.880  render           | Saved: '/tmp/tmp3dg1jw7p/frame_0053_rgb.png'
41:14.258  render           | Saved: '/tmp/tmp3dg1jw7p/frame_0054_depth.png'
41:14.258  render           | Saved: '/tmp/tmp3dg1jw7p/frame_0054_seg.png'
41:14.262  render           | Saved: '/tmp/tmp3dg1jw7p/frame_0054_rgb.png'
41:14.646  render           | Saved: '/tmp/tmp3dg1jw7p/frame_0055_seg.png'
41:14.647  render           | Saved: '/tmp/tmp3dg1jw7p/frame_0055_depth.png'
41:14.651  render           | Saved: '/tmp/tmp3dg1jw7p/frame_0055_rgb.png'
41:15.046  render           | Saved: '/tmp/tmp3dg1jw7p/frame_0056_seg.png'
41:15.047  render           | Saved: '/tmp/tmp3dg1jw7p/frame_0056_depth.png'
41:15.050  render           | Saved: '/tmp/tmp3dg1jw7p/frame_0056_rgb.png'
41:15.457  render           | Saved: '/tmp/tmp3dg1jw7p/frame_0057_depth.png'
41:15.458  render           | Saved: '/tmp/tmp3dg1jw7p/frame_0057_seg.png'
41:15.462  render           | Saved: '/tmp/tmp3dg1jw7p/frame_0057_rgb.png'
41:15.852  render           | Saved: '/tmp/tmp3dg1jw7p/frame_0058_depth.png'
41:15.853  render           | Saved: '/tmp/tmp3dg1jw7p/frame_0058_seg.png'
41:15.856  render           | Saved: '/tmp/tmp3dg1jw7p/frame_0058_rgb.png'
41:16.239  render           | Saved: '/tmp/tmp3dg1jw7p/frame_0059_depth.png'
41:16.240  render           | Saved: '/tmp/tmp3dg1jw7p/frame_0059_seg.png'
41:16.243  render           | Saved: '/tmp/tmp3dg1jw7p/frame_0059_rgb.png'
41:16.634  render           | Saved: '/tmp/tmp3dg1jw7p/frame_0060_depth.png'
41:16.635  render           | Saved: '/tmp/tmp3dg1jw7p/frame_0060_seg.png'
41:16.638  render           | Saved: '/tmp/tmp3dg1jw7p/frame_0060_rgb.png'
41:17.029  render           | Saved: '/tmp/tmp3dg1jw7p/frame_0061_depth.png'
41:17.030  render           | Saved: '/tmp/tmp3dg1jw7p/frame_0061_seg.png'
41:17.033  render           | Saved: '/tmp/tmp3dg1jw7p/frame_0061_rgb.png'
41:17.426  render           | Saved: '/tmp/tmp3dg1jw7p/frame_0062_depth.png'
41:17.427  render           | Saved: '/tmp/tmp3dg1jw7p/frame_0062_seg.png'
41:17.430  render           | Saved: '/tmp/tmp3dg1jw7p/frame_0062_rgb.png'
41:17.819  render           | Saved: '/tmp/tmp3dg1jw7p/frame_0063_depth.png'
41:17.820  render           | Saved: '/tmp/tmp3dg1jw7p/frame_0063_seg.png'
41:17.823  render           | Saved: '/tmp/tmp3dg1jw7p/frame_0063_rgb.png'
41:18.358  render           | Saved: '/tmp/tmp15q9eg7l/frame_0000_depth.png'
41:18.359  render           | Saved: '/tmp/tmp15q9eg7l/frame_0000_seg.png'
41:18.362  render           | Saved: '/tmp/tmp15q9eg7l/frame_0000_rgb.png'
41:18.779  render           | Saved: '/tmp/tmp15q9eg7l/frame_0001_depth.png'
41:18.780  render           | Saved: '/tmp/tmp15q9eg7l/frame_0001_seg.png'
41:18.783  render           | Saved: '/tmp/tmp15q9eg7l/frame_0001_rgb.png'
41:19.210  render           | Saved: '/tmp/tmp15q9eg7l/frame_0002_seg.png'
41:19.211  render           | Saved: '/tmp/tmp15q9eg7l/frame_0002_depth.png'
41:19.214  render           | Saved: '/tmp/tmp15q9eg7l/frame_0002_rgb.png'
41:19.624  render           | Saved: '/tmp/tmp15q9eg7l/frame_0003_seg.png'
41:19.625  render           | Saved: '/tmp/tmp15q9eg7l/frame_0003_depth.png'
41:19.628  render           | Saved: '/tmp/tmp15q9eg7l/frame_0003_rgb.png'
41:20.048  render           | Saved: '/tmp/tmp15q9eg7l/frame_0004_depth.png'
41:20.049  render           | Saved: '/tmp/tmp15q9eg7l/frame_0004_seg.png'
41:20.052  render           | Saved: '/tmp/tmp15q9eg7l/frame_0004_rgb.png'
41:20.490  render           | Saved: '/tmp/tmp15q9eg7l/frame_0005_depth.png'
41:20.491  render           | Saved: '/tmp/tmp15q9eg7l/frame_0005_seg.png'
41:20.494  render           | Saved: '/tmp/tmp15q9eg7l/frame_0005_rgb.png'
41:20.916  render           | Saved: '/tmp/tmp15q9eg7l/frame_0006_depth.png'
41:20.917  render           | Saved: '/tmp/tmp15q9eg7l/frame_0006_seg.png'
41:20.920  render           | Saved: '/tmp/tmp15q9eg7l/frame_0006_rgb.png'
41:21.351  render           | Saved: '/tmp/tmp15q9eg7l/frame_0007_depth.png'
41:21.352  render           | Saved: '/tmp/tmp15q9eg7l/frame_0007_seg.png'
41:21.355  render           | Saved: '/tmp/tmp15q9eg7l/frame_0007_rgb.png'
41:21.778  render           | Saved: '/tmp/tmp15q9eg7l/frame_0008_depth.png'
41:21.778  render           | Saved: '/tmp/tmp15q9eg7l/frame_0008_seg.png'
41:21.782  render           | Saved: '/tmp/tmp15q9eg7l/frame_0008_rgb.png'
41:22.201  render           | Saved: '/tmp/tmp15q9eg7l/frame_0009_depth.png'
41:22.202  render           | Saved: '/tmp/tmp15q9eg7l/frame_0009_seg.png'
41:22.206  render           | Saved: '/tmp/tmp15q9eg7l/frame_0009_rgb.png'
41:22.622  render           | Saved: '/tmp/tmp15q9eg7l/frame_0010_depth.png'
41:22.623  render           | Saved: '/tmp/tmp15q9eg7l/frame_0010_seg.png'
41:22.626  render           | Saved: '/tmp/tmp15q9eg7l/frame_0010_rgb.png'
41:23.047  render           | Saved: '/tmp/tmp15q9eg7l/frame_0011_seg.png'
41:23.048  render           | Saved: '/tmp/tmp15q9eg7l/frame_0011_depth.png'
41:23.051  render           | Saved: '/tmp/tmp15q9eg7l/frame_0011_rgb.png'
41:23.488  render           | Saved: '/tmp/tmp15q9eg7l/frame_0012_seg.png'
41:23.489  render           | Saved: '/tmp/tmp15q9eg7l/frame_0012_depth.png'
41:23.494  render           | Saved: '/tmp/tmp15q9eg7l/frame_0012_rgb.png'
41:23.912  render           | Saved: '/tmp/tmp15q9eg7l/frame_0013_depth.png'
41:23.913  render           | Saved: '/tmp/tmp15q9eg7l/frame_0013_seg.png'
41:23.917  render           | Saved: '/tmp/tmp15q9eg7l/frame_0013_rgb.png'
41:24.333  render           | Saved: '/tmp/tmp15q9eg7l/frame_0014_depth.png'
41:24.334  render           | Saved: '/tmp/tmp15q9eg7l/frame_0014_seg.png'
41:24.339  render           | Saved: '/tmp/tmp15q9eg7l/frame_0014_rgb.png'
41:24.761  render           | Saved: '/tmp/tmp15q9eg7l/frame_0015_depth.png'
41:24.762  render           | Saved: '/tmp/tmp15q9eg7l/frame_0015_seg.png'
41:24.765  render           | Saved: '/tmp/tmp15q9eg7l/frame_0015_rgb.png'
41:25.187  render           | Saved: '/tmp/tmp15q9eg7l/frame_0016_depth.png'
41:25.188  render           | Saved: '/tmp/tmp15q9eg7l/frame_0016_seg.png'
41:25.191  render           | Saved: '/tmp/tmp15q9eg7l/frame_0016_rgb.png'
41:25.612  render           | Saved: '/tmp/tmp15q9eg7l/frame_0017_depth.png'
41:25.613  render           | Saved: '/tmp/tmp15q9eg7l/frame_0017_seg.png'
41:25.616  render           | Saved: '/tmp/tmp15q9eg7l/frame_0017_rgb.png'
41:26.025  render           | Saved: '/tmp/tmp15q9eg7l/frame_0018_depth.png'
41:26.026  render           | Saved: '/tmp/tmp15q9eg7l/frame_0018_seg.png'
41:26.029  render           | Saved: '/tmp/tmp15q9eg7l/frame_0018_rgb.png'
41:26.432  render           | Saved: '/tmp/tmp15q9eg7l/frame_0019_seg.png'
41:26.433  render           | Saved: '/tmp/tmp15q9eg7l/frame_0019_depth.png'
41:26.436  render           | Saved: '/tmp/tmp15q9eg7l/frame_0019_rgb.png'
41:26.841  render           | Saved: '/tmp/tmp15q9eg7l/frame_0020_seg.png'
41:26.841  render           | Saved: '/tmp/tmp15q9eg7l/frame_0020_depth.png'
41:26.845  render           | Saved: '/tmp/tmp15q9eg7l/frame_0020_rgb.png'
41:27.262  render           | Saved: '/tmp/tmp15q9eg7l/frame_0021_seg.png'
41:27.263  render           | Saved: '/tmp/tmp15q9eg7l/frame_0021_depth.png'
41:27.267  render           | Saved: '/tmp/tmp15q9eg7l/frame_0021_rgb.png'
41:27.672  render           | Saved: '/tmp/tmp15q9eg7l/frame_0022_depth.png'
41:27.673  render           | Saved: '/tmp/tmp15q9eg7l/frame_0022_seg.png'
41:27.676  render           | Saved: '/tmp/tmp15q9eg7l/frame_0022_rgb.png'
41:28.091  render           | Saved: '/tmp/tmp15q9eg7l/frame_0023_depth.png'
41:28.092  render           | Saved: '/tmp/tmp15q9eg7l/frame_0023_seg.png'
41:28.095  render           | Saved: '/tmp/tmp15q9eg7l/frame_0023_rgb.png'
41:28.506  render           | Saved: '/tmp/tmp15q9eg7l/frame_0024_depth.png'
41:28.507  render           | Saved: '/tmp/tmp15q9eg7l/frame_0024_seg.png'
41:28.511  render           | Saved: '/tmp/tmp15q9eg7l/frame_0024_rgb.png'
41:28.924  render           | Saved: '/tmp/tmp15q9eg7l/frame_0025_depth.png'
41:28.925  render           | Saved: '/tmp/tmp15q9eg7l/frame_0025_seg.png'
41:28.928  render           | Saved: '/tmp/tmp15q9eg7l/frame_0025_rgb.png'
41:29.351  render           | Saved: '/tmp/tmp15q9eg7l/frame_0026_depth.png'
41:29.352  render           | Saved: '/tmp/tmp15q9eg7l/frame_0026_seg.png'
41:29.355  render           | Saved: '/tmp/tmp15q9eg7l/frame_0026_rgb.png'
41:29.775  render           | Saved: '/tmp/tmp15q9eg7l/frame_0027_depth.png'
41:29.776  render           | Saved: '/tmp/tmp15q9eg7l/frame_0027_seg.png'
41:29.779  render           | Saved: '/tmp/tmp15q9eg7l/frame_0027_rgb.png'
41:30.187  render           | Saved: '/tmp/tmp15q9eg7l/frame_0028_seg.png'
41:30.188  render           | Saved: '/tmp/tmp15q9eg7l/frame_0028_depth.png'
41:30.192  render           | Saved: '/tmp/tmp15q9eg7l/frame_0028_rgb.png'
41:30.613  render           | Saved: '/tmp/tmp15q9eg7l/frame_0029_seg.png'
41:30.614  render           | Saved: '/tmp/tmp15q9eg7l/frame_0029_depth.png'
41:30.617  render           | Saved: '/tmp/tmp15q9eg7l/frame_0029_rgb.png'
41:31.031  render           | Saved: '/tmp/tmp15q9eg7l/frame_0030_seg.png'
41:31.032  render           | Saved: '/tmp/tmp15q9eg7l/frame_0030_depth.png'
41:31.035  render           | Saved: '/tmp/tmp15q9eg7l/frame_0030_rgb.png'
41:31.444  render           | Saved: '/tmp/tmp15q9eg7l/frame_0031_depth.png'
41:31.445  render           | Saved: '/tmp/tmp15q9eg7l/frame_0031_seg.png'
41:31.448  render           | Saved: '/tmp/tmp15q9eg7l/frame_0031_rgb.png'
41:31.855  render           | Saved: '/tmp/tmp15q9eg7l/frame_0032_depth.png'
41:31.856  render           | Saved: '/tmp/tmp15q9eg7l/frame_0032_seg.png'
41:31.859  render           | Saved: '/tmp/tmp15q9eg7l/frame_0032_rgb.png'
41:32.257  render           | Saved: '/tmp/tmp15q9eg7l/frame_0033_depth.png'
41:32.258  render           | Saved: '/tmp/tmp15q9eg7l/frame_0033_seg.png'
41:32.261  render           | Saved: '/tmp/tmp15q9eg7l/frame_0033_rgb.png'
41:32.677  render           | Saved: '/tmp/tmp15q9eg7l/frame_0034_depth.png'
41:32.678  render           | Saved: '/tmp/tmp15q9eg7l/frame_0034_seg.png'
41:32.681  render           | Saved: '/tmp/tmp15q9eg7l/frame_0034_rgb.png'
41:33.079  render           | Saved: '/tmp/tmp15q9eg7l/frame_0035_depth.png'
41:33.080  render           | Saved: '/tmp/tmp15q9eg7l/frame_0035_seg.png'
41:33.083  render           | Saved: '/tmp/tmp15q9eg7l/frame_0035_rgb.png'
41:33.495  render           | Saved: '/tmp/tmp15q9eg7l/frame_0036_depth.png'
41:33.495  render           | Saved: '/tmp/tmp15q9eg7l/frame_0036_seg.png'
41:33.498  render           | Saved: '/tmp/tmp15q9eg7l/frame_0036_rgb.png'
41:33.899  render           | Saved: '/tmp/tmp15q9eg7l/frame_0037_seg.png'
41:33.900  render           | Saved: '/tmp/tmp15q9eg7l/frame_0037_depth.png'
41:33.903  render           | Saved: '/tmp/tmp15q9eg7l/frame_0037_rgb.png'
41:34.306  render           | Saved: '/tmp/tmp15q9eg7l/frame_0038_seg.png'
41:34.307  render           | Saved: '/tmp/tmp15q9eg7l/frame_0038_depth.png'
41:34.310  render           | Saved: '/tmp/tmp15q9eg7l/frame_0038_rgb.png'
41:34.718  render           | Saved: '/tmp/tmp15q9eg7l/frame_0039_depth.png'
41:34.719  render           | Saved: '/tmp/tmp15q9eg7l/frame_0039_seg.png'
41:34.722  render           | Saved: '/tmp/tmp15q9eg7l/frame_0039_rgb.png'
41:35.132  render           | Saved: '/tmp/tmp15q9eg7l/frame_0040_depth.png'
41:35.133  render           | Saved: '/tmp/tmp15q9eg7l/frame_0040_seg.png'
41:35.136  render           | Saved: '/tmp/tmp15q9eg7l/frame_0040_rgb.png'
41:35.539  render           | Saved: '/tmp/tmp15q9eg7l/frame_0041_depth.png'
41:35.540  render           | Saved: '/tmp/tmp15q9eg7l/frame_0041_seg.png'
41:35.543  render           | Saved: '/tmp/tmp15q9eg7l/frame_0041_rgb.png'
41:35.945  render           | Saved: '/tmp/tmp15q9eg7l/frame_0042_depth.png'
41:35.946  render           | Saved: '/tmp/tmp15q9eg7l/frame_0042_seg.png'
41:35.950  render           | Saved: '/tmp/tmp15q9eg7l/frame_0042_rgb.png'
41:36.363  render           | Saved: '/tmp/tmp15q9eg7l/frame_0043_depth.png'
41:36.364  render           | Saved: '/tmp/tmp15q9eg7l/frame_0043_seg.png'
41:36.368  render           | Saved: '/tmp/tmp15q9eg7l/frame_0043_rgb.png'
41:36.772  render           | Saved: '/tmp/tmp15q9eg7l/frame_0044_depth.png'
41:36.772  render           | Saved: '/tmp/tmp15q9eg7l/frame_0044_seg.png'
41:36.776  render           | Saved: '/tmp/tmp15q9eg7l/frame_0044_rgb.png'
41:37.180  render           | Saved: '/tmp/tmp15q9eg7l/frame_0045_depth.png'
41:37.181  render           | Saved: '/tmp/tmp15q9eg7l/frame_0045_seg.png'
41:37.184  render           | Saved: '/tmp/tmp15q9eg7l/frame_0045_rgb.png'
41:37.580  render           | Saved: '/tmp/tmp15q9eg7l/frame_0046_seg.png'
41:37.581  render           | Saved: '/tmp/tmp15q9eg7l/frame_0046_depth.png'
41:37.584  render           | Saved: '/tmp/tmp15q9eg7l/frame_0046_rgb.png'
41:37.981  render           | Saved: '/tmp/tmp15q9eg7l/frame_0047_seg.png'
41:37.981  render           | Saved: '/tmp/tmp15q9eg7l/frame_0047_depth.png'
41:37.985  render           | Saved: '/tmp/tmp15q9eg7l/frame_0047_rgb.png'
41:38.391  render           | Saved: '/tmp/tmp15q9eg7l/frame_0048_depth.png'
41:38.392  render           | Saved: '/tmp/tmp15q9eg7l/frame_0048_seg.png'
41:38.395  render           | Saved: '/tmp/tmp15q9eg7l/frame_0048_rgb.png'
41:38.805  render           | Saved: '/tmp/tmp15q9eg7l/frame_0049_depth.png'
41:38.806  render           | Saved: '/tmp/tmp15q9eg7l/frame_0049_seg.png'
41:38.809  render           | Saved: '/tmp/tmp15q9eg7l/frame_0049_rgb.png'
41:39.218  render           | Saved: '/tmp/tmp15q9eg7l/frame_0050_depth.png'
41:39.219  render           | Saved: '/tmp/tmp15q9eg7l/frame_0050_seg.png'
41:39.222  render           | Saved: '/tmp/tmp15q9eg7l/frame_0050_rgb.png'
41:39.626  render           | Saved: '/tmp/tmp15q9eg7l/frame_0051_depth.png'
41:39.626  render           | Saved: '/tmp/tmp15q9eg7l/frame_0051_seg.png'
41:39.630  render           | Saved: '/tmp/tmp15q9eg7l/frame_0051_rgb.png'
41:40.044  render           | Saved: '/tmp/tmp15q9eg7l/frame_0052_depth.png'
41:40.045  render           | Saved: '/tmp/tmp15q9eg7l/frame_0052_seg.png'
41:40.048  render           | Saved: '/tmp/tmp15q9eg7l/frame_0052_rgb.png'
41:40.471  render           | Saved: '/tmp/tmp15q9eg7l/frame_0053_depth.png'
41:40.472  render           | Saved: '/tmp/tmp15q9eg7l/frame_0053_seg.png'
41:40.475  render           | Saved: '/tmp/tmp15q9eg7l/frame_0053_rgb.png'
41:40.890  render           | Saved: '/tmp/tmp15q9eg7l/frame_0054_depth.png'
41:40.891  render           | Saved: '/tmp/tmp15q9eg7l/frame_0054_seg.png'
41:40.894  render           | Saved: '/tmp/tmp15q9eg7l/frame_0054_rgb.png'
41:41.306  render           | Saved: '/tmp/tmp15q9eg7l/frame_0055_seg.png'
41:41.307  render           | Saved: '/tmp/tmp15q9eg7l/frame_0055_depth.png'
41:41.310  render           | Saved: '/tmp/tmp15q9eg7l/frame_0055_rgb.png'
41:41.732  render           | Saved: '/tmp/tmp15q9eg7l/frame_0056_seg.png'
41:41.732  render           | Saved: '/tmp/tmp15q9eg7l/frame_0056_depth.png'
41:41.736  render           | Saved: '/tmp/tmp15q9eg7l/frame_0056_rgb.png'
41:42.146  render           | Saved: '/tmp/tmp15q9eg7l/frame_0057_depth.png'
41:42.147  render           | Saved: '/tmp/tmp15q9eg7l/frame_0057_seg.png'
41:42.150  render           | Saved: '/tmp/tmp15q9eg7l/frame_0057_rgb.png'
41:42.561  render           | Saved: '/tmp/tmp15q9eg7l/frame_0058_depth.png'
41:42.562  render           | Saved: '/tmp/tmp15q9eg7l/frame_0058_seg.png'
41:42.566  render           | Saved: '/tmp/tmp15q9eg7l/frame_0058_rgb.png'
41:42.978  render           | Saved: '/tmp/tmp15q9eg7l/frame_0059_depth.png'
41:42.978  render           | Saved: '/tmp/tmp15q9eg7l/frame_0059_seg.png'
41:42.981  render           | Saved: '/tmp/tmp15q9eg7l/frame_0059_rgb.png'
41:43.383  render           | Saved: '/tmp/tmp15q9eg7l/frame_0060_depth.png'
41:43.384  render           | Saved: '/tmp/tmp15q9eg7l/frame_0060_seg.png'
41:43.388  render           | Saved: '/tmp/tmp15q9eg7l/frame_0060_rgb.png'
41:43.790  render           | Saved: '/tmp/tmp15q9eg7l/frame_0061_depth.png'
41:43.791  render           | Saved: '/tmp/tmp15q9eg7l/frame_0061_seg.png'
41:43.795  render           | Saved: '/tmp/tmp15q9eg7l/frame_0061_rgb.png'
41:44.198  render           | Saved: '/tmp/tmp15q9eg7l/frame_0062_depth.png'
41:44.199  render           | Saved: '/tmp/tmp15q9eg7l/frame_0062_seg.png'
41:44.202  render           | Saved: '/tmp/tmp15q9eg7l/frame_0062_rgb.png'
41:44.609  render           | Saved: '/tmp/tmp15q9eg7l/frame_0063_depth.png'
41:44.609  render           | Saved: '/tmp/tmp15q9eg7l/frame_0063_seg.png'
41:44.613  render           | Saved: '/tmp/tmp15q9eg7l/frame_0063_rgb.png'
43:38.921  render           | Saved: '/tmp/tmpi40zonr5/frame_0000_depth.png'
43:38.921  render           | Saved: '/tmp/tmpi40zonr5/frame_0000_seg.png'
43:38.925  render           | Saved: '/tmp/tmpi40zonr5/frame_0000_rgb.png'
43:39.285  render           | Saved: '/tmp/tmpi40zonr5/frame_0001_depth.png'
43:39.285  render           | Saved: '/tmp/tmpi40zonr5/frame_0001_seg.png'
43:39.288  render           | Saved: '/tmp/tmpi40zonr5/frame_0001_rgb.png'
43:39.654  render           | Saved: '/tmp/tmpi40zonr5/frame_0002_depth.png'
43:39.655  render           | Saved: '/tmp/tmpi40zonr5/frame_0002_seg.png'
43:39.659  render           | Saved: '/tmp/tmpi40zonr5/frame_0002_rgb.png'
43:40.035  render           | Saved: '/tmp/tmpi40zonr5/frame_0003_depth.png'
43:40.035  render           | Saved: '/tmp/tmpi40zonr5/frame_0003_seg.png'
43:40.038  render           | Saved: '/tmp/tmpi40zonr5/frame_0003_rgb.png'
43:40.407  render           | Saved: '/tmp/tmpi40zonr5/frame_0004_depth.png'
43:40.409  render           | Saved: '/tmp/tmpi40zonr5/frame_0004_seg.png'
43:40.413  render           | Saved: '/tmp/tmpi40zonr5/frame_0004_rgb.png'
43:40.799  render           | Saved: '/tmp/tmpi40zonr5/frame_0005_depth.png'
43:40.799  render           | Saved: '/tmp/tmpi40zonr5/frame_0005_seg.png'
43:40.802  render           | Saved: '/tmp/tmpi40zonr5/frame_0005_rgb.png'
43:41.166  render           | Saved: '/tmp/tmpi40zonr5/frame_0006_seg.png'
43:41.167  render           | Saved: '/tmp/tmpi40zonr5/frame_0006_depth.png'
43:41.170  render           | Saved: '/tmp/tmpi40zonr5/frame_0006_rgb.png'
43:41.528  render           | Saved: '/tmp/tmpi40zonr5/frame_0007_seg.png'
43:41.529  render           | Saved: '/tmp/tmpi40zonr5/frame_0007_depth.png'
43:41.532  render           | Saved: '/tmp/tmpi40zonr5/frame_0007_rgb.png'
43:41.901  render           | Saved: '/tmp/tmpi40zonr5/frame_0008_depth.png'
43:41.902  render           | Saved: '/tmp/tmpi40zonr5/frame_0008_seg.png'
43:41.905  render           | Saved: '/tmp/tmpi40zonr5/frame_0008_rgb.png'
43:42.271  render           | Saved: '/tmp/tmpi40zonr5/frame_0009_depth.png'
43:42.272  render           | Saved: '/tmp/tmpi40zonr5/frame_0009_seg.png'
43:42.275  render           | Saved: '/tmp/tmpi40zonr5/frame_0009_rgb.png'
43:42.637  render           | Saved: '/tmp/tmpi40zonr5/frame_0010_depth.png'
43:42.638  render           | Saved: '/tmp/tmpi40zonr5/frame_0010_seg.png'
43:42.641  render           | Saved: '/tmp/tmpi40zonr5/frame_0010_rgb.png'
43:43.011  render           | Saved: '/tmp/tmpi40zonr5/frame_0011_depth.png'
43:43.012  render           | Saved: '/tmp/tmpi40zonr5/frame_0011_seg.png'
43:43.015  render           | Saved: '/tmp/tmpi40zonr5/frame_0011_rgb.png'
43:43.376  render           | Saved: '/tmp/tmpi40zonr5/frame_0012_depth.png'
43:43.377  render           | Saved: '/tmp/tmpi40zonr5/frame_0012_seg.png'
43:43.380  render           | Saved: '/tmp/tmpi40zonr5/frame_0012_rgb.png'
43:43.745  render           | Saved: '/tmp/tmpi40zonr5/frame_0013_depth.png'
43:43.745  render           | Saved: '/tmp/tmpi40zonr5/frame_0013_seg.png'
43:43.749  render           | Saved: '/tmp/tmpi40zonr5/frame_0013_rgb.png'
43:44.117  render           | Saved: '/tmp/tmpi40zonr5/frame_0014_depth.png'
43:44.117  render           | Saved: '/tmp/tmpi40zonr5/frame_0014_seg.png'
43:44.121  render           | Saved: '/tmp/tmpi40zonr5/frame_0014_rgb.png'
43:44.480  render           | Saved: '/tmp/tmpi40zonr5/frame_0015_seg.png'
43:44.480  render           | Saved: '/tmp/tmpi40zonr5/frame_0015_depth.png'
43:44.484  render           | Saved: '/tmp/tmpi40zonr5/frame_0015_rgb.png'
43:44.854  render           | Saved: '/tmp/tmpi40zonr5/frame_0016_seg.png'
43:44.854  render           | Saved: '/tmp/tmpi40zonr5/frame_0016_depth.png'
43:44.858  render           | Saved: '/tmp/tmpi40zonr5/frame_0016_rgb.png'
43:45.233  render           | Saved: '/tmp/tmpi40zonr5/frame_0017_depth.png'
43:45.234  render           | Saved: '/tmp/tmpi40zonr5/frame_0017_seg.png'
43:45.239  render           | Saved: '/tmp/tmpi40zonr5/frame_0017_rgb.png'
43:45.616  render           | Saved: '/tmp/tmpi40zonr5/frame_0018_depth.png'
43:45.617  render           | Saved: '/tmp/tmpi40zonr5/frame_0018_seg.png'
43:45.620  render           | Saved: '/tmp/tmpi40zonr5/frame_0018_rgb.png'
43:45.996  render           | Saved: '/tmp/tmpi40zonr5/frame_0019_depth.png'
43:45.997  render           | Saved: '/tmp/tmpi40zonr5/frame_0019_seg.png'
43:46.000  render           | Saved: '/tmp/tmpi40zonr5/frame_0019_rgb.png'
43:46.370  render           | Saved: '/tmp/tmpi40zonr5/frame_0020_depth.png'
43:46.370  render           | Saved: '/tmp/tmpi40zonr5/frame_0020_seg.png'
43:46.373  render           | Saved: '/tmp/tmpi40zonr5/frame_0020_rgb.png'
43:46.737  render           | Saved: '/tmp/tmpi40zonr5/frame_0021_depth.png'
43:46.738  render           | Saved: '/tmp/tmpi40zonr5/frame_0021_seg.png'
43:46.741  render           | Saved: '/tmp/tmpi40zonr5/frame_0021_rgb.png'
43:47.126  render           | Saved: '/tmp/tmpi40zonr5/frame_0022_depth.png'
43:47.127  render           | Saved: '/tmp/tmpi40zonr5/frame_0022_seg.png'
43:47.130  render           | Saved: '/tmp/tmpi40zonr5/frame_0022_rgb.png'
43:47.516  render           | Saved: '/tmp/tmpi40zonr5/frame_0023_depth.png'
43:47.517  render           | Saved: '/tmp/tmpi40zonr5/frame_0023_seg.png'
43:47.520  render           | Saved: '/tmp/tmpi40zonr5/frame_0023_rgb.png'
43:47.912  render           | Saved: '/tmp/tmpi40zonr5/frame_0024_seg.png'
43:47.913  render           | Saved: '/tmp/tmpi40zonr5/frame_0024_depth.png'
43:47.916  render           | Saved: '/tmp/tmpi40zonr5/frame_0024_rgb.png'
43:48.279  render           | Saved: '/tmp/tmpi40zonr5/frame_0025_seg.png'
43:48.280  render           | Saved: '/tmp/tmpi40zonr5/frame_0025_depth.png'
43:48.283  render           | Saved: '/tmp/tmpi40zonr5/frame_0025_rgb.png'
43:48.641  render           | Saved: '/tmp/tmpi40zonr5/frame_0026_depth.png'
43:48.642  render           | Saved: '/tmp/tmpi40zonr5/frame_0026_seg.png'
43:48.645  render           | Saved: '/tmp/tmpi40zonr5/frame_0026_rgb.png'
43:49.017  render           | Saved: '/tmp/tmpi40zonr5/frame_0027_depth.png'
43:49.018  render           | Saved: '/tmp/tmpi40zonr5/frame_0027_seg.png'
43:49.021  render           | Saved: '/tmp/tmpi40zonr5/frame_0027_rgb.png'
43:49.391  render           | Saved: '/tmp/tmpi40zonr5/frame_0028_depth.png'
43:49.392  render           | Saved: '/tmp/tmpi40zonr5/frame_0028_seg.png'
43:49.396  render           | Saved: '/tmp/tmpi40zonr5/frame_0028_rgb.png'
43:49.765  render           | Saved: '/tmp/tmpi40zonr5/frame_0029_depth.png'
43:49.766  render           | Saved: '/tmp/tmpi40zonr5/frame_0029_seg.png'
43:49.770  render           | Saved: '/tmp/tmpi40zonr5/frame_0029_rgb.png'
43:50.137  render           | Saved: '/tmp/tmpi40zonr5/frame_0030_depth.png'
43:50.138  render           | Saved: '/tmp/tmpi40zonr5/frame_0030_seg.png'
43:50.141  render           | Saved: '/tmp/tmpi40zonr5/frame_0030_rgb.png'
43:50.519  render           | Saved: '/tmp/tmpi40zonr5/frame_0031_depth.png'
43:50.520  render           | Saved: '/tmp/tmpi40zonr5/frame_0031_seg.png'
43:50.523  render           | Saved: '/tmp/tmpi40zonr5/frame_0031_rgb.png'
43:50.892  render           | Saved: '/tmp/tmpi40zonr5/frame_0032_depth.png'
43:50.893  render           | Saved: '/tmp/tmpi40zonr5/frame_0032_seg.png'
43:50.896  render           | Saved: '/tmp/tmpi40zonr5/frame_0032_rgb.png'
43:51.270  render           | Saved: '/tmp/tmpi40zonr5/frame_0033_seg.png'
43:51.271  render           | Saved: '/tmp/tmpi40zonr5/frame_0033_depth.png'
43:51.274  render           | Saved: '/tmp/tmpi40zonr5/frame_0033_rgb.png'
43:51.641  render           | Saved: '/tmp/tmpi40zonr5/frame_0034_seg.png'
43:51.641  render           | Saved: '/tmp/tmpi40zonr5/frame_0034_depth.png'
43:51.645  render           | Saved: '/tmp/tmpi40zonr5/frame_0034_rgb.png'
43:52.010  render           | Saved: '/tmp/tmpi40zonr5/frame_0035_depth.png'
43:52.011  render           | Saved: '/tmp/tmpi40zonr5/frame_0035_seg.png'
43:52.014  render           | Saved: '/tmp/tmpi40zonr5/frame_0035_rgb.png'
43:52.372  render           | Saved: '/tmp/tmpi40zonr5/frame_0036_depth.png'
43:52.373  render           | Saved: '/tmp/tmpi40zonr5/frame_0036_seg.png'
43:52.376  render           | Saved: '/tmp/tmpi40zonr5/frame_0036_rgb.png'
43:52.746  render           | Saved: '/tmp/tmpi40zonr5/frame_0037_depth.png'
43:52.747  render           | Saved: '/tmp/tmpi40zonr5/frame_0037_seg.png'
43:52.750  render           | Saved: '/tmp/tmpi40zonr5/frame_0037_rgb.png'
43:53.109  render           | Saved: '/tmp/tmpi40zonr5/frame_0038_depth.png'
43:53.110  render           | Saved: '/tmp/tmpi40zonr5/frame_0038_seg.png'
43:53.113  render           | Saved: '/tmp/tmpi40zonr5/frame_0038_rgb.png'
43:53.479  render           | Saved: '/tmp/tmpi40zonr5/frame_0039_depth.png'
43:53.479  render           | Saved: '/tmp/tmpi40zonr5/frame_0039_seg.png'
43:53.482  render           | Saved: '/tmp/tmpi40zonr5/frame_0039_rgb.png'
43:53.841  render           | Saved: '/tmp/tmpi40zonr5/frame_0040_depth.png'
43:53.842  render           | Saved: '/tmp/tmpi40zonr5/frame_0040_seg.png'
43:53.845  render           | Saved: '/tmp/tmpi40zonr5/frame_0040_rgb.png'
43:54.217  render           | Saved: '/tmp/tmpi40zonr5/frame_0041_depth.png'
43:54.217  render           | Saved: '/tmp/tmpi40zonr5/frame_0041_seg.png'
43:54.220  render           | Saved: '/tmp/tmpi40zonr5/frame_0041_rgb.png'
43:54.578  render           | Saved: '/tmp/tmpi40zonr5/frame_0042_seg.png'
43:54.579  render           | Saved: '/tmp/tmpi40zonr5/frame_0042_depth.png'
43:54.582  render           | Saved: '/tmp/tmpi40zonr5/frame_0042_rgb.png'
43:54.956  render           | Saved: '/tmp/tmpi40zonr5/frame_0043_seg.png'
43:54.957  render           | Saved: '/tmp/tmpi40zonr5/frame_0043_depth.png'
43:54.960  render           | Saved: '/tmp/tmpi40zonr5/frame_0043_rgb.png'
43:55.330  render           | Saved: '/tmp/tmpi40zonr5/frame_0044_depth.png'
43:55.331  render           | Saved: '/tmp/tmpi40zonr5/frame_0044_seg.png'
43:55.334  render           | Saved: '/tmp/tmpi40zonr5/frame_0044_rgb.png'
43:55.699  render           | Saved: '/tmp/tmpi40zonr5/frame_0045_depth.png'
43:55.700  render           | Saved: '/tmp/tmpi40zonr5/frame_0045_seg.png'
43:55.703  render           | Saved: '/tmp/tmpi40zonr5/frame_0045_rgb.png'
43:56.070  render           | Saved: '/tmp/tmpi40zonr5/frame_0046_depth.png'
43:56.071  render           | Saved: '/tmp/tmpi40zonr5/frame_0046_seg.png'
43:56.074  render           | Saved: '/tmp/tmpi40zonr5/frame_0046_rgb.png'
43:56.440  render           | Saved: '/tmp/tmpi40zonr5/frame_0047_depth.png'
43:56.441  render           | Saved: '/tmp/tmpi40zonr5/frame_0047_seg.png'
43:56.444  render           | Saved: '/tmp/tmpi40zonr5/frame_0047_rgb.png'
43:56.804  render           | Saved: '/tmp/tmpi40zonr5/frame_0048_depth.png'
43:56.805  render           | Saved: '/tmp/tmpi40zonr5/frame_0048_seg.png'
43:56.808  render           | Saved: '/tmp/tmpi40zonr5/frame_0048_rgb.png'
43:57.169  render           | Saved: '/tmp/tmpi40zonr5/frame_0049_depth.png'
43:57.170  render           | Saved: '/tmp/tmpi40zonr5/frame_0049_seg.png'
43:57.173  render           | Saved: '/tmp/tmpi40zonr5/frame_0049_rgb.png'
43:57.542  render           | Saved: '/tmp/tmpi40zonr5/frame_0050_depth.png'
43:57.543  render           | Saved: '/tmp/tmpi40zonr5/frame_0050_seg.png'
43:57.546  render           | Saved: '/tmp/tmpi40zonr5/frame_0050_rgb.png'
43:57.910  render           | Saved: '/tmp/tmpi40zonr5/frame_0051_seg.png'
43:57.911  render           | Saved: '/tmp/tmpi40zonr5/frame_0051_depth.png'
43:57.914  render           | Saved: '/tmp/tmpi40zonr5/frame_0051_rgb.png'
43:58.277  render           | Saved: '/tmp/tmpi40zonr5/frame_0052_seg.png'
43:58.278  render           | Saved: '/tmp/tmpi40zonr5/frame_0052_depth.png'
43:58.281  render           | Saved: '/tmp/tmpi40zonr5/frame_0052_rgb.png'
43:58.646  render           | Saved: '/tmp/tmpi40zonr5/frame_0053_depth.png'
43:58.646  render           | Saved: '/tmp/tmpi40zonr5/frame_0053_seg.png'
43:58.650  render           | Saved: '/tmp/tmpi40zonr5/frame_0053_rgb.png'
43:59.015  render           | Saved: '/tmp/tmpi40zonr5/frame_0054_depth.png'
43:59.016  render           | Saved: '/tmp/tmpi40zonr5/frame_0054_seg.png'
43:59.019  render           | Saved: '/tmp/tmpi40zonr5/frame_0054_rgb.png'
43:59.389  render           | Saved: '/tmp/tmpi40zonr5/frame_0055_depth.png'
43:59.390  render           | Saved: '/tmp/tmpi40zonr5/frame_0055_seg.png'
43:59.393  render           | Saved: '/tmp/tmpi40zonr5/frame_0055_rgb.png'
43:59.765  render           | Saved: '/tmp/tmpi40zonr5/frame_0056_depth.png'
43:59.766  render           | Saved: '/tmp/tmpi40zonr5/frame_0056_seg.png'
43:59.769  render           | Saved: '/tmp/tmpi40zonr5/frame_0056_rgb.png'
44:00.134  render           | Saved: '/tmp/tmpi40zonr5/frame_0057_depth.png'
44:00.135  render           | Saved: '/tmp/tmpi40zonr5/frame_0057_seg.png'
44:00.138  render           | Saved: '/tmp/tmpi40zonr5/frame_0057_rgb.png'
44:00.506  render           | Saved: '/tmp/tmpi40zonr5/frame_0058_depth.png'
44:00.507  render           | Saved: '/tmp/tmpi40zonr5/frame_0058_seg.png'
44:00.510  render           | Saved: '/tmp/tmpi40zonr5/frame_0058_rgb.png'
44:00.874  render           | Saved: '/tmp/tmpi40zonr5/frame_0059_seg.png'
44:00.874  render           | Saved: '/tmp/tmpi40zonr5/frame_0059_depth.png'
44:00.877  render           | Saved: '/tmp/tmpi40zonr5/frame_0059_rgb.png'
44:01.236  render           | Saved: '/tmp/tmpi40zonr5/frame_0060_seg.png'
44:01.237  render           | Saved: '/tmp/tmpi40zonr5/frame_0060_depth.png'
44:01.240  render           | Saved: '/tmp/tmpi40zonr5/frame_0060_rgb.png'
44:01.596  render           | Saved: '/tmp/tmpi40zonr5/frame_0061_seg.png'
44:01.597  render           | Saved: '/tmp/tmpi40zonr5/frame_0061_depth.png'
44:01.600  render           | Saved: '/tmp/tmpi40zonr5/frame_0061_rgb.png'
44:01.957  render           | Saved: '/tmp/tmpi40zonr5/frame_0062_depth.png'
44:01.958  render           | Saved: '/tmp/tmpi40zonr5/frame_0062_seg.png'
44:01.961  render           | Saved: '/tmp/tmpi40zonr5/frame_0062_rgb.png'
44:02.317  render           | Saved: '/tmp/tmpi40zonr5/frame_0063_depth.png'
44:02.318  render           | Saved: '/tmp/tmpi40zonr5/frame_0063_seg.png'
44:02.321  render           | Saved: '/tmp/tmpi40zonr5/frame_0063_rgb.png'
44:02.787  render           | Saved: '/tmp/tmp5d_kj77f/frame_0000_seg.png'
44:02.788  render           | Saved: '/tmp/tmp5d_kj77f/frame_0000_depth.png'
44:02.791  render           | Saved: '/tmp/tmp5d_kj77f/frame_0000_rgb.png'
44:03.178  render           | Saved: '/tmp/tmp5d_kj77f/frame_0001_seg.png'
44:03.178  render           | Saved: '/tmp/tmp5d_kj77f/frame_0001_depth.png'
44:03.182  render           | Saved: '/tmp/tmp5d_kj77f/frame_0001_rgb.png'
44:03.569  render           | Saved: '/tmp/tmp5d_kj77f/frame_0002_depth.png'
44:03.570  render           | Saved: '/tmp/tmp5d_kj77f/frame_0002_seg.png'
44:03.573  render           | Saved: '/tmp/tmp5d_kj77f/frame_0002_rgb.png'
44:03.962  render           | Saved: '/tmp/tmp5d_kj77f/frame_0003_depth.png'
44:03.962  render           | Saved: '/tmp/tmp5d_kj77f/frame_0003_seg.png'
44:03.966  render           | Saved: '/tmp/tmp5d_kj77f/frame_0003_rgb.png'
44:04.359  render           | Saved: '/tmp/tmp5d_kj77f/frame_0004_depth.png'
44:04.359  render           | Saved: '/tmp/tmp5d_kj77f/frame_0004_seg.png'
44:04.363  render           | Saved: '/tmp/tmp5d_kj77f/frame_0004_rgb.png'
44:04.752  render           | Saved: '/tmp/tmp5d_kj77f/frame_0005_depth.png'
44:04.753  render           | Saved: '/tmp/tmp5d_kj77f/frame_0005_seg.png'
44:04.756  render           | Saved: '/tmp/tmp5d_kj77f/frame_0005_rgb.png'
44:05.149  render           | Saved: '/tmp/tmp5d_kj77f/frame_0006_depth.png'
44:05.150  render           | Saved: '/tmp/tmp5d_kj77f/frame_0006_seg.png'
44:05.154  render           | Saved: '/tmp/tmp5d_kj77f/frame_0006_rgb.png'
44:05.543  render           | Saved: '/tmp/tmp5d_kj77f/frame_0007_depth.png'
44:05.544  render           | Saved: '/tmp/tmp5d_kj77f/frame_0007_seg.png'
44:05.547  render           | Saved: '/tmp/tmp5d_kj77f/frame_0007_rgb.png'
44:05.935  render           | Saved: '/tmp/tmp5d_kj77f/frame_0008_seg.png'
44:05.936  render           | Saved: '/tmp/tmp5d_kj77f/frame_0008_depth.png'
44:05.939  render           | Saved: '/tmp/tmp5d_kj77f/frame_0008_rgb.png'
44:06.330  render           | Saved: '/tmp/tmp5d_kj77f/frame_0009_seg.png'
44:06.331  render           | Saved: '/tmp/tmp5d_kj77f/frame_0009_depth.png'
44:06.334  render           | Saved: '/tmp/tmp5d_kj77f/frame_0009_rgb.png'
44:06.718  render           | Saved: '/tmp/tmp5d_kj77f/frame_0010_seg.png'
44:06.719  render           | Saved: '/tmp/tmp5d_kj77f/frame_0010_depth.png'
44:06.722  render           | Saved: '/tmp/tmp5d_kj77f/frame_0010_rgb.png'
44:07.106  render           | Saved: '/tmp/tmp5d_kj77f/frame_0011_depth.png'
44:07.107  render           | Saved: '/tmp/tmp5d_kj77f/frame_0011_seg.png'
44:07.110  render           | Saved: '/tmp/tmp5d_kj77f/frame_0011_rgb.png'
44:07.501  render           | Saved: '/tmp/tmp5d_kj77f/frame_0012_depth.png'
44:07.503  render           | Saved: '/tmp/tmp5d_kj77f/frame_0012_seg.png'
44:07.507  render           | Saved: '/tmp/tmp5d_kj77f/frame_0012_rgb.png'
44:07.900  render           | Saved: '/tmp/tmp5d_kj77f/frame_0013_depth.png'
44:07.901  render           | Saved: '/tmp/tmp5d_kj77f/frame_0013_seg.png'
44:07.905  render           | Saved: '/tmp/tmp5d_kj77f/frame_0013_rgb.png'
44:08.309  render           | Saved: '/tmp/tmp5d_kj77f/frame_0014_depth.png'
44:08.310  render           | Saved: '/tmp/tmp5d_kj77f/frame_0014_seg.png'
44:08.314  render           | Saved: '/tmp/tmp5d_kj77f/frame_0014_rgb.png'
44:08.717  render           | Saved: '/tmp/tmp5d_kj77f/frame_0015_depth.png'
44:08.718  render           | Saved: '/tmp/tmp5d_kj77f/frame_0015_seg.png'
44:08.721  render           | Saved: '/tmp/tmp5d_kj77f/frame_0015_rgb.png'
44:09.135  render           | Saved: '/tmp/tmp5d_kj77f/frame_0016_depth.png'
44:09.136  render           | Saved: '/tmp/tmp5d_kj77f/frame_0016_seg.png'
44:09.139  render           | Saved: '/tmp/tmp5d_kj77f/frame_0016_rgb.png'
44:09.548  render           | Saved: '/tmp/tmp5d_kj77f/frame_0017_seg.png'
44:09.548  render           | Saved: '/tmp/tmp5d_kj77f/frame_0017_depth.png'
44:09.552  render           | Saved: '/tmp/tmp5d_kj77f/frame_0017_rgb.png'
44:09.942  render           | Saved: '/tmp/tmp5d_kj77f/frame_0018_seg.png'
44:09.943  render           | Saved: '/tmp/tmp5d_kj77f/frame_0018_depth.png'
44:09.946  render           | Saved: '/tmp/tmp5d_kj77f/frame_0018_rgb.png'
44:10.333  render           | Saved: '/tmp/tmp5d_kj77f/frame_0019_depth.png'
44:10.335  render           | Saved: '/tmp/tmp5d_kj77f/frame_0019_seg.png'
44:10.338  render           | Saved: '/tmp/tmp5d_kj77f/frame_0019_rgb.png'
44:10.736  render           | Saved: '/tmp/tmp5d_kj77f/frame_0020_depth.png'
44:10.737  render           | Saved: '/tmp/tmp5d_kj77f/frame_0020_seg.png'
44:10.740  render           | Saved: '/tmp/tmp5d_kj77f/frame_0020_rgb.png'
44:11.135  render           | Saved: '/tmp/tmp5d_kj77f/frame_0021_depth.png'
44:11.136  render           | Saved: '/tmp/tmp5d_kj77f/frame_0021_seg.png'
44:11.139  render           | Saved: '/tmp/tmp5d_kj77f/frame_0021_rgb.png'
44:11.521  render           | Saved: '/tmp/tmp5d_kj77f/frame_0022_depth.png'
44:11.522  render           | Saved: '/tmp/tmp5d_kj77f/frame_0022_seg.png'
44:11.525  render           | Saved: '/tmp/tmp5d_kj77f/frame_0022_rgb.png'
44:11.920  render           | Saved: '/tmp/tmp5d_kj77f/frame_0023_depth.png'
44:11.921  render           | Saved: '/tmp/tmp5d_kj77f/frame_0023_seg.png'
44:11.924  render           | Saved: '/tmp/tmp5d_kj77f/frame_0023_rgb.png'
44:12.306  render           | Saved: '/tmp/tmp5d_kj77f/frame_0024_depth.png'
44:12.307  render           | Saved: '/tmp/tmp5d_kj77f/frame_0024_seg.png'
44:12.310  render           | Saved: '/tmp/tmp5d_kj77f/frame_0024_rgb.png'
44:12.709  render           | Saved: '/tmp/tmp5d_kj77f/frame_0025_depth.png'
44:12.710  render           | Saved: '/tmp/tmp5d_kj77f/frame_0025_seg.png'
44:12.713  render           | Saved: '/tmp/tmp5d_kj77f/frame_0025_rgb.png'
44:13.115  render           | Saved: '/tmp/tmp5d_kj77f/frame_0026_seg.png'
44:13.116  render           | Saved: '/tmp/tmp5d_kj77f/frame_0026_depth.png'
44:13.119  render           | Saved: '/tmp/tmp5d_kj77f/frame_0026_rgb.png'
44:13.511  render           | Saved: '/tmp/tmp5d_kj77f/frame_0027_seg.png'
44:13.512  render           | Saved: '/tmp/tmp5d_kj77f/frame_0027_depth.png'
44:13.515  render           | Saved: '/tmp/tmp5d_kj77f/frame_0027_rgb.png'
44:13.900  render           | Saved: '/tmp/tmp5d_kj77f/frame_0028_depth.png'
44:13.901  render           | Saved: '/tmp/tmp5d_kj77f/frame_0028_seg.png'
44:13.904  render           | Saved: '/tmp/tmp5d_kj77f/frame_0028_rgb.png'
44:14.307  render           | Saved: '/tmp/tmp5d_kj77f/frame_0029_depth.png'
44:14.309  render           | Saved: '/tmp/tmp5d_kj77f/frame_0029_seg.png'
44:14.313  render           | Saved: '/tmp/tmp5d_kj77f/frame_0029_rgb.png'
44:14.716  render           | Saved: '/tmp/tmp5d_kj77f/frame_0030_depth.png'
44:14.717  render           | Saved: '/tmp/tmp5d_kj77f/frame_0030_seg.png'
44:14.720  render           | Saved: '/tmp/tmp5d_kj77f/frame_0030_rgb.png'
44:15.132  render           | Saved: '/tmp/tmp5d_kj77f/frame_0031_depth.png'
44:15.133  render           | Saved: '/tmp/tmp5d_kj77f/frame_0031_seg.png'
44:15.138  render           | Saved: '/tmp/tmp5d_kj77f/frame_0031_rgb.png'
44:15.545  render           | Saved: '/tmp/tmp5d_kj77f/frame_0032_depth.png'
44:15.546  render           | Saved: '/tmp/tmp5d_kj77f/frame_0032_seg.png'
44:15.549  render           | Saved: '/tmp/tmp5d_kj77f/frame_0032_rgb.png'
44:15.937  render           | Saved: '/tmp/tmp5d_kj77f/frame_0033_depth.png'
44:15.938  render           | Saved: '/tmp/tmp5d_kj77f/frame_0033_seg.png'
44:15.942  render           | Saved: '/tmp/tmp5d_kj77f/frame_0033_rgb.png'
44:16.328  render           | Saved: '/tmp/tmp5d_kj77f/frame_0034_depth.png'
44:16.329  render           | Saved: '/tmp/tmp5d_kj77f/frame_0034_seg.png'
44:16.332  render           | Saved: '/tmp/tmp5d_kj77f/frame_0034_rgb.png'
44:16.720  render           | Saved: '/tmp/tmp5d_kj77f/frame_0035_seg.png'
44:16.721  render           | Saved: '/tmp/tmp5d_kj77f/frame_0035_depth.png'
44:16.724  render           | Saved: '/tmp/tmp5d_kj77f/frame_0035_rgb.png'
44:17.105  render           | Saved: '/tmp/tmp5d_kj77f/frame_0036_seg.png'
44:17.106  render           | Saved: '/tmp/tmp5d_kj77f/frame_0036_depth.png'
44:17.109  render           | Saved: '/tmp/tmp5d_kj77f/frame_0036_rgb.png'
44:17.487  render           | Saved: '/tmp/tmp5d_kj77f/frame_0037_depth.png'
44:17.488  render           | Saved: '/tmp/tmp5d_kj77f/frame_0037_seg.png'
44:17.491  render           | Saved: '/tmp/tmp5d_kj77f/frame_0037_rgb.png'
44:17.872  render           | Saved: '/tmp/tmp5d_kj77f/frame_0038_depth.png'
44:17.873  render           | Saved: '/tmp/tmp5d_kj77f/frame_0038_seg.png'
44:17.876  render           | Saved: '/tmp/tmp5d_kj77f/frame_0038_rgb.png'
44:18.256  render           | Saved: '/tmp/tmp5d_kj77f/frame_0039_depth.png'
44:18.257  render           | Saved: '/tmp/tmp5d_kj77f/frame_0039_seg.png'
44:18.260  render           | Saved: '/tmp/tmp5d_kj77f/frame_0039_rgb.png'
44:18.633  render           | Saved: '/tmp/tmp5d_kj77f/frame_0040_depth.png'
44:18.634  render           | Saved: '/tmp/tmp5d_kj77f/frame_0040_seg.png'
44:18.637  render           | Saved: '/tmp/tmp5d_kj77f/frame_0040_rgb.png'
44:19.015  render           | Saved: '/tmp/tmp5d_kj77f/frame_0041_depth.png'
44:19.016  render           | Saved: '/tmp/tmp5d_kj77f/frame_0041_seg.png'
44:19.019  render           | Saved: '/tmp/tmp5d_kj77f/frame_0041_rgb.png'
44:19.392  render           | Saved: '/tmp/tmp5d_kj77f/frame_0042_depth.png'
44:19.393  render           | Saved: '/tmp/tmp5d_kj77f/frame_0042_seg.png'
44:19.396  render           | Saved: '/tmp/tmp5d_kj77f/frame_0042_rgb.png'
44:19.776  render           | Saved: '/tmp/tmp5d_kj77f/frame_0043_depth.png'
44:19.777  render           | Saved: '/tmp/tmp5d_kj77f/frame_0043_seg.png'
44:19.780  render           | Saved: '/tmp/tmp5d_kj77f/frame_0043_rgb.png'
44:20.164  render           | Saved: '/tmp/tmp5d_kj77f/frame_0044_seg.png'
44:20.164  render           | Saved: '/tmp/tmp5d_kj77f/frame_0044_depth.png'
44:20.168  render           | Saved: '/tmp/tmp5d_kj77f/frame_0044_rgb.png'
44:20.582  render           | Saved: '/tmp/tmp5d_kj77f/frame_0045_seg.png'
44:20.583  render           | Saved: '/tmp/tmp5d_kj77f/frame_0045_depth.png'
44:20.586  render           | Saved: '/tmp/tmp5d_kj77f/frame_0045_rgb.png'
44:20.985  render           | Saved: '/tmp/tmp5d_kj77f/frame_0046_depth.png'
44:20.987  render           | Saved: '/tmp/tmp5d_kj77f/frame_0046_seg.png'
44:20.991  render           | Saved: '/tmp/tmp5d_kj77f/frame_0046_rgb.png'
44:21.403  render           | Saved: '/tmp/tmp5d_kj77f/frame_0047_depth.png'
44:21.404  render           | Saved: '/tmp/tmp5d_kj77f/frame_0047_seg.png'
44:21.407  render           | Saved: '/tmp/tmp5d_kj77f/frame_0047_rgb.png'
44:21.817  render           | Saved: '/tmp/tmp5d_kj77f/frame_0048_depth.png'
44:21.818  render           | Saved: '/tmp/tmp5d_kj77f/frame_0048_seg.png'
44:21.822  render           | Saved: '/tmp/tmp5d_kj77f/frame_0048_rgb.png'
44:22.205  render           | Saved: '/tmp/tmp5d_kj77f/frame_0049_depth.png'
44:22.206  render           | Saved: '/tmp/tmp5d_kj77f/frame_0049_seg.png'
44:22.209  render           | Saved: '/tmp/tmp5d_kj77f/frame_0049_rgb.png'
44:22.590  render           | Saved: '/tmp/tmp5d_kj77f/frame_0050_depth.png'
44:22.591  render           | Saved: '/tmp/tmp5d_kj77f/frame_0050_seg.png'
44:22.594  render           | Saved: '/tmp/tmp5d_kj77f/frame_0050_rgb.png'
44:22.979  render           | Saved: '/tmp/tmp5d_kj77f/frame_0051_depth.png'
44:22.980  render           | Saved: '/tmp/tmp5d_kj77f/frame_0051_seg.png'
44:22.983  render           | Saved: '/tmp/tmp5d_kj77f/frame_0051_rgb.png'
44:23.384  render           | Saved: '/tmp/tmp5d_kj77f/frame_0052_depth.png'
44:23.385  render           | Saved: '/tmp/tmp5d_kj77f/frame_0052_seg.png'
44:23.388  render           | Saved: '/tmp/tmp5d_kj77f/frame_0052_rgb.png'
44:23.789  render           | Saved: '/tmp/tmp5d_kj77f/frame_0053_seg.png'
44:23.790  render           | Saved: '/tmp/tmp5d_kj77f/frame_0053_depth.png'
44:23.793  render           | Saved: '/tmp/tmp5d_kj77f/frame_0053_rgb.png'
44:24.184  render           | Saved: '/tmp/tmp5d_kj77f/frame_0054_seg.png'
44:24.185  render           | Saved: '/tmp/tmp5d_kj77f/frame_0054_depth.png'
44:24.188  render           | Saved: '/tmp/tmp5d_kj77f/frame_0054_rgb.png'
44:24.576  render           | Saved: '/tmp/tmp5d_kj77f/frame_0055_depth.png'
44:24.577  render           | Saved: '/tmp/tmp5d_kj77f/frame_0055_seg.png'
44:24.580  render           | Saved: '/tmp/tmp5d_kj77f/frame_0055_rgb.png'
44:24.964  render           | Saved: '/tmp/tmp5d_kj77f/frame_0056_depth.png'
44:24.965  render           | Saved: '/tmp/tmp5d_kj77f/frame_0056_seg.png'
44:24.968  render           | Saved: '/tmp/tmp5d_kj77f/frame_0056_rgb.png'
44:25.357  render           | Saved: '/tmp/tmp5d_kj77f/frame_0057_depth.png'
44:25.357  render           | Saved: '/tmp/tmp5d_kj77f/frame_0057_seg.png'
44:25.361  render           | Saved: '/tmp/tmp5d_kj77f/frame_0057_rgb.png'
44:25.747  render           | Saved: '/tmp/tmp5d_kj77f/frame_0058_depth.png'
44:25.748  render           | Saved: '/tmp/tmp5d_kj77f/frame_0058_seg.png'
44:25.751  render           | Saved: '/tmp/tmp5d_kj77f/frame_0058_rgb.png'
44:26.133  render           | Saved: '/tmp/tmp5d_kj77f/frame_0059_depth.png'
44:26.134  render           | Saved: '/tmp/tmp5d_kj77f/frame_0059_seg.png'
44:26.138  render           | Saved: '/tmp/tmp5d_kj77f/frame_0059_rgb.png'
44:26.520  render           | Saved: '/tmp/tmp5d_kj77f/frame_0060_depth.png'
44:26.520  render           | Saved: '/tmp/tmp5d_kj77f/frame_0060_seg.png'
44:26.524  render           | Saved: '/tmp/tmp5d_kj77f/frame_0060_rgb.png'
44:26.908  render           | Saved: '/tmp/tmp5d_kj77f/frame_0061_depth.png'
44:26.909  render           | Saved: '/tmp/tmp5d_kj77f/frame_0061_seg.png'
44:26.912  render           | Saved: '/tmp/tmp5d_kj77f/frame_0061_rgb.png'
44:27.298  render           | Saved: '/tmp/tmp5d_kj77f/frame_0062_seg.png'
44:27.299  render           | Saved: '/tmp/tmp5d_kj77f/frame_0062_depth.png'
44:27.302  render           | Saved: '/tmp/tmp5d_kj77f/frame_0062_rgb.png'
44:27.692  render           | Saved: '/tmp/tmp5d_kj77f/frame_0063_seg.png'
44:27.693  render           | Saved: '/tmp/tmp5d_kj77f/frame_0063_depth.png'
44:27.696  render           | Saved: '/tmp/tmp5d_kj77f/frame_0063_rgb.png'
46:19.643  render           | Saved: '/tmp/tmpyf9zb8cy/frame_0000_depth.png'
46:19.644  render           | Saved: '/tmp/tmpyf9zb8cy/frame_0000_seg.png'
46:19.647  render           | Saved: '/tmp/tmpyf9zb8cy/frame_0000_rgb.png'
46:20.023  render           | Saved: '/tmp/tmpyf9zb8cy/frame_0001_seg.png'
46:20.024  render           | Saved: '/tmp/tmpyf9zb8cy/frame_0001_depth.png'
46:20.027  render           | Saved: '/tmp/tmpyf9zb8cy/frame_0001_rgb.png'
46:20.404  render           | Saved: '/tmp/tmpyf9zb8cy/frame_0002_seg.png'
46:20.405  render           | Saved: '/tmp/tmpyf9zb8cy/frame_0002_depth.png'
46:20.408  render           | Saved: '/tmp/tmpyf9zb8cy/frame_0002_rgb.png'
46:20.798  render           | Saved: '/tmp/tmpyf9zb8cy/frame_0003_depth.png'
46:20.799  render           | Saved: '/tmp/tmpyf9zb8cy/frame_0003_seg.png'
46:20.802  render           | Saved: '/tmp/tmpyf9zb8cy/frame_0003_rgb.png'
46:21.190  render           | Saved: '/tmp/tmpyf9zb8cy/frame_0004_depth.png'
46:21.191  render           | Saved: '/tmp/tmpyf9zb8cy/frame_0004_seg.png'
46:21.194  render           | Saved: '/tmp/tmpyf9zb8cy/frame_0004_rgb.png'
46:21.570  render           | Saved: '/tmp/tmpyf9zb8cy/frame_0005_depth.png'
46:21.571  render           | Saved: '/tmp/tmpyf9zb8cy/frame_0005_seg.png'
46:21.573  render           | Saved: '/tmp/tmpyf9zb8cy/frame_0005_rgb.png'
46:21.938  render           | Saved: '/tmp/tmpyf9zb8cy/frame_0006_depth.png'
46:21.939  render           | Saved: '/tmp/tmpyf9zb8cy/frame_0006_seg.png'
46:21.942  render           | Saved: '/tmp/tmpyf9zb8cy/frame_0006_rgb.png'
46:22.313  render           | Saved: '/tmp/tmpyf9zb8cy/frame_0007_depth.png'
46:22.314  render           | Saved: '/tmp/tmpyf9zb8cy/frame_0007_seg.png'
46:22.317  render           | Saved: '/tmp/tmpyf9zb8cy/frame_0007_rgb.png'
46:22.688  render           | Saved: '/tmp/tmpyf9zb8cy/frame_0008_depth.png'
46:22.688  render           | Saved: '/tmp/tmpyf9zb8cy/frame_0008_seg.png'
46:22.691  render           | Saved: '/tmp/tmpyf9zb8cy/frame_0008_rgb.png'
46:23.062  render           | Saved: '/tmp/tmpyf9zb8cy/frame_0009_seg.png'
46:23.063  render           | Saved: '/tmp/tmpyf9zb8cy/frame_0009_depth.png'
46:23.066  render           | Saved: '/tmp/tmpyf9zb8cy/frame_0009_rgb.png'
46:23.440  render           | Saved: '/tmp/tmpyf9zb8cy/frame_0010_seg.png'
46:23.441  render           | Saved: '/tmp/tmpyf9zb8cy/frame_0010_depth.png'
46:23.444  render           | Saved: '/tmp/tmpyf9zb8cy/frame_0010_rgb.png'
46:23.808  render           | Saved: '/tmp/tmpyf9zb8cy/frame_0011_seg.png'
46:23.809  render           | Saved: '/tmp/tmpyf9zb8cy/frame_0011_depth.png'
46:23.812  render           | Saved: '/tmp/tmpyf9zb8cy/frame_0011_rgb.png'
46:24.175  render           | Saved: '/tmp/tmpyf9zb8cy/frame_0012_depth.png'
46:24.176  render           | Saved: '/tmp/tmpyf9zb8cy/frame_0012_seg.png'
46:24.178  render           | Saved: '/tmp/tmpyf9zb8cy/frame_0012_rgb.png'
46:24.549  render           | Saved: '/tmp/tmpyf9zb8cy/frame_0013_depth.png'
46:24.550  render           | Saved: '/tmp/tmpyf9zb8cy/frame_0013_seg.png'
46:24.553  render           | Saved: '/tmp/tmpyf9zb8cy/frame_0013_rgb.png'
46:24.917  render           | Saved: '/tmp/tmpyf9zb8cy/frame_0014_depth.png'
46:24.918  render           | Saved: '/tmp/tmpyf9zb8cy/frame_0014_seg.png'
46:24.921  render           | Saved: '/tmp/tmpyf9zb8cy/frame_0014_rgb.png'
46:25.290  render           | Saved: '/tmp/tmpyf9zb8cy/frame_0015_depth.png'
46:25.291  render           | Saved: '/tmp/tmpyf9zb8cy/frame_0015_seg.png'
46:25.294  render           | Saved: '/tmp/tmpyf9zb8cy/frame_0015_rgb.png'
46:25.664  render           | Saved: '/tmp/tmpyf9zb8cy/frame_0016_depth.png'
46:25.665  render           | Saved: '/tmp/tmpyf9zb8cy/frame_0016_seg.png'
46:25.668  render           | Saved: '/tmp/tmpyf9zb8cy/frame_0016_rgb.png'
46:26.040  render           | Saved: '/tmp/tmpyf9zb8cy/frame_0017_depth.png'
46:26.040  render           | Saved: '/tmp/tmpyf9zb8cy/frame_0017_seg.png'
46:26.043  render           | Saved: '/tmp/tmpyf9zb8cy/frame_0017_rgb.png'
46:26.411  render           | Saved: '/tmp/tmpyf9zb8cy/frame_0018_seg.png'
46:26.412  render           | Saved: '/tmp/tmpyf9zb8cy/frame_0018_depth.png'
46:26.415  render           | Saved: '/tmp/tmpyf9zb8cy/frame_0018_rgb.png'
46:26.787  render           | Saved: '/tmp/tmpyf9zb8cy/frame_0019_seg.png'
46:26.788  render           | Saved: '/tmp/tmpyf9zb8cy/frame_0019_depth.png'
46:26.791  render           | Saved: '/tmp/tmpyf9zb8cy/frame_0019_rgb.png'
46:27.172  render           | Saved: '/tmp/tmpyf9zb8cy/frame_0020_seg.png'
46:27.173  render           | Saved: '/tmp/tmpyf9zb8cy/frame_0020_depth.png'
46:27.176  render           | Saved: '/tmp/tmpyf9zb8cy/frame_0020_rgb.png'
46:27.543  render           | Saved: '/tmp/tmpyf9zb8cy/frame_0021_depth.png'
46:27.544  render           | Saved: '/tmp/tmpyf9zb8cy/frame_0021_seg.png'
46:27.547  render           | Saved: '/tmp/tmpyf9zb8cy/frame_0021_rgb.png'
46:27.919  render           | Saved: '/tmp/tmpyf9zb8cy/frame_0022_depth.png'
46:27.920  render           | Saved: '/tmp/tmpyf9zb8cy/frame_0022_seg.png'
46:27.923  render           | Saved: '/tmp/tmpyf9zb8cy/frame_0022_rgb.png'
46:28.294  render           | Saved: '/tmp/tmpyf9zb8cy/frame_0023_depth.png'
46:28.295  render           | Saved: '/tmp/tmpyf9zb8cy/frame_0023_seg.png'
46:28.298  render           | Saved: '/tmp/tmpyf9zb8cy/frame_0023_rgb.png'
46:28.670  render           | Saved: '/tmp/tmpyf9zb8cy/frame_0024_depth.png'
46:28.671  render           | Saved: '/tmp/tmpyf9zb8cy/frame_0024_seg.png'
46:28.674  render           | Saved: '/tmp/tmpyf9zb8cy/frame_0024_rgb.png'
46:29.043  render           | Saved: '/tmp/tmpyf9zb8cy/frame_0025_depth.png'
46:29.044  render           | Saved: '/tmp/tmpyf9zb8cy/frame_0025_seg.png'
46:29.046  render           | Saved: '/tmp/tmpyf9zb8cy/frame_0025_rgb.png'
46:29.415  render           | Saved: '/tmp/tmpyf9zb8cy/frame_0026_depth.png'
46:29.416  render           | Saved: '/tmp/tmpyf9zb8cy/frame_0026_seg.png'
46:29.419  render           | Saved: '/tmp/tmpyf9zb8cy/frame_0026_rgb.png'
46:29.788  render           | Saved: '/tmp/tmpyf9zb8cy/frame_0027_seg.png'
46:29.789  render           | Saved: '/tmp/tmpyf9zb8cy/frame_0027_depth.png'
46:29.792  render           | Saved: '/tmp/tmpyf9zb8cy/frame_0027_rgb.png'
46:30.158  render           | Saved: '/tmp/tmpyf9zb8cy/frame_0028_seg.png'
46:30.159  render           | Saved: '/tmp/tmpyf9zb8cy/frame_0028_depth.png'
46:30.162  render           | Saved: '/tmp/tmpyf9zb8cy/frame_0028_rgb.png'
46:30.528  render           | Saved: '/tmp/tmpyf9zb8cy/frame_0029_depth.png'
46:30.529  render           | Saved: '/tmp/tmpyf9zb8cy/frame_0029_seg.png'
46:30.532  render           | Saved: '/tmp/tmpyf9zb8cy/frame_0029_rgb.png'
46:30.897  render           | Saved: '/tmp/tmpyf9zb8cy/frame_0030_depth.png'
46:30.898  render           | Saved: '/tmp/tmpyf9zb8cy/frame_0030_seg.png'
46:30.901  render           | Saved: '/tmp/tmpyf9zb8cy/frame_0030_rgb.png'
46:31.266  render           | Saved: '/tmp/tmpyf9zb8cy/frame_0031_depth.png'
46:31.266  render           | Saved: '/tmp/tmpyf9zb8cy/frame_0031_seg.png'
46:31.269  render           | Saved: '/tmp/tmpyf9zb8cy/frame_0031_rgb.png'
46:31.643  render           | Saved: '/tmp/tmpyf9zb8cy/frame_0032_depth.png'
46:31.644  render           | Saved: '/tmp/tmpyf9zb8cy/frame_0032_seg.png'
46:31.647  render           | Saved: '/tmp/tmpyf9zb8cy/frame_0032_rgb.png'
46:32.013  render           | Saved: '/tmp/tmpyf9zb8cy/frame_0033_depth.png'
46:32.014  render           | Saved: '/tmp/tmpyf9zb8cy/frame_0033_seg.png'
46:32.017  render           | Saved: '/tmp/tmpyf9zb8cy/frame_0033_rgb.png'
46:32.382  render           | Saved: '/tmp/tmpyf9zb8cy/frame_0034_depth.png'
46:32.383  render           | Saved: '/tmp/tmpyf9zb8cy/frame_0034_seg.png'
46:32.386  render           | Saved: '/tmp/tmpyf9zb8cy/frame_0034_rgb.png'
46:32.750  render           | Saved: '/tmp/tmpyf9zb8cy/frame_0035_depth.png'
46:32.751  render           | Saved: '/tmp/tmpyf9zb8cy/frame_0035_seg.png'
46:32.754  render           | Saved: '/tmp/tmpyf9zb8cy/frame_0035_rgb.png'
46:33.137  render           | Saved: '/tmp/tmpyf9zb8cy/frame_0036_seg.png'
46:33.137  render           | Saved: '/tmp/tmpyf9zb8cy/frame_0036_depth.png'
46:33.140  render           | Saved: '/tmp/tmpyf9zb8cy/frame_0036_rgb.png'
46:33.520  render           | Saved: '/tmp/tmpyf9zb8cy/frame_0037_seg.png'
46:33.521  render           | Saved: '/tmp/tmpyf9zb8cy/frame_0037_depth.png'
46:33.524  render           | Saved: '/tmp/tmpyf9zb8cy/frame_0037_rgb.png'
46:33.897  render           | Saved: '/tmp/tmpyf9zb8cy/frame_0038_depth.png'
46:33.898  render           | Saved: '/tmp/tmpyf9zb8cy/frame_0038_seg.png'
46:33.901  render           | Saved: '/tmp/tmpyf9zb8cy/frame_0038_rgb.png'
46:34.277  render           | Saved: '/tmp/tmpyf9zb8cy/frame_0039_depth.png'
46:34.278  render           | Saved: '/tmp/tmpyf9zb8cy/frame_0039_seg.png'
46:34.281  render           | Saved: '/tmp/tmpyf9zb8cy/frame_0039_rgb.png'
46:34.653  render           | Saved: '/tmp/tmpyf9zb8cy/frame_0040_depth.png'
46:34.653  render           | Saved: '/tmp/tmpyf9zb8cy/frame_0040_seg.png'
46:34.656  render           | Saved: '/tmp/tmpyf9zb8cy/frame_0040_rgb.png'
46:35.030  render           | Saved: '/tmp/tmpyf9zb8cy/frame_0041_depth.png'
46:35.031  render           | Saved: '/tmp/tmpyf9zb8cy/frame_0041_seg.png'
46:35.034  render           | Saved: '/tmp/tmpyf9zb8cy/frame_0041_rgb.png'
46:35.409  render           | Saved: '/tmp/tmpyf9zb8cy/frame_0042_depth.png'
46:35.410  render           | Saved: '/tmp/tmpyf9zb8cy/frame_0042_seg.png'
46:35.413  render           | Saved: '/tmp/tmpyf9zb8cy/frame_0042_rgb.png'
46:35.796  render           | Saved: '/tmp/tmpyf9zb8cy/frame_0043_depth.png'
46:35.796  render           | Saved: '/tmp/tmpyf9zb8cy/frame_0043_seg.png'
46:35.799  render           | Saved: '/tmp/tmpyf9zb8cy/frame_0043_rgb.png'
46:36.175  render           | Saved: '/tmp/tmpyf9zb8cy/frame_0044_depth.png'
46:36.176  render           | Saved: '/tmp/tmpyf9zb8cy/frame_0044_seg.png'
46:36.179  render           | Saved: '/tmp/tmpyf9zb8cy/frame_0044_rgb.png'
46:36.567  render           | Saved: '/tmp/tmpyf9zb8cy/frame_0045_seg.png'
46:36.568  render           | Saved: '/tmp/tmpyf9zb8cy/frame_0045_depth.png'
46:36.571  render           | Saved: '/tmp/tmpyf9zb8cy/frame_0045_rgb.png'
46:36.944  render           | Saved: '/tmp/tmpyf9zb8cy/frame_0046_seg.png'
46:36.945  render           | Saved: '/tmp/tmpyf9zb8cy/frame_0046_depth.png'
46:36.948  render           | Saved: '/tmp/tmpyf9zb8cy/frame_0046_rgb.png'
46:37.325  render           | Saved: '/tmp/tmpyf9zb8cy/frame_0047_depth.png'
46:37.326  render           | Saved: '/tmp/tmpyf9zb8cy/frame_0047_seg.png'
46:37.329  render           | Saved: '/tmp/tmpyf9zb8cy/frame_0047_rgb.png'
46:37.722  render           | Saved: '/tmp/tmpyf9zb8cy/frame_0048_depth.png'
46:37.722  render           | Saved: '/tmp/tmpyf9zb8cy/frame_0048_seg.png'
46:37.725  render           | Saved: '/tmp/tmpyf9zb8cy/frame_0048_rgb.png'
46:38.102  render           | Saved: '/tmp/tmpyf9zb8cy/frame_0049_depth.png'
46:38.103  render           | Saved: '/tmp/tmpyf9zb8cy/frame_0049_seg.png'
46:38.106  render           | Saved: '/tmp/tmpyf9zb8cy/frame_0049_rgb.png'
46:38.494  render           | Saved: '/tmp/tmpyf9zb8cy/frame_0050_depth.png'
46:38.495  render           | Saved: '/tmp/tmpyf9zb8cy/frame_0050_seg.png'
46:38.498  render           | Saved: '/tmp/tmpyf9zb8cy/frame_0050_rgb.png'
46:38.886  render           | Saved: '/tmp/tmpyf9zb8cy/frame_0051_depth.png'
46:38.887  render           | Saved: '/tmp/tmpyf9zb8cy/frame_0051_seg.png'
46:38.890  render           | Saved: '/tmp/tmpyf9zb8cy/frame_0051_rgb.png'
46:39.276  render           | Saved: '/tmp/tmpyf9zb8cy/frame_0052_depth.png'
46:39.277  render           | Saved: '/tmp/tmpyf9zb8cy/frame_0052_seg.png'
46:39.281  render           | Saved: '/tmp/tmpyf9zb8cy/frame_0052_rgb.png'
46:39.663  render           | Saved: '/tmp/tmpyf9zb8cy/frame_0053_depth.png'
46:39.664  render           | Saved: '/tmp/tmpyf9zb8cy/frame_0053_seg.png'
46:39.667  render           | Saved: '/tmp/tmpyf9zb8cy/frame_0053_rgb.png'
46:40.050  render           | Saved: '/tmp/tmpyf9zb8cy/frame_0054_seg.png'
46:40.051  render           | Saved: '/tmp/tmpyf9zb8cy/frame_0054_depth.png'
46:40.054  render           | Saved: '/tmp/tmpyf9zb8cy/frame_0054_rgb.png'
46:40.435  render           | Saved: '/tmp/tmpyf9zb8cy/frame_0055_seg.png'
46:40.435  render           | Saved: '/tmp/tmpyf9zb8cy/frame_0055_depth.png'
46:40.439  render           | Saved: '/tmp/tmpyf9zb8cy/frame_0055_rgb.png'
46:40.814  render           | Saved: '/tmp/tmpyf9zb8cy/frame_0056_depth.png'
46:40.815  render           | Saved: '/tmp/tmpyf9zb8cy/frame_0056_seg.png'
46:40.818  render           | Saved: '/tmp/tmpyf9zb8cy/frame_0056_rgb.png'
46:41.202  render           | Saved: '/tmp/tmpyf9zb8cy/frame_0057_depth.png'
46:41.203  render           | Saved: '/tmp/tmpyf9zb8cy/frame_0057_seg.png'
46:41.206  render           | Saved: '/tmp/tmpyf9zb8cy/frame_0057_rgb.png'
46:41.579  render           | Saved: '/tmp/tmpyf9zb8cy/frame_0058_depth.png'
46:41.580  render           | Saved: '/tmp/tmpyf9zb8cy/frame_0058_seg.png'
46:41.583  render           | Saved: '/tmp/tmpyf9zb8cy/frame_0058_rgb.png'
46:41.962  render           | Saved: '/tmp/tmpyf9zb8cy/frame_0059_depth.png'
46:41.963  render           | Saved: '/tmp/tmpyf9zb8cy/frame_0059_seg.png'
46:41.966  render           | Saved: '/tmp/tmpyf9zb8cy/frame_0059_rgb.png'
46:42.342  render           | Saved: '/tmp/tmpyf9zb8cy/frame_0060_depth.png'
46:42.343  render           | Saved: '/tmp/tmpyf9zb8cy/frame_0060_seg.png'
46:42.346  render           | Saved: '/tmp/tmpyf9zb8cy/frame_0060_rgb.png'
46:42.724  render           | Saved: '/tmp/tmpyf9zb8cy/frame_0061_depth.png'
46:42.725  render           | Saved: '/tmp/tmpyf9zb8cy/frame_0061_seg.png'
46:42.728  render           | Saved: '/tmp/tmpyf9zb8cy/frame_0061_rgb.png'
46:43.104  render           | Saved: '/tmp/tmpyf9zb8cy/frame_0062_depth.png'
46:43.105  render           | Saved: '/tmp/tmpyf9zb8cy/frame_0062_seg.png'
46:43.108  render           | Saved: '/tmp/tmpyf9zb8cy/frame_0062_rgb.png'
46:43.485  render           | Saved: '/tmp/tmpyf9zb8cy/frame_0063_seg.png'
46:43.485  render           | Saved: '/tmp/tmpyf9zb8cy/frame_0063_depth.png'
46:43.488  render           | Saved: '/tmp/tmpyf9zb8cy/frame_0063_rgb.png'
46:43.943  render           | Saved: '/tmp/tmpsp4oxmaa/frame_0000_depth.png'
46:43.944  render           | Saved: '/tmp/tmpsp4oxmaa/frame_0000_seg.png'
46:43.947  render           | Saved: '/tmp/tmpsp4oxmaa/frame_0000_rgb.png'
46:44.333  render           | Saved: '/tmp/tmpsp4oxmaa/frame_0001_depth.png'
46:44.334  render           | Saved: '/tmp/tmpsp4oxmaa/frame_0001_seg.png'
46:44.336  render           | Saved: '/tmp/tmpsp4oxmaa/frame_0001_rgb.png'
46:44.717  render           | Saved: '/tmp/tmpsp4oxmaa/frame_0002_depth.png'
46:44.718  render           | Saved: '/tmp/tmpsp4oxmaa/frame_0002_seg.png'
46:44.721  render           | Saved: '/tmp/tmpsp4oxmaa/frame_0002_rgb.png'
46:45.097  render           | Saved: '/tmp/tmpsp4oxmaa/frame_0003_depth.png'
46:45.098  render           | Saved: '/tmp/tmpsp4oxmaa/frame_0003_seg.png'
46:45.101  render           | Saved: '/tmp/tmpsp4oxmaa/frame_0003_rgb.png'
46:45.477  render           | Saved: '/tmp/tmpsp4oxmaa/frame_0004_seg.png'
46:45.478  render           | Saved: '/tmp/tmpsp4oxmaa/frame_0004_depth.png'
46:45.481  render           | Saved: '/tmp/tmpsp4oxmaa/frame_0004_rgb.png'
46:45.865  render           | Saved: '/tmp/tmpsp4oxmaa/frame_0005_seg.png'
46:45.866  render           | Saved: '/tmp/tmpsp4oxmaa/frame_0005_depth.png'
46:45.868  render           | Saved: '/tmp/tmpsp4oxmaa/frame_0005_rgb.png'
46:46.249  render           | Saved: '/tmp/tmpsp4oxmaa/frame_0006_depth.png'
46:46.250  render           | Saved: '/tmp/tmpsp4oxmaa/frame_0006_seg.png'
46:46.253  render           | Saved: '/tmp/tmpsp4oxmaa/frame_0006_rgb.png'
46:46.641  render           | Saved: '/tmp/tmpsp4oxmaa/frame_0007_depth.png'
46:46.642  render           | Saved: '/tmp/tmpsp4oxmaa/frame_0007_seg.png'
46:46.645  render           | Saved: '/tmp/tmpsp4oxmaa/frame_0007_rgb.png'
46:47.031  render           | Saved: '/tmp/tmpsp4oxmaa/frame_0008_depth.png'
46:47.032  render           | Saved: '/tmp/tmpsp4oxmaa/frame_0008_seg.png'
46:47.035  render           | Saved: '/tmp/tmpsp4oxmaa/frame_0008_rgb.png'
46:47.422  render           | Saved: '/tmp/tmpsp4oxmaa/frame_0009_depth.png'
46:47.423  render           | Saved: '/tmp/tmpsp4oxmaa/frame_0009_seg.png'
46:47.426  render           | Saved: '/tmp/tmpsp4oxmaa/frame_0009_rgb.png'
46:47.822  render           | Saved: '/tmp/tmpsp4oxmaa/frame_0010_depth.png'
46:47.823  render           | Saved: '/tmp/tmpsp4oxmaa/frame_0010_seg.png'
46:47.826  render           | Saved: '/tmp/tmpsp4oxmaa/frame_0010_rgb.png'
46:48.215  render           | Saved: '/tmp/tmpsp4oxmaa/frame_0011_depth.png'
46:48.215  render           | Saved: '/tmp/tmpsp4oxmaa/frame_0011_seg.png'
46:48.218  render           | Saved: '/tmp/tmpsp4oxmaa/frame_0011_rgb.png'
46:48.613  render           | Saved: '/tmp/tmpsp4oxmaa/frame_0012_depth.png'
46:48.614  render           | Saved: '/tmp/tmpsp4oxmaa/frame_0012_seg.png'
46:48.616  render           | Saved: '/tmp/tmpsp4oxmaa/frame_0012_rgb.png'
46:49.008  render           | Saved: '/tmp/tmpsp4oxmaa/frame_0013_seg.png'
46:49.009  render           | Saved: '/tmp/tmpsp4oxmaa/frame_0013_depth.png'
46:49.012  render           | Saved: '/tmp/tmpsp4oxmaa/frame_0013_rgb.png'
46:49.394  render           | Saved: '/tmp/tmpsp4oxmaa/frame_0014_seg.png'
46:49.395  render           | Saved: '/tmp/tmpsp4oxmaa/frame_0014_depth.png'
46:49.398  render           | Saved: '/tmp/tmpsp4oxmaa/frame_0014_rgb.png'
46:49.781  render           | Saved: '/tmp/tmpsp4oxmaa/frame_0015_depth.png'
46:49.782  render           | Saved: '/tmp/tmpsp4oxmaa/frame_0015_seg.png'
46:49.785  render           | Saved: '/tmp/tmpsp4oxmaa/frame_0015_rgb.png'
46:50.168  render           | Saved: '/tmp/tmpsp4oxmaa/frame_0016_depth.png'
46:50.169  render           | Saved: '/tmp/tmpsp4oxmaa/frame_0016_seg.png'
46:50.171  render           | Saved: '/tmp/tmpsp4oxmaa/frame_0016_rgb.png'
46:50.553  render           | Saved: '/tmp/tmpsp4oxmaa/frame_0017_depth.png'
46:50.554  render           | Saved: '/tmp/tmpsp4oxmaa/frame_0017_seg.png'
46:50.557  render           | Saved: '/tmp/tmpsp4oxmaa/frame_0017_rgb.png'
46:50.941  render           | Saved: '/tmp/tmpsp4oxmaa/frame_0018_depth.png'
46:50.942  render           | Saved: '/tmp/tmpsp4oxmaa/frame_0018_seg.png'
46:50.945  render           | Saved: '/tmp/tmpsp4oxmaa/frame_0018_rgb.png'
46:51.331  render           | Saved: '/tmp/tmpsp4oxmaa/frame_0019_depth.png'
46:51.332  render           | Saved: '/tmp/tmpsp4oxmaa/frame_0019_seg.png'
46:51.335  render           | Saved: '/tmp/tmpsp4oxmaa/frame_0019_rgb.png'
46:51.724  render           | Saved: '/tmp/tmpsp4oxmaa/frame_0020_depth.png'
46:51.725  render           | Saved: '/tmp/tmpsp4oxmaa/frame_0020_seg.png'
46:51.728  render           | Saved: '/tmp/tmpsp4oxmaa/frame_0020_rgb.png'
46:52.108  render           | Saved: '/tmp/tmpsp4oxmaa/frame_0021_depth.png'
46:52.109  render           | Saved: '/tmp/tmpsp4oxmaa/frame_0021_seg.png'
46:52.112  render           | Saved: '/tmp/tmpsp4oxmaa/frame_0021_rgb.png'
46:52.494  render           | Saved: '/tmp/tmpsp4oxmaa/frame_0022_seg.png'
46:52.494  render           | Saved: '/tmp/tmpsp4oxmaa/frame_0022_depth.png'
46:52.497  render           | Saved: '/tmp/tmpsp4oxmaa/frame_0022_rgb.png'
46:52.879  render           | Saved: '/tmp/tmpsp4oxmaa/frame_0023_seg.png'
46:52.880  render           | Saved: '/tmp/tmpsp4oxmaa/frame_0023_depth.png'
46:52.883  render           | Saved: '/tmp/tmpsp4oxmaa/frame_0023_rgb.png'
46:53.260  render           | Saved: '/tmp/tmpsp4oxmaa/frame_0024_depth.png'
46:53.261  render           | Saved: '/tmp/tmpsp4oxmaa/frame_0024_seg.png'
46:53.264  render           | Saved: '/tmp/tmpsp4oxmaa/frame_0024_rgb.png'
46:53.643  render           | Saved: '/tmp/tmpsp4oxmaa/frame_0025_depth.png'
46:53.644  render           | Saved: '/tmp/tmpsp4oxmaa/frame_0025_seg.png'
46:53.647  render           | Saved: '/tmp/tmpsp4oxmaa/frame_0025_rgb.png'
46:54.025  render           | Saved: '/tmp/tmpsp4oxmaa/frame_0026_depth.png'
46:54.026  render           | Saved: '/tmp/tmpsp4oxmaa/frame_0026_seg.png'
46:54.029  render           | Saved: '/tmp/tmpsp4oxmaa/frame_0026_rgb.png'
46:54.412  render           | Saved: '/tmp/tmpsp4oxmaa/frame_0027_depth.png'
46:54.412  render           | Saved: '/tmp/tmpsp4oxmaa/frame_0027_seg.png'
46:54.415  render           | Saved: '/tmp/tmpsp4oxmaa/frame_0027_rgb.png'
46:54.791  render           | Saved: '/tmp/tmpsp4oxmaa/frame_0028_depth.png'
46:54.792  render           | Saved: '/tmp/tmpsp4oxmaa/frame_0028_seg.png'
46:54.795  render           | Saved: '/tmp/tmpsp4oxmaa/frame_0028_rgb.png'
46:55.172  render           | Saved: '/tmp/tmpsp4oxmaa/frame_0029_depth.png'
46:55.173  render           | Saved: '/tmp/tmpsp4oxmaa/frame_0029_seg.png'
46:55.176  render           | Saved: '/tmp/tmpsp4oxmaa/frame_0029_rgb.png'
46:55.556  render           | Saved: '/tmp/tmpsp4oxmaa/frame_0030_depth.png'
46:55.557  render           | Saved: '/tmp/tmpsp4oxmaa/frame_0030_seg.png'
46:55.560  render           | Saved: '/tmp/tmpsp4oxmaa/frame_0030_rgb.png'
46:55.938  render           | Saved: '/tmp/tmpsp4oxmaa/frame_0031_seg.png'
46:55.939  render           | Saved: '/tmp/tmpsp4oxmaa/frame_0031_depth.png'
46:55.942  render           | Saved: '/tmp/tmpsp4oxmaa/frame_0031_rgb.png'
46:56.319  render           | Saved: '/tmp/tmpsp4oxmaa/frame_0032_seg.png'
46:56.320  render           | Saved: '/tmp/tmpsp4oxmaa/frame_0032_depth.png'
46:56.323  render           | Saved: '/tmp/tmpsp4oxmaa/frame_0032_rgb.png'
46:56.699  render           | Saved: '/tmp/tmpsp4oxmaa/frame_0033_depth.png'
46:56.700  render           | Saved: '/tmp/tmpsp4oxmaa/frame_0033_seg.png'
46:56.703  render           | Saved: '/tmp/tmpsp4oxmaa/frame_0033_rgb.png'
46:57.090  render           | Saved: '/tmp/tmpsp4oxmaa/frame_0034_depth.png'
46:57.091  render           | Saved: '/tmp/tmpsp4oxmaa/frame_0034_seg.png'
46:57.094  render           | Saved: '/tmp/tmpsp4oxmaa/frame_0034_rgb.png'
46:57.475  render           | Saved: '/tmp/tmpsp4oxmaa/frame_0035_depth.png'
46:57.476  render           | Saved: '/tmp/tmpsp4oxmaa/frame_0035_seg.png'
46:57.479  render           | Saved: '/tmp/tmpsp4oxmaa/frame_0035_rgb.png'
46:57.877  render           | Saved: '/tmp/tmpsp4oxmaa/frame_0036_depth.png'
46:57.877  render           | Saved: '/tmp/tmpsp4oxmaa/frame_0036_seg.png'
46:57.880  render           | Saved: '/tmp/tmpsp4oxmaa/frame_0036_rgb.png'
46:58.258  render           | Saved: '/tmp/tmpsp4oxmaa/frame_0037_depth.png'
46:58.258  render           | Saved: '/tmp/tmpsp4oxmaa/frame_0037_seg.png'
46:58.261  render           | Saved: '/tmp/tmpsp4oxmaa/frame_0037_rgb.png'
46:58.637  render           | Saved: '/tmp/tmpsp4oxmaa/frame_0038_depth.png'
46:58.638  render           | Saved: '/tmp/tmpsp4oxmaa/frame_0038_seg.png'
46:58.641  render           | Saved: '/tmp/tmpsp4oxmaa/frame_0038_rgb.png'
46:59.020  render           | Saved: '/tmp/tmpsp4oxmaa/frame_0039_seg.png'
46:59.021  render           | Saved: '/tmp/tmpsp4oxmaa/frame_0039_depth.png'
46:59.027  render           | Saved: '/tmp/tmpsp4oxmaa/frame_0039_rgb.png'
46:59.402  render           | Saved: '/tmp/tmpsp4oxmaa/frame_0040_seg.png'
46:59.403  render           | Saved: '/tmp/tmpsp4oxmaa/frame_0040_depth.png'
46:59.406  render           | Saved: '/tmp/tmpsp4oxmaa/frame_0040_rgb.png'
46:59.781  render           | Saved: '/tmp/tmpsp4oxmaa/frame_0041_seg.png'
46:59.781  render           | Saved: '/tmp/tmpsp4oxmaa/frame_0041_depth.png'
46:59.784  render           | Saved: '/tmp/tmpsp4oxmaa/frame_0041_rgb.png'
47:00.167  render           | Saved: '/tmp/tmpsp4oxmaa/frame_0042_depth.png'
47:00.168  render           | Saved: '/tmp/tmpsp4oxmaa/frame_0042_seg.png'
47:00.171  render           | Saved: '/tmp/tmpsp4oxmaa/frame_0042_rgb.png'
47:00.574  render           | Saved: '/tmp/tmpsp4oxmaa/frame_0043_depth.png'
47:00.575  render           | Saved: '/tmp/tmpsp4oxmaa/frame_0043_seg.png'
47:00.578  render           | Saved: '/tmp/tmpsp4oxmaa/frame_0043_rgb.png'
47:00.959  render           | Saved: '/tmp/tmpsp4oxmaa/frame_0044_depth.png'
47:00.960  render           | Saved: '/tmp/tmpsp4oxmaa/frame_0044_seg.png'
47:00.963  render           | Saved: '/tmp/tmpsp4oxmaa/frame_0044_rgb.png'
47:01.351  render           | Saved: '/tmp/tmpsp4oxmaa/frame_0045_depth.png'
47:01.352  render           | Saved: '/tmp/tmpsp4oxmaa/frame_0045_seg.png'
47:01.355  render           | Saved: '/tmp/tmpsp4oxmaa/frame_0045_rgb.png'
47:01.734  render           | Saved: '/tmp/tmpsp4oxmaa/frame_0046_depth.png'
47:01.735  render           | Saved: '/tmp/tmpsp4oxmaa/frame_0046_seg.png'
47:01.738  render           | Saved: '/tmp/tmpsp4oxmaa/frame_0046_rgb.png'
47:02.117  render           | Saved: '/tmp/tmpsp4oxmaa/frame_0047_depth.png'
47:02.118  render           | Saved: '/tmp/tmpsp4oxmaa/frame_0047_seg.png'
47:02.121  render           | Saved: '/tmp/tmpsp4oxmaa/frame_0047_rgb.png'
47:02.505  render           | Saved: '/tmp/tmpsp4oxmaa/frame_0048_seg.png'
47:02.506  render           | Saved: '/tmp/tmpsp4oxmaa/frame_0048_depth.png'
47:02.509  render           | Saved: '/tmp/tmpsp4oxmaa/frame_0048_rgb.png'
47:02.889  render           | Saved: '/tmp/tmpsp4oxmaa/frame_0049_seg.png'
47:02.890  render           | Saved: '/tmp/tmpsp4oxmaa/frame_0049_depth.png'
47:02.894  render           | Saved: '/tmp/tmpsp4oxmaa/frame_0049_rgb.png'
47:03.276  render           | Saved: '/tmp/tmpsp4oxmaa/frame_0050_seg.png'
47:03.277  render           | Saved: '/tmp/tmpsp4oxmaa/frame_0050_depth.png'
47:03.280  render           | Saved: '/tmp/tmpsp4oxmaa/frame_0050_rgb.png'
47:03.660  render           | Saved: '/tmp/tmpsp4oxmaa/frame_0051_depth.png'
47:03.661  render           | Saved: '/tmp/tmpsp4oxmaa/frame_0051_seg.png'
47:03.664  render           | Saved: '/tmp/tmpsp4oxmaa/frame_0051_rgb.png'
47:04.054  render           | Saved: '/tmp/tmpsp4oxmaa/frame_0052_depth.png'
47:04.055  render           | Saved: '/tmp/tmpsp4oxmaa/frame_0052_seg.png'
47:04.057  render           | Saved: '/tmp/tmpsp4oxmaa/frame_0052_rgb.png'
47:04.444  render           | Saved: '/tmp/tmpsp4oxmaa/frame_0053_depth.png'
47:04.445  render           | Saved: '/tmp/tmpsp4oxmaa/frame_0053_seg.png'
47:04.448  render           | Saved: '/tmp/tmpsp4oxmaa/frame_0053_rgb.png'
47:04.830  render           | Saved: '/tmp/tmpsp4oxmaa/frame_0054_depth.png'
47:04.831  render           | Saved: '/tmp/tmpsp4oxmaa/frame_0054_seg.png'
47:04.834  render           | Saved: '/tmp/tmpsp4oxmaa/frame_0054_rgb.png'
47:05.213  render           | Saved: '/tmp/tmpsp4oxmaa/frame_0055_depth.png'
47:05.213  render           | Saved: '/tmp/tmpsp4oxmaa/frame_0055_seg.png'
47:05.216  render           | Saved: '/tmp/tmpsp4oxmaa/frame_0055_rgb.png'
47:05.596  render           | Saved: '/tmp/tmpsp4oxmaa/frame_0056_depth.png'
47:05.597  render           | Saved: '/tmp/tmpsp4oxmaa/frame_0056_seg.png'
47:05.599  render           | Saved: '/tmp/tmpsp4oxmaa/frame_0056_rgb.png'
47:05.979  render           | Saved: '/tmp/tmpsp4oxmaa/frame_0057_seg.png'
47:05.980  render           | Saved: '/tmp/tmpsp4oxmaa/frame_0057_depth.png'
47:05.983  render           | Saved: '/tmp/tmpsp4oxmaa/frame_0057_rgb.png'
47:06.361  render           | Saved: '/tmp/tmpsp4oxmaa/frame_0058_seg.png'
47:06.361  render           | Saved: '/tmp/tmpsp4oxmaa/frame_0058_depth.png'
47:06.365  render           | Saved: '/tmp/tmpsp4oxmaa/frame_0058_rgb.png'
47:06.749  render           | Saved: '/tmp/tmpsp4oxmaa/frame_0059_depth.png'
47:06.750  render           | Saved: '/tmp/tmpsp4oxmaa/frame_0059_seg.png'
47:06.752  render           | Saved: '/tmp/tmpsp4oxmaa/frame_0059_rgb.png'
47:07.130  render           | Saved: '/tmp/tmpsp4oxmaa/frame_0060_depth.png'
47:07.130  render           | Saved: '/tmp/tmpsp4oxmaa/frame_0060_seg.png'
47:07.133  render           | Saved: '/tmp/tmpsp4oxmaa/frame_0060_rgb.png'
47:07.512  render           | Saved: '/tmp/tmpsp4oxmaa/frame_0061_depth.png'
47:07.513  render           | Saved: '/tmp/tmpsp4oxmaa/frame_0061_seg.png'
47:07.516  render           | Saved: '/tmp/tmpsp4oxmaa/frame_0061_rgb.png'
47:07.893  render           | Saved: '/tmp/tmpsp4oxmaa/frame_0062_depth.png'
47:07.894  render           | Saved: '/tmp/tmpsp4oxmaa/frame_0062_seg.png'
47:07.897  render           | Saved: '/tmp/tmpsp4oxmaa/frame_0062_rgb.png'
47:08.280  render           | Saved: '/tmp/tmpsp4oxmaa/frame_0063_depth.png'
47:08.280  render           | Saved: '/tmp/tmpsp4oxmaa/frame_0063_seg.png'
47:08.283  render           | Saved: '/tmp/tmpsp4oxmaa/frame_0063_rgb.png'
